-- ============================================================
-- 企业级供应链中台系统 - 预置数据脚本
-- 生成时间: 2026-04-24 16:35:50
-- 说明: 基于 scm_schema.sql 生成的丰富测试数据
-- ============================================================

USE scm_platform;

SET FOREIGN_KEY_CHECKS = 0;

-- organization
INSERT INTO organization (id, org_code, org_name, org_type, parent_id, level, path, leader_id, phone, email, address, sort_order, status, created_at, updated_at, created_by, updated_by, deleted_at, version, remark) VALUES
(1, 'GROUP001', '环球供应链集团', 1, 0, 1, '/1/', NULL, '010-88888888', 'group@scm.com', '北京市朝阳区环球中心', 0, 1, '2026-04-24 16:35:50', '2026-04-24 16:35:50', 0, 0, NULL, 1, '集团总部'),
(2, 'COMP001', '华东分公司', 2, 1, 2, '/1/2/', 3, '021-66668888', 'huadong@scm.com', '上海市浦东新区张江高科', 1, 1, '2026-04-24 16:35:50', '2026-04-24 16:35:50', 0, 0, NULL, 1, '华东区域'),
(3, 'COMP002', '华南分公司', 2, 1, 2, '/1/3/', 4, '020-88886666', 'huanan@scm.com', '广州市天河区珠江新城', 2, 1, '2026-04-24 16:35:50', '2026-04-24 16:35:50', 0, 0, NULL, 1, '华南区域'),
(4, 'COMP003', '华北分公司', 2, 1, 2, '/1/4/', 5, '010-66669999', 'huabei@scm.com', '北京市海淀区中关村', 3, 1, '2026-04-24 16:35:50', '2026-04-24 16:35:50', 0, 0, NULL, 1, '华北区域'),
(5, 'DEPT001', '采购部', 3, 2, 3, '/1/2/5/', 6, '021-66668801', 'purchase@scm.com', '上海市浦东新区张江高科A座', 1, 1, '2026-04-24 16:35:50', '2026-04-24 16:35:50', 0, 0, NULL, 1, '负责采购业务'),
(6, 'DEPT002', '销售部', 3, 2, 3, '/1/2/6/', 7, '021-66668802', 'sales@scm.com', '上海市浦东新区张江高科A座', 2, 1, '2026-04-24 16:35:50', '2026-04-24 16:35:50', 0, 0, NULL, 1, '负责销售业务'),
(7, 'DEPT003', '仓储部', 3, 2, 3, '/1/2/7/', 8, '021-66668803', 'warehouse@scm.com', '上海市浦东新区张江高科B座', 3, 1, '2026-04-24 16:35:50', '2026-04-24 16:35:50', 0, 0, NULL, 1, '负责仓储管理'),
(8, 'DEPT004', '物流部', 3, 2, 3, '/1/2/8/', 9, '021-66668804', 'logistics@scm.com', '上海市浦东新区张江高科B座', 4, 1, '2026-04-24 16:35:50', '2026-04-24 16:35:50', 0, 0, NULL, 1, '负责物流配送'),
(9, 'DEPT005', '财务部', 3, 2, 3, '/1/2/9/', 10, '021-66668805', 'finance@scm.com', '上海市浦东新区张江高科A座', 5, 1, '2026-04-24 16:35:50', '2026-04-24 16:35:50', 0, 0, NULL, 1, '负责财务管理'),
(10, 'WH001', '上海中心仓', 4, 3, 3, '/1/2/10/', 8, '021-66668810', 'sh-warehouse@scm.com', '上海市浦东新区物流园1号', 10, 1, '2026-04-24 16:35:50', '2026-04-24 16:35:50', 0, 0, NULL, 1, '华东主仓库');


-- sys_user
INSERT INTO sys_user (id, username, password, real_name, employee_no, org_id, dept_id, phone, email, avatar, gender, status, last_login_time, last_login_ip, created_at, updated_at, created_by, updated_by, deleted_at, version, remark) VALUES
(1, 'admin', 'e10adc3949ba59abbe56e057f20f883e', '系统管理员', 'EMP0001', 1, 1, '18617211755', 'admin@scm.com', NULL, 1, 1, '2026-04-24 16:35:50', NULL, '192.168.1.100', '2026-04-24 16:35:50', '2026-04-24 16:35:50', 0, 0, NULL, 1, '超级管理员'),
(2, 'zhangsan', 'e10adc3949ba59abbe56e057f20f883e', '张三', 'EMP0002', 2, 5, '13802501652', 'zhangsan@scm.com', NULL, 1, 1, '2026-03-27 02:03:11', NULL, '192.168.1.101', '2026-04-24 16:35:50', '2026-04-24 16:35:50', 0, 0, NULL, 1, '华东采购经理'),
(3, 'lisi', 'e10adc3949ba59abbe56e057f20f883e', '李四', 'EMP0003', 2, 6, '13580863193', 'lisi@scm.com', NULL, 1, 1, '2026-04-15 16:29:02', NULL, '192.168.1.102', '2026-04-24 16:35:50', '2026-04-24 16:35:50', 0, 0, NULL, 1, '华东销售经理'),
(4, 'wangwu', 'e10adc3949ba59abbe56e057f20f883e', '王五', 'EMP0004', 2, 7, '15108687593', 'wangwu@scm.com', NULL, 1, 1, '2026-03-28 21:25:24', NULL, '192.168.1.103', '2026-04-24 16:35:50', '2026-04-24 16:35:50', 0, 0, NULL, 1, '仓储主管'),
(5, 'zhaoliu', 'e10adc3949ba59abbe56e057f20f883e', '赵六', 'EMP0005', 3, 5, '13586857022', 'zhaoliu@scm.com', NULL, 2, 1, '2026-04-22 18:06:55', NULL, '192.168.1.104', '2026-04-24 16:35:50', '2026-04-24 16:35:50', 0, 0, NULL, 1, '采购专员'),
(6, 'sunqi', 'e10adc3949ba59abbe56e057f20f883e', '孙七', 'EMP0006', 3, 6, '13783481367', 'sunqi@scm.com', NULL, 1, 1, '2026-04-22 23:00:09', NULL, '192.168.1.105', '2026-04-24 16:35:50', '2026-04-24 16:35:50', 0, 0, NULL, 1, '销售专员'),
(7, 'zhouba', 'e10adc3949ba59abbe56e057f20f883e', '周八', 'EMP0007', 3, 7, '15965242962', 'zhouba@scm.com', NULL, 1, 1, '2026-04-20 18:08:35', NULL, '192.168.1.106', '2026-04-24 16:35:50', '2026-04-24 16:35:50', 0, 0, NULL, 1, '仓库管理员'),
(8, 'wujiu', 'e10adc3949ba59abbe56e057f20f883e', '吴九', 'EMP0008', 3, 5, '18872032298', 'wujiu@scm.com', NULL, 1, 1, '2026-04-09 09:58:16', NULL, '192.168.1.107', '2026-04-24 16:35:50', '2026-04-24 16:35:50', 0, 0, NULL, 1, '采购专员'),
(9, 'zhengshi', 'e10adc3949ba59abbe56e057f20f883e', '郑十', 'EMP0009', 3, 6, '13763942252', 'zhengshi@scm.com', NULL, 2, 1, '2026-04-10 12:03:05', NULL, '192.168.1.108', '2026-04-24 16:35:50', '2026-04-24 16:35:50', 0, 0, NULL, 1, '销售专员'),
(10, 'qianyi', 'e10adc3949ba59abbe56e057f20f883e', '钱一', 'EMP0010', 3, 9, '15183295001', 'qianyi@scm.com', NULL, 1, 1, '2026-04-17 01:50:26', NULL, '192.168.1.109', '2026-04-24 16:35:50', '2026-04-24 16:35:50', 0, 0, NULL, 1, '财务会计'),
(11, 'suner', 'e10adc3949ba59abbe56e057f20f883e', '孙二', 'EMP0011', 3, 8, '13674039598', 'suner@scm.com', NULL, 1, 1, '2026-04-24 13:15:12', NULL, '192.168.1.110', '2026-04-24 16:35:50', '2026-04-24 16:35:50', 0, 0, NULL, 1, '物流专员'),
(12, 'linna', 'e10adc3949ba59abbe56e057f20f883e', '林娜', 'EMP0012', 4, 5, '18676526144', 'linna@scm.com', NULL, 2, 1, '2026-04-20 07:26:06', NULL, '192.168.1.111', '2026-04-24 16:35:50', '2026-04-24 16:35:50', 0, 0, NULL, 1, '采购助理'),
(13, 'huangwu', 'e10adc3949ba59abbe56e057f20f883e', '黄五', 'EMP0013', 4, 7, '18725198266', 'huangwu@scm.com', NULL, 1, 1, '2026-04-24 05:28:05', NULL, '192.168.1.112', '2026-04-24 16:35:50', '2026-04-24 16:35:50', 0, 0, NULL, 1, '仓库操作员'),
(14, 'xuliu', 'e10adc3949ba59abbe56e057f20f883e', '徐六', 'EMP0014', 4, 6, '15075750309', 'xuliu@scm.com', NULL, 1, 1, '2026-04-20 23:01:39', NULL, '192.168.1.113', '2026-04-24 16:35:50', '2026-04-24 16:35:50', 0, 0, NULL, 1, '销售助理'),
(15, 'malan', 'e10adc3949ba59abbe56e057f20f883e', '马兰', 'EMP0015', 3, 9, '13708904077', 'malan@scm.com', NULL, 2, 1, '2026-04-21 13:48:14', NULL, '192.168.1.114', '2026-04-24 16:35:50', '2026-04-24 16:35:50', 0, 0, NULL, 1, '财务主管');


-- sys_role
INSERT INTO sys_role (id, role_code, role_name, role_type, data_scope, status, created_at, updated_at, created_by, updated_by, deleted_at, version, remark) VALUES
(1, 'ROLE_ADMIN', '系统管理员', 1, 1, 1, '2026-04-24 16:35:50', '2026-04-24 16:35:50', 0, 0, NULL, 1, '全部系统权限'),
(2, 'ROLE_PURCHASE_MGR', '采购经理', 2, 3, 1, '2026-04-24 16:35:50', '2026-04-24 16:35:50', 0, 0, NULL, 1, '采购审批与管理权限'),
(3, 'ROLE_PURCHASE', '采购专员', 2, 4, 1, '2026-04-24 16:35:50', '2026-04-24 16:35:50', 0, 0, NULL, 1, '采购执行权限'),
(4, 'ROLE_SALES_MGR', '销售经理', 2, 3, 1, '2026-04-24 16:35:50', '2026-04-24 16:35:50', 0, 0, NULL, 1, '销售审批与管理权限'),
(5, 'ROLE_SALES', '销售专员', 2, 4, 1, '2026-04-24 16:35:50', '2026-04-24 16:35:50', 0, 0, NULL, 1, '销售执行权限'),
(6, 'ROLE_WAREHOUSE', '仓库管理员', 2, 3, 1, '2026-04-24 16:35:50', '2026-04-24 16:35:50', 0, 0, NULL, 1, '仓储作业权限'),
(7, 'ROLE_FINANCE', '财务人员', 2, 2, 1, '2026-04-24 16:35:50', '2026-04-24 16:35:50', 0, 0, NULL, 1, '财务结算权限'),
(8, 'ROLE_QC', '质检员', 2, 3, 1, '2026-04-24 16:35:50', '2026-04-24 16:35:50', 0, 0, NULL, 1, '质检作业权限');


-- user_role
INSERT INTO user_role (id, user_id, role_id, created_at) VALUES
(1, 1, 1, '2026-04-24 16:35:50'),
(2, 2, 1, '2026-04-24 16:35:50'),
(3, 4, 1, '2026-04-24 16:35:50'),
(4, 6, 1, '2026-04-24 16:35:50'),
(5, 3, 1, '2026-04-24 16:35:50'),
(6, 5, 1, '2026-04-24 16:35:50'),
(7, 6, 1, '2026-04-24 16:35:50'),
(8, 3, 1, '2026-04-24 16:35:50'),
(9, 5, 1, '2026-04-24 16:35:50'),
(10, 7, 1, '2026-04-24 16:35:50'),
(11, 6, 1, '2026-04-24 16:35:50'),
(12, 3, 1, '2026-04-24 16:35:50'),
(13, 6, 1, '2026-04-24 16:35:50'),
(14, 5, 1, '2026-04-24 16:35:50'),
(15, 7, 1, '2026-04-24 16:35:50');


-- dict_type
INSERT INTO dict_type (id, dict_name, dict_code, description, status, created_at, updated_at, created_by, updated_by, deleted_at, version, remark) VALUES
(1, '订单状态', 'order_status', '各类订单状态', 1, '2026-04-24 16:35:50', '2026-04-24 16:35:50', 0, 0, NULL, 1, NULL),
(2, '审批状态', 'approval_status', '审批流程状态', 1, '2026-04-24 16:35:50', '2026-04-24 16:35:50', 0, 0, NULL, 1, NULL),
(3, '付款条件', 'payment_terms', '采购付款条件', 1, '2026-04-24 16:35:50', '2026-04-24 16:35:50', 0, 0, NULL, 1, NULL),
(4, '仓库类型', 'warehouse_type', '仓库分类', 1, '2026-04-24 16:35:50', '2026-04-24 16:35:50', 0, 0, NULL, 1, NULL),
(5, '供应商类型', 'supplier_type', '供应商分类', 1, '2026-04-24 16:35:50', '2026-04-24 16:35:50', 0, 0, NULL, 1, NULL),
(6, '客户类型', 'customer_type', '客户分类', 1, '2026-04-24 16:35:50', '2026-04-24 16:35:50', 0, 0, NULL, 1, NULL),
(7, '质检结论', 'qc_result', '质检结果', 1, '2026-04-24 16:35:50', '2026-04-24 16:35:50', 0, 0, NULL, 1, NULL),
(8, '优先级', 'priority', '业务优先级', 1, '2026-04-24 16:35:50', '2026-04-24 16:35:50', 0, 0, NULL, 1, NULL),
(9, '配送方式', 'delivery_type', '物流配送方式', 1, '2026-04-24 16:35:50', '2026-04-24 16:35:50', 0, 0, NULL, 1, NULL),
(10, '承运商类型', 'carrier_type', '承运商分类', 1, '2026-04-24 16:35:50', '2026-04-24 16:35:50', 0, 0, NULL, 1, NULL);


-- dict_data
INSERT INTO dict_data (id, dict_type_id, dict_label, dict_value, sort_order, is_default, status, created_at, updated_at, created_by, updated_by, deleted_at, version, remark) VALUES
(1, 1, '待处理', '1', 1, 0, 1, '2026-04-24 16:35:50', '2026-04-24 16:35:50', 0, 0, NULL, 1, NULL),
(2, 1, '处理中', '2', 2, 0, 1, '2026-04-24 16:35:50', '2026-04-24 16:35:50', 0, 0, NULL, 1, NULL),
(3, 1, '已完成', '3', 3, 0, 1, '2026-04-24 16:35:50', '2026-04-24 16:35:50', 0, 0, NULL, 1, NULL),
(4, 1, '已取消', '0', 4, 0, 1, '2026-04-24 16:35:50', '2026-04-24 16:35:50', 0, 0, NULL, 1, NULL),
(5, 2, '待审批', '0', 1, 1, 1, '2026-04-24 16:35:50', '2026-04-24 16:35:50', 0, 0, NULL, 1, NULL),
(6, 2, '审批中', '1', 2, 0, 1, '2026-04-24 16:35:50', '2026-04-24 16:35:50', 0, 0, NULL, 1, NULL),
(7, 2, '已通过', '2', 3, 0, 1, '2026-04-24 16:35:50', '2026-04-24 16:35:50', 0, 0, NULL, 1, NULL),
(8, 2, '已拒绝', '3', 4, 0, 1, '2026-04-24 16:35:50', '2026-04-24 16:35:50', 0, 0, NULL, 1, NULL),
(9, 3, '预付', '1', 1, 1, 1, '2026-04-24 16:35:50', '2026-04-24 16:35:50', 0, 0, NULL, 1, NULL),
(10, 3, '货到付款', '2', 2, 0, 1, '2026-04-24 16:35:50', '2026-04-24 16:35:50', 0, 0, NULL, 1, NULL),
(11, 3, '月结', '3', 3, 0, 1, '2026-04-24 16:35:50', '2026-04-24 16:35:50', 0, 0, NULL, 1, NULL),
(12, 3, '账期', '4', 4, 0, 1, '2026-04-24 16:35:50', '2026-04-24 16:35:50', 0, 0, NULL, 1, NULL),
(13, 4, '中心仓', '1', 1, 1, 1, '2026-04-24 16:35:50', '2026-04-24 16:35:50', 0, 0, NULL, 1, NULL),
(14, 4, '区域仓', '2', 2, 0, 1, '2026-04-24 16:35:50', '2026-04-24 16:35:50', 0, 0, NULL, 1, NULL),
(15, 4, '前置仓', '3', 3, 0, 1, '2026-04-24 16:35:50', '2026-04-24 16:35:50', 0, 0, NULL, 1, NULL),
(16, 4, '保税仓', '4', 4, 0, 1, '2026-04-24 16:35:50', '2026-04-24 16:35:50', 0, 0, NULL, 1, NULL),
(17, 4, '退货仓', '5', 5, 0, 1, '2026-04-24 16:35:50', '2026-04-24 16:35:50', 0, 0, NULL, 1, NULL),
(18, 5, '制造商', '1', 1, 1, 1, '2026-04-24 16:35:50', '2026-04-24 16:35:50', 0, 0, NULL, 1, NULL),
(19, 5, '经销商', '2', 2, 0, 1, '2026-04-24 16:35:50', '2026-04-24 16:35:50', 0, 0, NULL, 1, NULL),
(20, 5, '代理商', '3', 3, 0, 1, '2026-04-24 16:35:50', '2026-04-24 16:35:50', 0, 0, NULL, 1, NULL),
(21, 5, '物流商', '4', 4, 0, 1, '2026-04-24 16:35:50', '2026-04-24 16:35:50', 0, 0, NULL, 1, NULL),
(22, 6, '企业', '1', 1, 1, 1, '2026-04-24 16:35:50', '2026-04-24 16:35:50', 0, 0, NULL, 1, NULL),
(23, 6, '个人', '2', 2, 0, 1, '2026-04-24 16:35:50', '2026-04-24 16:35:50', 0, 0, NULL, 1, NULL),
(24, 6, '经销商', '3', 3, 0, 1, '2026-04-24 16:35:50', '2026-04-24 16:35:50', 0, 0, NULL, 1, NULL),
(25, 6, '电商', '4', 4, 0, 1, '2026-04-24 16:35:50', '2026-04-24 16:35:50', 0, 0, NULL, 1, NULL),
(26, 7, '待质检', '0', 1, 1, 1, '2026-04-24 16:35:50', '2026-04-24 16:35:50', 0, 0, NULL, 1, NULL),
(27, 7, '全部合格', '1', 2, 0, 1, '2026-04-24 16:35:50', '2026-04-24 16:35:50', 0, 0, NULL, 1, NULL),
(28, 7, '部分合格', '2', 3, 0, 1, '2026-04-24 16:35:50', '2026-04-24 16:35:50', 0, 0, NULL, 1, NULL),
(29, 7, '全部不合格', '3', 4, 0, 1, '2026-04-24 16:35:50', '2026-04-24 16:35:50', 0, 0, NULL, 1, NULL),
(30, 8, '紧急', '1', 1, 0, 1, '2026-04-24 16:35:50', '2026-04-24 16:35:50', 0, 0, NULL, 1, NULL),
(31, 8, '普通', '2', 2, 1, 1, '2026-04-24 16:35:50', '2026-04-24 16:35:50', 0, 0, NULL, 1, NULL),
(32, 8, '低', '3', 3, 0, 1, '2026-04-24 16:35:50', '2026-04-24 16:35:50', 0, 0, NULL, 1, NULL),
(33, 9, '快递', '1', 1, 1, 1, '2026-04-24 16:35:50', '2026-04-24 16:35:50', 0, 0, NULL, 1, NULL),
(34, 9, '物流', '2', 2, 0, 1, '2026-04-24 16:35:50', '2026-04-24 16:35:50', 0, 0, NULL, 1, NULL),
(35, 9, '自提', '3', 3, 0, 1, '2026-04-24 16:35:50', '2026-04-24 16:35:50', 0, 0, NULL, 1, NULL),
(36, 9, '专车', '4', 4, 0, 1, '2026-04-24 16:35:50', '2026-04-24 16:35:50', 0, 0, NULL, 1, NULL),
(37, 10, '快递', '1', 1, 1, 1, '2026-04-24 16:35:50', '2026-04-24 16:35:50', 0, 0, NULL, 1, NULL),
(38, 10, '物流', '2', 2, 0, 1, '2026-04-24 16:35:50', '2026-04-24 16:35:50', 0, 0, NULL, 1, NULL),
(39, 10, '专线', '3', 3, 0, 1, '2026-04-24 16:35:50', '2026-04-24 16:35:50', 0, 0, NULL, 1, NULL),
(40, 10, '冷链', '4', 4, 0, 1, '2026-04-24 16:35:50', '2026-04-24 16:35:50', 0, 0, NULL, 1, NULL),
(41, 10, '同城配送', '5', 5, 0, 1, '2026-04-24 16:35:50', '2026-04-24 16:35:50', 0, 0, NULL, 1, NULL);


-- sys_config
INSERT INTO sys_config (id, config_key, config_value, config_type, description, status, created_at, updated_at, created_by, updated_by, deleted_at, version, remark) VALUES
(1, 'system.name', '环球供应链中台系统', 1, '系统名称', 1, '2026-04-24 16:35:50', '2026-04-24 16:35:50', 0, 0, NULL, 1, NULL),
(2, 'system.logo', '/assets/logo.png', 1, '系统Logo', 1, '2026-04-24 16:35:50', '2026-04-24 16:35:50', 0, 0, NULL, 1, NULL),
(3, 'order.auto_approve', 'false', 4, '订单自动审批', 1, '2026-04-24 16:35:50', '2026-04-24 16:35:50', 0, 0, NULL, 1, NULL),
(4, 'inventory.safety_stock_alert', 'true', 4, '安全库存预警', 1, '2026-04-24 16:35:50', '2026-04-24 16:35:50', 0, 0, NULL, 1, NULL),
(5, 'finance.tax_rate_default', '13', 3, '默认税率(%)', 1, '2026-04-24 16:35:50', '2026-04-24 16:35:50', 0, 0, NULL, 1, NULL),
(6, 'wms.pick_strategy', 'FIFO', 1, '拣货策略', 1, '2026-04-24 16:35:50', '2026-04-24 16:35:50', 0, 0, NULL, 1, NULL),
(7, 'notification.email_template', '{"header":"环球供应链","footer":"如有疑问请联系客服"}', 2, '邮件通知模板', 1, '2026-04-24 16:35:50', '2026-04-24 16:35:50', 0, 0, NULL, 1, NULL),
(8, 'system.session_timeout', '3600', 3, '会话超时(秒)', 1, '2026-04-24 16:35:50', '2026-04-24 16:35:50', 0, 0, NULL, 1, NULL);


-- category
INSERT INTO category (id, category_code, category_name, parent_id, level, path, sort_order, icon, status, created_at, updated_at, created_by, updated_by, deleted_at, version, remark) VALUES
(1, 'CAT001', '电子产品', 0, 1, '/1/', 1, NULL, 1, '2026-04-24 16:35:50', '2026-04-24 16:35:50', 0, 0, NULL, 1, NULL),
(2, 'CAT002', '手机', 1, 2, '/1/2/', 1, NULL, 1, '2026-04-24 16:35:50', '2026-04-24 16:35:50', 0, 0, NULL, 1, NULL),
(3, 'CAT003', '电脑', 1, 2, '/1/3/', 2, NULL, 1, '2026-04-24 16:35:50', '2026-04-24 16:35:50', 0, 0, NULL, 1, NULL),
(4, 'CAT004', '配件', 1, 2, '/1/4/', 3, NULL, 1, '2026-04-24 16:35:50', '2026-04-24 16:35:50', 0, 0, NULL, 1, NULL),
(5, 'CAT005', '食品饮料', 0, 1, '/5/', 2, NULL, 1, '2026-04-24 16:35:50', '2026-04-24 16:35:50', 0, 0, NULL, 1, NULL),
(6, 'CAT006', '休闲食品', 5, 2, '/5/6/', 1, NULL, 1, '2026-04-24 16:35:50', '2026-04-24 16:35:50', 0, 0, NULL, 1, NULL),
(7, 'CAT007', '饮料', 5, 2, '/5/7/', 2, NULL, 1, '2026-04-24 16:35:50', '2026-04-24 16:35:50', 0, 0, NULL, 1, NULL),
(8, 'CAT008', '粮油调味', 5, 2, '/5/8/', 3, NULL, 1, '2026-04-24 16:35:50', '2026-04-24 16:35:50', 0, 0, NULL, 1, NULL),
(9, 'CAT009', '日用百货', 0, 1, '/9/', 3, NULL, 1, '2026-04-24 16:35:50', '2026-04-24 16:35:50', 0, 0, NULL, 1, NULL),
(10, 'CAT010', '洗护用品', 9, 2, '/9/10/', 1, NULL, 1, '2026-04-24 16:35:50', '2026-04-24 16:35:50', 0, 0, NULL, 1, NULL),
(11, 'CAT011', '家居清洁', 9, 2, '/9/11/', 2, NULL, 1, '2026-04-24 16:35:50', '2026-04-24 16:35:50', 0, 0, NULL, 1, NULL),
(12, 'CAT012', '服装鞋帽', 0, 1, '/12/', 4, NULL, 1, '2026-04-24 16:35:50', '2026-04-24 16:35:50', 0, 0, NULL, 1, NULL),
(13, 'CAT013', '男装', 12, 2, '/12/13/', 1, NULL, 1, '2026-04-24 16:35:50', '2026-04-24 16:35:50', 0, 0, NULL, 1, NULL),
(14, 'CAT014', '女装', 12, 2, '/12/14/', 2, NULL, 1, '2026-04-24 16:35:50', '2026-04-24 16:35:50', 0, 0, NULL, 1, NULL),
(15, 'CAT015', '运动户外', 12, 2, '/12/15/', 3, NULL, 1, '2026-04-24 16:35:50', '2026-04-24 16:35:50', 0, 0, NULL, 1, NULL);


-- brand
INSERT INTO brand (id, brand_code, brand_name, brand_name_en, logo_url, website, description, status, created_at, updated_at, created_by, updated_by, deleted_at, version, remark) VALUES
(1, 'BRD001', '华为', 'Huawei', 'https://img.scm.com/brands/huawei.png', 'https://www.huawei.com', '全球领先的ICT基础设施和智能终端提供商', 1, '2026-04-24 16:35:50', '2026-04-24 16:35:50', 0, 0, NULL, 1, NULL),
(2, 'BRD002', '苹果', 'Apple', 'https://img.scm.com/brands/apple.png', 'https://www.apple.com', '全球知名消费电子品牌', 1, '2026-04-24 16:35:50', '2026-04-24 16:35:50', 0, 0, NULL, 1, NULL),
(3, 'BRD003', '小米', 'Xiaomi', 'https://img.scm.com/brands/xiaomi.png', 'https://www.mi.com', '以手机智能硬件和IoT平台为核心的互联网公司', 1, '2026-04-24 16:35:50', '2026-04-24 16:35:50', 0, 0, NULL, 1, NULL),
(4, 'BRD004', '联想', 'Lenovo', 'https://img.scm.com/brands/lenovo.png', 'https://www.lenovo.com', '全球领先ICT科技企业', 1, '2026-04-24 16:35:50', '2026-04-24 16:35:50', 0, 0, NULL, 1, NULL),
(5, 'BRD005', '三只松鼠', 'Three Squirrels', 'https://img.scm.com/brands/sanzhi.png', 'https://www.3songshu.com', '知名互联网休闲食品品牌', 1, '2026-04-24 16:35:50', '2026-04-24 16:35:50', 0, 0, NULL, 1, NULL),
(6, 'BRD006', '可口可乐', 'Coca-Cola', 'https://img.scm.com/brands/cocacola.png', 'https://www.coca-cola.com', '全球最大的饮料公司', 1, '2026-04-24 16:35:50', '2026-04-24 16:35:50', 0, 0, NULL, 1, NULL),
(7, 'BRD007', '宝洁', 'P&G', 'https://img.scm.com/brands/pg.png', 'https://www.pg.com.cn', '全球日用消费品公司巨头', 1, '2026-04-24 16:35:50', '2026-04-24 16:35:50', 0, 0, NULL, 1, NULL),
(8, 'BRD008', '耐克', 'Nike', 'https://img.scm.com/brands/nike.png', 'https://www.nike.com', '全球著名体育运动品牌', 1, '2026-04-24 16:35:50', '2026-04-24 16:35:50', 0, 0, NULL, 1, NULL),
(9, 'BRD009', '优衣库', 'UNIQLO', 'https://img.scm.com/brands/uniqlo.png', 'https://www.uniqlo.com', '全球服饰零售知名品牌', 1, '2026-04-24 16:35:50', '2026-04-24 16:35:50', 0, 0, NULL, 1, NULL),
(10, 'BRD010', '伊利', 'Yili', 'https://img.scm.com/brands/yili.png', 'https://www.yili.com', '中国规模最大产品线最全的乳制品企业', 1, '2026-04-24 16:35:50', '2026-04-24 16:35:50', 0, 0, NULL, 1, NULL);


-- product_spu
INSERT INTO product_spu (id, spu_code, spu_name, category_id, brand_id, unit, weight, volume, barcode, spec_template, description, main_image, images, status, created_at, updated_at, created_by, updated_by, deleted_at, version, remark) VALUES
(1, 'SPU0001', '华为Mate60 Pro智能手机', 2, 1, '件', 0.225, 0.0005, '6901443256789', '["颜色","存储容量"]', '华为旗舰智能手机搭载麒麟9000S芯片支持卫星通话', 'https://img.scm.com/spu/mate60pro.jpg', '["https://img.scm.com/spu/mate60pro-1.jpg","https://img.scm.com/spu/mate60pro-2.jpg"]', 1, '2026-04-24 16:35:50', '2026-04-24 16:35:50', 0, 0, NULL, 1, NULL),
(2, 'SPU0002', 'iPhone 15 Pro Max', 2, 2, '件', 0.221, 0.0004, '1901987654321', '["颜色","存储容量"]', '苹果顶级旗舰手机钛金属边框A17 Pro芯片', 'https://img.scm.com/spu/iphone15pm.jpg', '["https://img.scm.com/spu/iphone15pm-1.jpg"]', 1, '2026-04-24 16:35:50', '2026-04-24 16:35:50', 0, 0, NULL, 1, NULL),
(3, 'SPU0003', '小米14', 2, 3, '件', 0.193, 0.0004, '6912345678901', '["颜色","存储容量"]', '徕卡光学镜头骁龙8 Gen3处理器', 'https://img.scm.com/spu/mi14.jpg', '["https://img.scm.com/spu/mi14-1.jpg"]', 1, '2026-04-24 16:35:50', '2026-04-24 16:35:50', 0, 0, NULL, 1, NULL),
(4, 'SPU0004', '联想拯救者Y9000P', 3, 4, '件', 2.55, 0.012, '6945678901234', '["配置"]', '高性能游戏本第14代英特尔酷睿i9', 'https://img.scm.com/spu/y9000p.jpg', '["https://img.scm.com/spu/y9000p-1.jpg"]', 1, '2026-04-24 16:35:50', '2026-04-24 16:35:50', 0, 0, NULL, 1, NULL),
(5, 'SPU0005', '华为FreeBuds Pro 3', 4, 1, '件', 0.058, 0.0001, '6901443256790', '["颜色"]', '旗舰真无线耳机支持空间音频', 'https://img.scm.com/spu/fbpro3.jpg', '["https://img.scm.com/spu/fbpro3-1.jpg"]', 1, '2026-04-24 16:35:50', '2026-04-24 16:35:50', 0, 0, NULL, 1, NULL),
(6, 'SPU0006', '每日坚果礼盒', 6, 5, '件', 0.5, 0.002, '6956789012345', '["规格"]', '精选全球优质坚果科学配比', 'https://img.scm.com/spu/jianguo.jpg', '["https://img.scm.com/spu/jianguo-1.jpg"]', 1, '2026-04-24 16:35:50', '2026-04-24 16:35:50', 0, 0, NULL, 1, NULL),
(7, 'SPU0007', '可口可乐330ml*24罐', 7, 6, '箱', 8.5, 0.025, '6951234567890', '["口味"]', '经典碳酸饮料整箱装', 'https://img.scm.com/spu/coke.jpg', '["https://img.scm.com/spu/coke-1.jpg"]', 1, '2026-04-24 16:35:50', '2026-04-24 16:35:50', 0, 0, NULL, 1, NULL),
(8, 'SPU0008', '海飞丝去屑洗发水', 10, 7, '件', 0.45, 0.0008, '6952345678901', '["容量"]', '持久去屑止痒清爽控油', 'https://img.scm.com/spu/hfs.jpg', '["https://img.scm.com/spu/hfs-1.jpg"]', 1, '2026-04-24 16:35:50', '2026-04-24 16:35:50', 0, 0, NULL, 1, NULL),
(9, 'SPU0009', '汰渍洗衣液3kg', 11, 7, '件', 3.2, 0.004, '6953456789012', '["香型"]', '深层洁净护色亮彩', 'https://img.scm.com/spu/tz.jpg', '["https://img.scm.com/spu/tz-1.jpg"]', 1, '2026-04-24 16:35:50', '2026-04-24 16:35:50', 0, 0, NULL, 1, NULL),
(10, 'SPU0010', '耐克Air Max运动鞋', 15, 8, '件', 0.85, 0.0035, '6954567890123', '["颜色","尺码"]', '经典气垫缓震舒适透气', 'https://img.scm.com/spu/airmax.jpg', '["https://img.scm.com/spu/airmax-1.jpg"]', 1, '2026-04-24 16:35:50', '2026-04-24 16:35:50', 0, 0, NULL, 1, NULL),
(11, 'SPU0011', '优衣库HEATTECH保暖内衣', 14, 9, '件', 0.18, 0.0003, '6955678901234', '["颜色","尺码"]', '吸湿发热科技轻盈保暖', 'https://img.scm.com/spu/heattech.jpg', '["https://img.scm.com/spu/heattech-1.jpg"]', 1, '2026-04-24 16:35:50', '2026-04-24 16:35:50', 0, 0, NULL, 1, NULL),
(12, 'SPU0012', '伊利纯牛奶250ml*24盒', 7, 10, '箱', 6.5, 0.02, '6956789012345', '["规格"]', '优质乳蛋白营养早餐奶', 'https://img.scm.com/spu/milk.jpg', '["https://img.scm.com/spu/milk-1.jpg"]', 1, '2026-04-24 16:35:50', '2026-04-24 16:35:50', 0, 0, NULL, 1, NULL),
(13, 'SPU0013', '华为MatePad Pro平板', 3, 1, '件', 0.46, 0.001, '6901443256791', '["颜色","存储容量"]', '专业生产力平板鸿蒙系统', 'https://img.scm.com/spu/matepad.jpg', '["https://img.scm.com/spu/matepad-1.jpg"]', 1, '2026-04-24 16:35:50', '2026-04-24 16:35:50', 0, 0, NULL, 1, NULL),
(14, 'SPU0014', '苹果MacBook Pro 16', 3, 2, '件', 2.15, 0.01, '1901987654322', '["配置"]', 'M3 Max芯片专业级性能', 'https://img.scm.com/spu/mbp16.jpg', '["https://img.scm.com/spu/mbp16-1.jpg"]', 1, '2026-04-24 16:35:50', '2026-04-24 16:35:50', 0, 0, NULL, 1, NULL),
(15, 'SPU0015', '男士商务休闲衬衫', 13, 9, '件', 0.25, 0.0005, '6957890123456', '["颜色","尺码"]', '免烫易打理商务通勤', 'https://img.scm.com/spu/shirt.jpg', '["https://img.scm.com/spu/shirt-1.jpg"]', 1, '2026-04-24 16:35:50', '2026-04-24 16:35:50', 0, 0, NULL, 1, NULL),
(16, 'SPU0016', '奥利奥夹心饼干', 6, 5, '件', 0.15, 0.0003, '6958901234567', '["口味"]', '经典黑白配浓郁可可香', 'https://img.scm.com/spu/oreo.jpg', '["https://img.scm.com/spu/oreo-1.jpg"]', 1, '2026-04-24 16:35:50', '2026-04-24 16:35:50', 0, 0, NULL, 1, NULL),
(17, 'SPU0017', '农夫山泉天然水550ml*24瓶', 7, 10, '箱', 12.5, 0.03, '6959012345678', '["规格"]', '源自天然水源地弱碱性水', 'https://img.scm.com/spu/nfsq.jpg', '["https://img.scm.com/spu/nfsq-1.jpg"]', 1, '2026-04-24 16:35:50', '2026-04-24 16:35:50', 0, 0, NULL, 1, NULL),
(18, 'SPU0018', '舒肤佳沐浴露', 10, 7, '件', 0.52, 0.001, '6960123456789', '["香型","容量"]', '温和亲肤抑菌保护', 'https://img.scm.com/spu/sfj.jpg', '["https://img.scm.com/spu/sfj-1.jpg"]', 1, '2026-04-24 16:35:50', '2026-04-24 16:35:50', 0, 0, NULL, 1, NULL),
(19, 'SPU0019', '金龙鱼食用油5L', 8, 5, '件', 4.8, 0.006, '6961234567890', '["种类"]', '非转基因物理压榨', 'https://img.scm.com/spu/jly.jpg', '["https://img.scm.com/spu/jly-1.jpg"]', 1, '2026-04-24 16:35:50', '2026-04-24 16:35:50', 0, 0, NULL, 1, NULL),
(20, 'SPU0020', '李宁运动跑步鞋', 15, 8, '件', 0.72, 0.003, '6962345678901', '["颜色","尺码"]', '轻量化设计缓震回弹', 'https://img.scm.com/spu/lining.jpg', '["https://img.scm.com/spu/lining-1.jpg"]', 1, '2026-04-24 16:35:50', '2026-04-24 16:35:50', 0, 0, NULL, 1, NULL);


-- product_sku
INSERT INTO product_sku (id, sku_code, spu_id, sku_name, sku_specs, barcode, weight, volume, cost_price, sale_price, market_price, status, created_at, updated_at, created_by, updated_by, deleted_at, version, remark) VALUES
(1, 'SKU000101', 1, '华为Mate60 Pro智能手机 雅川青/256GB', '{"颜色":"雅川青","存储容量":"256GB"}', NULL, NULL, NULL, 4341.599999999999, 7236, 8321.4, 1, '2026-04-24 16:35:50', '2026-04-24 16:35:50', 0, 0, NULL, 1, NULL),
(2, 'SKU000102', 1, '华为Mate60 Pro智能手机 雅川青/512GB', '{"颜色":"雅川青","存储容量":"512GB"}', NULL, NULL, NULL, 4325.4, 7209, 8290.349999999999, 1, '2026-04-24 16:35:50', '2026-04-24 16:35:50', 0, 0, NULL, 1, NULL),
(3, 'SKU000103', 1, '华为Mate60 Pro智能手机 雅川青/1TB', '{"颜色":"雅川青","存储容量":"1TB"}', NULL, NULL, NULL, 4358.4, 7264, 8353.599999999999, 1, '2026-04-24 16:35:50', '2026-04-24 16:35:50', 0, 0, NULL, 1, NULL),
(4, 'SKU000104', 1, '华为Mate60 Pro智能手机 南糯紫/256GB', '{"颜色":"南糯紫","存储容量":"256GB"}', NULL, NULL, NULL, 4273.8, 7123, 8191.45, 1, '2026-04-24 16:35:50', '2026-04-24 16:35:50', 0, 0, NULL, 1, NULL),
(5, 'SKU000105', 1, '华为Mate60 Pro智能手机 南糯紫/512GB', '{"颜色":"南糯紫","存储容量":"512GB"}', NULL, NULL, NULL, 4158.599999999999, 6931, 7970.65, 1, '2026-04-24 16:35:50', '2026-04-24 16:35:50', 0, 0, NULL, 1, NULL),
(6, 'SKU000106', 1, '华为Mate60 Pro智能手机 南糯紫/1TB', '{"颜色":"南糯紫","存储容量":"1TB"}', NULL, NULL, NULL, 4320.0, 7200, 8280.0, 1, '2026-04-24 16:35:50', '2026-04-24 16:35:50', 0, 0, NULL, 1, NULL),
(7, 'SKU000107', 1, '华为Mate60 Pro智能手机 白沙银/256GB', '{"颜色":"白沙银","存储容量":"256GB"}', NULL, NULL, NULL, 4157.4, 6929, 7968.349999999999, 1, '2026-04-24 16:35:50', '2026-04-24 16:35:50', 0, 0, NULL, 1, NULL),
(8, 'SKU000108', 1, '华为Mate60 Pro智能手机 白沙银/512GB', '{"颜色":"白沙银","存储容量":"512GB"}', NULL, NULL, NULL, 4297.2, 7162, 8236.3, 1, '2026-04-24 16:35:50', '2026-04-24 16:35:50', 0, 0, NULL, 1, NULL),
(9, 'SKU000109', 1, '华为Mate60 Pro智能手机 白沙银/1TB', '{"颜色":"白沙银","存储容量":"1TB"}', NULL, NULL, NULL, 4305.0, 7175, 8251.25, 1, '2026-04-24 16:35:50', '2026-04-24 16:35:50', 0, 0, NULL, 1, NULL),
(10, 'SKU000110', 1, '华为Mate60 Pro智能手机 雅丹黑/256GB', '{"颜色":"雅丹黑","存储容量":"256GB"}', NULL, NULL, NULL, 4213.8, 7023, 8076.45, 1, '2026-04-24 16:35:50', '2026-04-24 16:35:50', 0, 0, NULL, 1, NULL),
(11, 'SKU000111', 1, '华为Mate60 Pro智能手机 雅丹黑/512GB', '{"颜色":"雅丹黑","存储容量":"512GB"}', NULL, NULL, NULL, 4341.599999999999, 7236, 8321.4, 1, '2026-04-24 16:35:50', '2026-04-24 16:35:50', 0, 0, NULL, 1, NULL),
(12, 'SKU000112', 1, '华为Mate60 Pro智能手机 雅丹黑/1TB', '{"颜色":"雅丹黑","存储容量":"1TB"}', NULL, NULL, NULL, 4363.2, 7272, 8362.8, 1, '2026-04-24 16:35:50', '2026-04-24 16:35:50', 0, 0, NULL, 1, NULL),
(13, 'SKU000201', 2, 'iPhone 15 Pro Max 原色钛金属/256GB', '{"颜色":"原色钛金属","存储容量":"256GB"}', NULL, NULL, NULL, 5958.0, 9930, 11419.5, 1, '2026-04-24 16:35:50', '2026-04-24 16:35:50', 0, 0, NULL, 1, NULL),
(14, 'SKU000202', 2, 'iPhone 15 Pro Max 原色钛金属/512GB', '{"颜色":"原色钛金属","存储容量":"512GB"}', NULL, NULL, NULL, 5997.599999999999, 9996, 11495.4, 1, '2026-04-24 16:35:50', '2026-04-24 16:35:50', 0, 0, NULL, 1, NULL),
(15, 'SKU000203', 2, 'iPhone 15 Pro Max 原色钛金属/1TB', '{"颜色":"原色钛金属","存储容量":"1TB"}', NULL, NULL, NULL, 6024.599999999999, 10041, 11547.15, 1, '2026-04-24 16:35:50', '2026-04-24 16:35:50', 0, 0, NULL, 1, NULL),
(16, 'SKU000204', 2, 'iPhone 15 Pro Max 蓝色钛金属/256GB', '{"颜色":"蓝色钛金属","存储容量":"256GB"}', NULL, NULL, NULL, 6108.0, 10180, 11707.0, 1, '2026-04-24 16:35:50', '2026-04-24 16:35:50', 0, 0, NULL, 1, NULL),
(17, 'SKU000205', 2, 'iPhone 15 Pro Max 蓝色钛金属/512GB', '{"颜色":"蓝色钛金属","存储容量":"512GB"}', NULL, NULL, NULL, 5943.599999999999, 9906, 11391.9, 1, '2026-04-24 16:35:50', '2026-04-24 16:35:50', 0, 0, NULL, 1, NULL),
(18, 'SKU000206', 2, 'iPhone 15 Pro Max 蓝色钛金属/1TB', '{"颜色":"蓝色钛金属","存储容量":"1TB"}', NULL, NULL, NULL, 6087.0, 10145, 11666.75, 1, '2026-04-24 16:35:50', '2026-04-24 16:35:50', 0, 0, NULL, 1, NULL),
(19, 'SKU000207', 2, 'iPhone 15 Pro Max 白色钛金属/256GB', '{"颜色":"白色钛金属","存储容量":"256GB"}', NULL, NULL, NULL, 5940.0, 9900, 11385.0, 1, '2026-04-24 16:35:50', '2026-04-24 16:35:50', 0, 0, NULL, 1, NULL),
(20, 'SKU000208', 2, 'iPhone 15 Pro Max 白色钛金属/512GB', '{"颜色":"白色钛金属","存储容量":"512GB"}', NULL, NULL, NULL, 6153.0, 10255, 11793.249999999998, 1, '2026-04-24 16:35:50', '2026-04-24 16:35:50', 0, 0, NULL, 1, NULL),
(21, 'SKU000209', 2, 'iPhone 15 Pro Max 白色钛金属/1TB', '{"颜色":"白色钛金属","存储容量":"1TB"}', NULL, NULL, NULL, 6030.0, 10050, 11557.5, 1, '2026-04-24 16:35:50', '2026-04-24 16:35:50', 0, 0, NULL, 1, NULL),
(22, 'SKU000210', 2, 'iPhone 15 Pro Max 黑色钛金属/256GB', '{"颜色":"黑色钛金属","存储容量":"256GB"}', NULL, NULL, NULL, 6168.599999999999, 10281, 11823.15, 1, '2026-04-24 16:35:50', '2026-04-24 16:35:50', 0, 0, NULL, 1, NULL),
(23, 'SKU000211', 2, 'iPhone 15 Pro Max 黑色钛金属/512GB', '{"颜色":"黑色钛金属","存储容量":"512GB"}', NULL, NULL, NULL, 6093.599999999999, 10156, 11679.4, 1, '2026-04-24 16:35:50', '2026-04-24 16:35:50', 0, 0, NULL, 1, NULL),
(24, 'SKU000212', 2, 'iPhone 15 Pro Max 黑色钛金属/1TB', '{"颜色":"黑色钛金属","存储容量":"1TB"}', NULL, NULL, NULL, 5996.4, 9994, 11493.099999999999, 1, '2026-04-24 16:35:50', '2026-04-24 16:35:50', 0, 0, NULL, 1, NULL),
(25, 'SKU000301', 3, '小米14 黑色/256GB', '{"颜色":"黑色","存储容量":"256GB"}', NULL, NULL, NULL, 2463.0, 4105, 4720.75, 1, '2026-04-24 16:35:50', '2026-04-24 16:35:50', 0, 0, NULL, 1, NULL),
(26, 'SKU000302', 3, '小米14 黑色/512GB', '{"颜色":"黑色","存储容量":"512GB"}', NULL, NULL, NULL, 2351.4, 3919, 4506.849999999999, 1, '2026-04-24 16:35:50', '2026-04-24 16:35:50', 0, 0, NULL, 1, NULL),
(27, 'SKU000303', 3, '小米14 黑色/1TB', '{"颜色":"黑色","存储容量":"1TB"}', NULL, NULL, NULL, 2512.7999999999997, 4188, 4816.2, 1, '2026-04-24 16:35:50', '2026-04-24 16:35:50', 0, 0, NULL, 1, NULL),
(28, 'SKU000304', 3, '小米14 白色/256GB', '{"颜色":"白色","存储容量":"256GB"}', NULL, NULL, NULL, 2559.0, 4265, 4904.75, 1, '2026-04-24 16:35:50', '2026-04-24 16:35:50', 0, 0, NULL, 1, NULL),
(29, 'SKU000305', 3, '小米14 白色/512GB', '{"颜色":"白色","存储容量":"512GB"}', NULL, NULL, NULL, 2545.2, 4242, 4878.299999999999, 1, '2026-04-24 16:35:50', '2026-04-24 16:35:50', 0, 0, NULL, 1, NULL),
(30, 'SKU000306', 3, '小米14 白色/1TB', '{"颜色":"白色","存储容量":"1TB"}', NULL, NULL, NULL, 2361.6, 3936, 4526.4, 1, '2026-04-24 16:35:50', '2026-04-24 16:35:50', 0, 0, NULL, 1, NULL),
(31, 'SKU000307', 3, '小米14 岩石青/256GB', '{"颜色":"岩石青","存储容量":"256GB"}', NULL, NULL, NULL, 2361.6, 3936, 4526.4, 1, '2026-04-24 16:35:50', '2026-04-24 16:35:50', 0, 0, NULL, 1, NULL),
(32, 'SKU000308', 3, '小米14 岩石青/512GB', '{"颜色":"岩石青","存储容量":"512GB"}', NULL, NULL, NULL, 2446.2, 4077, 4688.549999999999, 1, '2026-04-24 16:35:50', '2026-04-24 16:35:50', 0, 0, NULL, 1, NULL),
(33, 'SKU000309', 3, '小米14 岩石青/1TB', '{"颜色":"岩石青","存储容量":"1TB"}', NULL, NULL, NULL, 2473.7999999999997, 4123, 4741.45, 1, '2026-04-24 16:35:50', '2026-04-24 16:35:50', 0, 0, NULL, 1, NULL),
(34, 'SKU000310', 3, '小米14 雪山粉/256GB', '{"颜色":"雪山粉","存储容量":"256GB"}', NULL, NULL, NULL, 2539.7999999999997, 4233, 4867.95, 1, '2026-04-24 16:35:50', '2026-04-24 16:35:50', 0, 0, NULL, 1, NULL),
(35, 'SKU000311', 3, '小米14 雪山粉/512GB', '{"颜色":"雪山粉","存储容量":"512GB"}', NULL, NULL, NULL, 2542.7999999999997, 4238, 4873.7, 1, '2026-04-24 16:35:50', '2026-04-24 16:35:50', 0, 0, NULL, 1, NULL),
(36, 'SKU000312', 3, '小米14 雪山粉/1TB', '{"颜色":"雪山粉","存储容量":"1TB"}', NULL, NULL, NULL, 2567.4, 4279, 4920.849999999999, 1, '2026-04-24 16:35:50', '2026-04-24 16:35:50', 0, 0, NULL, 1, NULL),
(37, 'SKU000401', 4, '联想拯救者Y9000P i9-14900HX/32G/1T/RTX4090', '{"配置":"i9-14900HX/32G/1T/RTX4090"}', NULL, NULL, NULL, 9001.199999999999, 15002, 17252.3, 1, '2026-04-24 16:35:50', '2026-04-24 16:35:50', 0, 0, NULL, 1, NULL),
(38, 'SKU000402', 4, '联想拯救者Y9000P i9-14900HX/16G/1T/RTX4080', '{"配置":"i9-14900HX/16G/1T/RTX4080"}', NULL, NULL, NULL, 9046.8, 15078, 17339.699999999997, 1, '2026-04-24 16:35:50', '2026-04-24 16:35:50', 0, 0, NULL, 1, NULL),
(39, 'SKU000403', 4, '联想拯救者Y9000P i7-14700HX/16G/512G/RTX4070', '{"配置":"i7-14700HX/16G/512G/RTX4070"}', NULL, NULL, NULL, 9034.199999999999, 15057, 17315.55, 1, '2026-04-24 16:35:50', '2026-04-24 16:35:50', 0, 0, NULL, 1, NULL),
(40, 'SKU000501', 5, '华为FreeBuds Pro 3 冰霜银', '{"颜色":"冰霜银"}', NULL, NULL, NULL, 769.1999999999999, 1282, 1474.3, 1, '2026-04-24 16:35:50', '2026-04-24 16:35:50', 0, 0, NULL, 1, NULL),
(41, 'SKU000502', 5, '华为FreeBuds Pro 3 陶瓷白', '{"颜色":"陶瓷白"}', NULL, NULL, NULL, 857.4, 1429, 1643.35, 1, '2026-04-24 16:35:50', '2026-04-24 16:35:50', 0, 0, NULL, 1, NULL),
(42, 'SKU000601', 6, '每日坚果礼盒 750g礼盒装', '{"规格":"750g礼盒装"}', NULL, NULL, NULL, 63.599999999999994, 106, 121.89999999999999, 1, '2026-04-24 16:35:50', '2026-04-24 16:35:50', 0, 0, NULL, 1, NULL),
(43, 'SKU000602', 6, '每日坚果礼盒 500g家庭装', '{"规格":"500g家庭装"}', NULL, NULL, NULL, 60.599999999999994, 101, 116.14999999999999, 1, '2026-04-24 16:35:50', '2026-04-24 16:35:50', 0, 0, NULL, 1, NULL),
(44, 'SKU000603', 6, '每日坚果礼盒 300g便携装', '{"规格":"300g便携装"}', NULL, NULL, NULL, 57.0, 95, 109.24999999999999, 1, '2026-04-24 16:35:50', '2026-04-24 16:35:50', 0, 0, NULL, 1, NULL),
(45, 'SKU000701', 7, '可口可乐330ml*24罐 原味', '{"口味":"原味"}', NULL, NULL, NULL, 44.4, 74, 85.1, 1, '2026-04-24 16:35:50', '2026-04-24 16:35:50', 0, 0, NULL, 1, NULL),
(46, 'SKU000702', 7, '可口可乐330ml*24罐 零度', '{"口味":"零度"}', NULL, NULL, NULL, 45.6, 76, 87.39999999999999, 1, '2026-04-24 16:35:50', '2026-04-24 16:35:50', 0, 0, NULL, 1, NULL),
(47, 'SKU000703', 7, '可口可乐330ml*24罐 樱桃味', '{"口味":"樱桃味"}', NULL, NULL, NULL, 31.799999999999997, 53, 60.949999999999996, 1, '2026-04-24 16:35:50', '2026-04-24 16:35:50', 0, 0, NULL, 1, NULL),
(48, 'SKU000801', 8, '海飞丝去屑洗发水 200ml', '{"容量":"200ml"}', NULL, NULL, NULL, 39.0, 65, 74.75, 1, '2026-04-24 16:35:50', '2026-04-24 16:35:50', 0, 0, NULL, 1, NULL),
(49, 'SKU000802', 8, '海飞丝去屑洗发水 400ml', '{"容量":"400ml"}', NULL, NULL, NULL, 31.2, 52, 59.8, 1, '2026-04-24 16:35:50', '2026-04-24 16:35:50', 0, 0, NULL, 1, NULL),
(50, 'SKU000803', 8, '海飞丝去屑洗发水 750ml', '{"容量":"750ml"}', NULL, NULL, NULL, 32.4, 54, 62.099999999999994, 1, '2026-04-24 16:35:50', '2026-04-24 16:35:50', 0, 0, NULL, 1, NULL),
(51, 'SKU000901', 9, '汰渍洗衣液3kg 薰衣草', '{"香型":"薰衣草"}', NULL, NULL, NULL, 30.599999999999998, 51, 58.65, 1, '2026-04-24 16:35:50', '2026-04-24 16:35:50', 0, 0, NULL, 1, NULL),
(52, 'SKU000902', 9, '汰渍洗衣液3kg 百合', '{"香型":"百合"}', NULL, NULL, NULL, 32.4, 54, 62.099999999999994, 1, '2026-04-24 16:35:50', '2026-04-24 16:35:50', 0, 0, NULL, 1, NULL),
(53, 'SKU000903', 9, '汰渍洗衣液3kg 清新自然', '{"香型":"清新自然"}', NULL, NULL, NULL, 30.599999999999998, 51, 58.65, 1, '2026-04-24 16:35:50', '2026-04-24 16:35:50', 0, 0, NULL, 1, NULL),
(54, 'SKU001001', 10, '耐克Air Max运动鞋 黑白/40', '{"颜色":"黑白","尺码":"40"}', NULL, NULL, NULL, 540.0, 900, 1035.0, 1, '2026-04-24 16:35:50', '2026-04-24 16:35:50', 0, 0, NULL, 1, NULL),
(55, 'SKU001002', 10, '耐克Air Max运动鞋 黑白/41', '{"颜色":"黑白","尺码":"41"}', NULL, NULL, NULL, 549.6, 916, 1053.3999999999999, 1, '2026-04-24 16:35:50', '2026-04-24 16:35:50', 0, 0, NULL, 1, NULL),
(56, 'SKU001003', 10, '耐克Air Max运动鞋 黑白/42', '{"颜色":"黑白","尺码":"42"}', NULL, NULL, NULL, 537.6, 896, 1030.3999999999999, 1, '2026-04-24 16:35:50', '2026-04-24 16:35:50', 0, 0, NULL, 1, NULL),
(57, 'SKU001004', 10, '耐克Air Max运动鞋 黑白/43', '{"颜色":"黑白","尺码":"43"}', NULL, NULL, NULL, 549.6, 916, 1053.3999999999999, 1, '2026-04-24 16:35:50', '2026-04-24 16:35:50', 0, 0, NULL, 1, NULL),
(58, 'SKU001005', 10, '耐克Air Max运动鞋 黑白/44', '{"颜色":"黑白","尺码":"44"}', NULL, NULL, NULL, 540.6, 901, 1036.1499999999999, 1, '2026-04-24 16:35:50', '2026-04-24 16:35:50', 0, 0, NULL, 1, NULL),
(59, 'SKU001006', 10, '耐克Air Max运动鞋 黑白/45', '{"颜色":"黑白","尺码":"45"}', NULL, NULL, NULL, 556.8, 928, 1067.1999999999998, 1, '2026-04-24 16:35:50', '2026-04-24 16:35:50', 0, 0, NULL, 1, NULL),
(60, 'SKU001007', 10, '耐克Air Max运动鞋 全黑/40', '{"颜色":"全黑","尺码":"40"}', NULL, NULL, NULL, 552.6, 921, 1059.1499999999999, 1, '2026-04-24 16:35:50', '2026-04-24 16:35:50', 0, 0, NULL, 1, NULL),
(61, 'SKU001008', 10, '耐克Air Max运动鞋 全黑/41', '{"颜色":"全黑","尺码":"41"}', NULL, NULL, NULL, 544.1999999999999, 907, 1043.05, 1, '2026-04-24 16:35:50', '2026-04-24 16:35:50', 0, 0, NULL, 1, NULL),
(62, 'SKU001009', 10, '耐克Air Max运动鞋 全黑/42', '{"颜色":"全黑","尺码":"42"}', NULL, NULL, NULL, 547.8, 913, 1049.9499999999998, 1, '2026-04-24 16:35:50', '2026-04-24 16:35:50', 0, 0, NULL, 1, NULL),
(63, 'SKU001010', 10, '耐克Air Max运动鞋 全黑/43', '{"颜色":"全黑","尺码":"43"}', NULL, NULL, NULL, 548.4, 914, 1051.1, 1, '2026-04-24 16:35:50', '2026-04-24 16:35:50', 0, 0, NULL, 1, NULL),
(64, 'SKU001011', 10, '耐克Air Max运动鞋 全黑/44', '{"颜色":"全黑","尺码":"44"}', NULL, NULL, NULL, 549.6, 916, 1053.3999999999999, 1, '2026-04-24 16:35:50', '2026-04-24 16:35:50', 0, 0, NULL, 1, NULL),
(65, 'SKU001012', 10, '耐克Air Max运动鞋 全黑/45', '{"颜色":"全黑","尺码":"45"}', NULL, NULL, NULL, 550.1999999999999, 917, 1054.55, 1, '2026-04-24 16:35:50', '2026-04-24 16:35:50', 0, 0, NULL, 1, NULL),
(66, 'SKU001013', 10, '耐克Air Max运动鞋 白灰/40', '{"颜色":"白灰","尺码":"40"}', NULL, NULL, NULL, 539.4, 899, 1033.85, 1, '2026-04-24 16:35:50', '2026-04-24 16:35:50', 0, 0, NULL, 1, NULL),
(67, 'SKU001014', 10, '耐克Air Max运动鞋 白灰/41', '{"颜色":"白灰","尺码":"41"}', NULL, NULL, NULL, 557.4, 929, 1068.35, 1, '2026-04-24 16:35:50', '2026-04-24 16:35:50', 0, 0, NULL, 1, NULL),
(68, 'SKU001015', 10, '耐克Air Max运动鞋 白灰/42', '{"颜色":"白灰","尺码":"42"}', NULL, NULL, NULL, 544.8, 908, 1044.1999999999998, 1, '2026-04-24 16:35:50', '2026-04-24 16:35:50', 0, 0, NULL, 1, NULL),
(69, 'SKU001016', 10, '耐克Air Max运动鞋 白灰/43', '{"颜色":"白灰","尺码":"43"}', NULL, NULL, NULL, 542.4, 904, 1039.6, 1, '2026-04-24 16:35:50', '2026-04-24 16:35:50', 0, 0, NULL, 1, NULL),
(70, 'SKU001017', 10, '耐克Air Max运动鞋 白灰/44', '{"颜色":"白灰","尺码":"44"}', NULL, NULL, NULL, 557.4, 929, 1068.35, 1, '2026-04-24 16:35:50', '2026-04-24 16:35:50', 0, 0, NULL, 1, NULL),
(71, 'SKU001018', 10, '耐克Air Max运动鞋 白灰/45', '{"颜色":"白灰","尺码":"45"}', NULL, NULL, NULL, 548.4, 914, 1051.1, 1, '2026-04-24 16:35:50', '2026-04-24 16:35:50', 0, 0, NULL, 1, NULL),
(72, 'SKU001101', 11, '优衣库HEATTECH保暖内衣 黑色/M', '{"颜色":"黑色","尺码":"M"}', NULL, NULL, NULL, 57.0, 95, 109.24999999999999, 1, '2026-04-24 16:35:50', '2026-04-24 16:35:50', 0, 0, NULL, 1, NULL),
(73, 'SKU001102', 11, '优衣库HEATTECH保暖内衣 黑色/L', '{"颜色":"黑色","尺码":"L"}', NULL, NULL, NULL, 70.8, 118, 135.7, 1, '2026-04-24 16:35:50', '2026-04-24 16:35:50', 0, 0, NULL, 1, NULL),
(74, 'SKU001103', 11, '优衣库HEATTECH保暖内衣 黑色/XL', '{"颜色":"黑色","尺码":"XL"}', NULL, NULL, NULL, 58.199999999999996, 97, 111.55, 1, '2026-04-24 16:35:50', '2026-04-24 16:35:50', 0, 0, NULL, 1, NULL),
(75, 'SKU001104', 11, '优衣库HEATTECH保暖内衣 黑色/XXL', '{"颜色":"黑色","尺码":"XXL"}', NULL, NULL, NULL, 65.39999999999999, 109, 125.35, 1, '2026-04-24 16:35:50', '2026-04-24 16:35:50', 0, 0, NULL, 1, NULL),
(76, 'SKU001105', 11, '优衣库HEATTECH保暖内衣 灰色/M', '{"颜色":"灰色","尺码":"M"}', NULL, NULL, NULL, 74.39999999999999, 124, 142.6, 1, '2026-04-24 16:35:50', '2026-04-24 16:35:50', 0, 0, NULL, 1, NULL),
(77, 'SKU001106', 11, '优衣库HEATTECH保暖内衣 灰色/L', '{"颜色":"灰色","尺码":"L"}', NULL, NULL, NULL, 62.4, 104, 119.6, 1, '2026-04-24 16:35:50', '2026-04-24 16:35:50', 0, 0, NULL, 1, NULL),
(78, 'SKU001107', 11, '优衣库HEATTECH保暖内衣 灰色/XL', '{"颜色":"灰色","尺码":"XL"}', NULL, NULL, NULL, 62.4, 104, 119.6, 1, '2026-04-24 16:35:50', '2026-04-24 16:35:50', 0, 0, NULL, 1, NULL),
(79, 'SKU001108', 11, '优衣库HEATTECH保暖内衣 灰色/XXL', '{"颜色":"灰色","尺码":"XXL"}', NULL, NULL, NULL, 62.4, 104, 119.6, 1, '2026-04-24 16:35:50', '2026-04-24 16:35:50', 0, 0, NULL, 1, NULL),
(80, 'SKU001109', 11, '优衣库HEATTECH保暖内衣 米色/M', '{"颜色":"米色","尺码":"M"}', NULL, NULL, NULL, 58.199999999999996, 97, 111.55, 1, '2026-04-24 16:35:50', '2026-04-24 16:35:50', 0, 0, NULL, 1, NULL),
(81, 'SKU001110', 11, '优衣库HEATTECH保暖内衣 米色/L', '{"颜色":"米色","尺码":"L"}', NULL, NULL, NULL, 61.199999999999996, 102, 117.3, 1, '2026-04-24 16:35:50', '2026-04-24 16:35:50', 0, 0, NULL, 1, NULL),
(82, 'SKU001111', 11, '优衣库HEATTECH保暖内衣 米色/XL', '{"颜色":"米色","尺码":"XL"}', NULL, NULL, NULL, 70.8, 118, 135.7, 1, '2026-04-24 16:35:50', '2026-04-24 16:35:50', 0, 0, NULL, 1, NULL),
(83, 'SKU001112', 11, '优衣库HEATTECH保暖内衣 米色/XXL', '{"颜色":"米色","尺码":"XXL"}', NULL, NULL, NULL, 75.6, 126, 144.89999999999998, 1, '2026-04-24 16:35:50', '2026-04-24 16:35:50', 0, 0, NULL, 1, NULL),
(84, 'SKU001201', 12, '伊利纯牛奶250ml*24盒 250ml*24盒', '{"规格":"250ml*24盒"}', NULL, NULL, NULL, 40.199999999999996, 67, 77.05, 1, '2026-04-24 16:35:50', '2026-04-24 16:35:50', 0, 0, NULL, 1, NULL),
(85, 'SKU001202', 12, '伊利纯牛奶250ml*24盒 1L*12盒', '{"规格":"1L*12盒"}', NULL, NULL, NULL, 54.0, 90, 103.49999999999999, 1, '2026-04-24 16:35:50', '2026-04-24 16:35:50', 0, 0, NULL, 1, NULL),
(86, 'SKU001301', 13, '华为MatePad Pro平板 曜金黑/256GB', '{"颜色":"曜金黑","存储容量":"256GB"}', NULL, NULL, NULL, 3003.6, 5006, 5756.9, 1, '2026-04-24 16:35:50', '2026-04-24 16:35:50', 0, 0, NULL, 1, NULL),
(87, 'SKU001302', 13, '华为MatePad Pro平板 曜金黑/512GB', '{"颜色":"曜金黑","存储容量":"512GB"}', NULL, NULL, NULL, 3008.4, 5014, 5766.099999999999, 1, '2026-04-24 16:35:50', '2026-04-24 16:35:50', 0, 0, NULL, 1, NULL),
(88, 'SKU001303', 13, '华为MatePad Pro平板 晶钻白/256GB', '{"颜色":"晶钻白","存储容量":"256GB"}', NULL, NULL, NULL, 2994.0, 4990, 5738.5, 1, '2026-04-24 16:35:50', '2026-04-24 16:35:50', 0, 0, NULL, 1, NULL),
(89, 'SKU001304', 13, '华为MatePad Pro平板 晶钻白/512GB', '{"颜色":"晶钻白","存储容量":"512GB"}', NULL, NULL, NULL, 2996.4, 4994, 5743.099999999999, 1, '2026-04-24 16:35:50', '2026-04-24 16:35:50', 0, 0, NULL, 1, NULL),
(90, 'SKU001305', 13, '华为MatePad Pro平板 星河蓝/256GB', '{"颜色":"星河蓝","存储容量":"256GB"}', NULL, NULL, NULL, 2995.2, 4992, 5740.799999999999, 1, '2026-04-24 16:35:50', '2026-04-24 16:35:50', 0, 0, NULL, 1, NULL),
(91, 'SKU001306', 13, '华为MatePad Pro平板 星河蓝/512GB', '{"颜色":"星河蓝","存储容量":"512GB"}', NULL, NULL, NULL, 3005.4, 5009, 5760.349999999999, 1, '2026-04-24 16:35:50', '2026-04-24 16:35:50', 0, 0, NULL, 1, NULL),
(92, 'SKU001401', 14, '苹果MacBook Pro 16 M3 Max 36G 1T', '{"配置":"M3 Max 36G 1T"}', NULL, NULL, NULL, 11997.6, 19996, 22995.399999999998, 1, '2026-04-24 16:35:50', '2026-04-24 16:35:50', 0, 0, NULL, 1, NULL),
(93, 'SKU001402', 14, '苹果MacBook Pro 16 M3 Max 48G 1T', '{"配置":"M3 Max 48G 1T"}', NULL, NULL, NULL, 12000.6, 20001, 23001.149999999998, 1, '2026-04-24 16:35:50', '2026-04-24 16:35:50', 0, 0, NULL, 1, NULL),
(94, 'SKU001403', 14, '苹果MacBook Pro 16 M3 Pro 18G 512G', '{"配置":"M3 Pro 18G 512G"}', NULL, NULL, NULL, 11996.4, 19994, 22993.1, 1, '2026-04-24 16:35:50', '2026-04-24 16:35:50', 0, 0, NULL, 1, NULL),
(95, 'SKU001501', 15, '男士商务休闲衬衫 白色/38', '{"颜色":"白色","尺码":"38"}', NULL, NULL, NULL, 122.39999999999999, 204, 234.6, 1, '2026-04-24 16:35:50', '2026-04-24 16:35:50', 0, 0, NULL, 1, NULL),
(96, 'SKU001502', 15, '男士商务休闲衬衫 白色/39', '{"颜色":"白色","尺码":"39"}', NULL, NULL, NULL, 121.19999999999999, 202, 232.29999999999998, 1, '2026-04-24 16:35:50', '2026-04-24 16:35:50', 0, 0, NULL, 1, NULL),
(97, 'SKU001503', 15, '男士商务休闲衬衫 白色/40', '{"颜色":"白色","尺码":"40"}', NULL, NULL, NULL, 136.2, 227, 261.04999999999995, 1, '2026-04-24 16:35:50', '2026-04-24 16:35:50', 0, 0, NULL, 1, NULL),
(98, 'SKU001504', 15, '男士商务休闲衬衫 白色/41', '{"颜色":"白色","尺码":"41"}', NULL, NULL, NULL, 117.0, 195, 224.24999999999997, 1, '2026-04-24 16:35:50', '2026-04-24 16:35:50', 0, 0, NULL, 1, NULL),
(99, 'SKU001505', 15, '男士商务休闲衬衫 白色/42', '{"颜色":"白色","尺码":"42"}', NULL, NULL, NULL, 127.8, 213, 244.95, 1, '2026-04-24 16:35:50', '2026-04-24 16:35:50', 0, 0, NULL, 1, NULL),
(100, 'SKU001506', 15, '男士商务休闲衬衫 白色/43', '{"颜色":"白色","尺码":"43"}', NULL, NULL, NULL, 137.4, 229, 263.34999999999997, 1, '2026-04-24 16:35:50', '2026-04-24 16:35:50', 0, 0, NULL, 1, NULL),
(101, 'SKU001507', 15, '男士商务休闲衬衫 浅蓝/38', '{"颜色":"浅蓝","尺码":"38"}', NULL, NULL, NULL, 136.2, 227, 261.04999999999995, 1, '2026-04-24 16:35:50', '2026-04-24 16:35:50', 0, 0, NULL, 1, NULL),
(102, 'SKU001508', 15, '男士商务休闲衬衫 浅蓝/39', '{"颜色":"浅蓝","尺码":"39"}', NULL, NULL, NULL, 129.6, 216, 248.39999999999998, 1, '2026-04-24 16:35:50', '2026-04-24 16:35:50', 0, 0, NULL, 1, NULL),
(103, 'SKU001509', 15, '男士商务休闲衬衫 浅蓝/40', '{"颜色":"浅蓝","尺码":"40"}', NULL, NULL, NULL, 126.0, 210, 241.49999999999997, 1, '2026-04-24 16:35:50', '2026-04-24 16:35:50', 0, 0, NULL, 1, NULL),
(104, 'SKU001510', 15, '男士商务休闲衬衫 浅蓝/41', '{"颜色":"浅蓝","尺码":"41"}', NULL, NULL, NULL, 127.19999999999999, 212, 243.79999999999998, 1, '2026-04-24 16:35:50', '2026-04-24 16:35:50', 0, 0, NULL, 1, NULL),
(105, 'SKU001511', 15, '男士商务休闲衬衫 浅蓝/42', '{"颜色":"浅蓝","尺码":"42"}', NULL, NULL, NULL, 133.2, 222, 255.29999999999998, 1, '2026-04-24 16:35:50', '2026-04-24 16:35:50', 0, 0, NULL, 1, NULL),
(106, 'SKU001512', 15, '男士商务休闲衬衫 浅蓝/43', '{"颜色":"浅蓝","尺码":"43"}', NULL, NULL, NULL, 131.4, 219, 251.85, 1, '2026-04-24 16:35:50', '2026-04-24 16:35:50', 0, 0, NULL, 1, NULL),
(107, 'SKU001513', 15, '男士商务休闲衬衫 浅粉/38', '{"颜色":"浅粉","尺码":"38"}', NULL, NULL, NULL, 122.39999999999999, 204, 234.6, 1, '2026-04-24 16:35:50', '2026-04-24 16:35:50', 0, 0, NULL, 1, NULL),
(108, 'SKU001514', 15, '男士商务休闲衬衫 浅粉/39', '{"颜色":"浅粉","尺码":"39"}', NULL, NULL, NULL, 130.79999999999998, 218, 250.7, 1, '2026-04-24 16:35:50', '2026-04-24 16:35:50', 0, 0, NULL, 1, NULL),
(109, 'SKU001515', 15, '男士商务休闲衬衫 浅粉/40', '{"颜色":"浅粉","尺码":"40"}', NULL, NULL, NULL, 114.0, 190, 218.49999999999997, 1, '2026-04-24 16:35:50', '2026-04-24 16:35:50', 0, 0, NULL, 1, NULL),
(110, 'SKU001516', 15, '男士商务休闲衬衫 浅粉/41', '{"颜色":"浅粉","尺码":"41"}', NULL, NULL, NULL, 126.6, 211, 242.64999999999998, 1, '2026-04-24 16:35:50', '2026-04-24 16:35:50', 0, 0, NULL, 1, NULL),
(111, 'SKU001517', 15, '男士商务休闲衬衫 浅粉/42', '{"颜色":"浅粉","尺码":"42"}', NULL, NULL, NULL, 123.6, 206, 236.89999999999998, 1, '2026-04-24 16:35:50', '2026-04-24 16:35:50', 0, 0, NULL, 1, NULL),
(112, 'SKU001518', 15, '男士商务休闲衬衫 浅粉/43', '{"颜色":"浅粉","尺码":"43"}', NULL, NULL, NULL, 122.39999999999999, 204, 234.6, 1, '2026-04-24 16:35:50', '2026-04-24 16:35:50', 0, 0, NULL, 1, NULL),
(113, 'SKU001601', 16, '奥利奥夹心饼干 原味', '{"口味":"原味"}', NULL, NULL, NULL, 10.799999999999999, 18, 20.7, 1, '2026-04-24 16:35:50', '2026-04-24 16:35:50', 0, 0, NULL, 1, NULL),
(114, 'SKU001602', 16, '奥利奥夹心饼干 巧克力味', '{"口味":"巧克力味"}', NULL, NULL, NULL, 1.7999999999999998, 3, 3.4499999999999997, 1, '2026-04-24 16:35:50', '2026-04-24 16:35:50', 0, 0, NULL, 1, NULL),
(115, 'SKU001603', 16, '奥利奥夹心饼干 草莓味', '{"口味":"草莓味"}', NULL, NULL, NULL, 6.0, 10, 11.5, 1, '2026-04-24 16:35:50', '2026-04-24 16:35:50', 0, 0, NULL, 1, NULL),
(116, 'SKU001701', 17, '农夫山泉天然水550ml*24瓶 550ml*24瓶', '{"规格":"550ml*24瓶"}', NULL, NULL, NULL, 28.799999999999997, 48, 55.199999999999996, 1, '2026-04-24 16:35:50', '2026-04-24 16:35:50', 0, 0, NULL, 1, NULL),
(117, 'SKU001702', 17, '农夫山泉天然水550ml*24瓶 1.5L*12瓶', '{"规格":"1.5L*12瓶"}', NULL, NULL, NULL, 25.2, 42, 48.3, 1, '2026-04-24 16:35:50', '2026-04-24 16:35:50', 0, 0, NULL, 1, NULL),
(118, 'SKU001703', 17, '农夫山泉天然水550ml*24瓶 4L*4桶', '{"规格":"4L*4桶"}', NULL, NULL, NULL, 22.8, 38, 43.699999999999996, 1, '2026-04-24 16:35:50', '2026-04-24 16:35:50', 0, 0, NULL, 1, NULL),
(119, 'SKU001801', 18, '舒肤佳沐浴露 纯白清香/400ml', '{"香型":"纯白清香","容量":"400ml"}', NULL, NULL, NULL, 31.2, 52, 59.8, 1, '2026-04-24 16:35:50', '2026-04-24 16:35:50', 0, 0, NULL, 1, NULL),
(120, 'SKU001802', 18, '舒肤佳沐浴露 纯白清香/720ml', '{"香型":"纯白清香","容量":"720ml"}', NULL, NULL, NULL, 28.799999999999997, 48, 55.199999999999996, 1, '2026-04-24 16:35:50', '2026-04-24 16:35:50', 0, 0, NULL, 1, NULL),
(121, 'SKU001803', 18, '舒肤佳沐浴露 纯白清香/1L', '{"香型":"纯白清香","容量":"1L"}', NULL, NULL, NULL, 21.599999999999998, 36, 41.4, 1, '2026-04-24 16:35:50', '2026-04-24 16:35:50', 0, 0, NULL, 1, NULL),
(122, 'SKU001804', 18, '舒肤佳沐浴露 柠檬清新/400ml', '{"香型":"柠檬清新","容量":"400ml"}', NULL, NULL, NULL, 17.4, 29, 33.349999999999994, 1, '2026-04-24 16:35:50', '2026-04-24 16:35:50', 0, 0, NULL, 1, NULL),
(123, 'SKU001805', 18, '舒肤佳沐浴露 柠檬清新/720ml', '{"香型":"柠檬清新","容量":"720ml"}', NULL, NULL, NULL, 12.0, 20, 23.0, 1, '2026-04-24 16:35:50', '2026-04-24 16:35:50', 0, 0, NULL, 1, NULL),
(124, 'SKU001806', 18, '舒肤佳沐浴露 柠檬清新/1L', '{"香型":"柠檬清新","容量":"1L"}', NULL, NULL, NULL, 34.8, 58, 66.69999999999999, 1, '2026-04-24 16:35:50', '2026-04-24 16:35:50', 0, 0, NULL, 1, NULL),
(125, 'SKU001807', 18, '舒肤佳沐浴露 芦荟水润/400ml', '{"香型":"芦荟水润","容量":"400ml"}', NULL, NULL, NULL, 28.799999999999997, 48, 55.199999999999996, 1, '2026-04-24 16:35:50', '2026-04-24 16:35:50', 0, 0, NULL, 1, NULL),
(126, 'SKU001808', 18, '舒肤佳沐浴露 芦荟水润/720ml', '{"香型":"芦荟水润","容量":"720ml"}', NULL, NULL, NULL, 20.4, 34, 39.099999999999994, 1, '2026-04-24 16:35:50', '2026-04-24 16:35:50', 0, 0, NULL, 1, NULL),
(127, 'SKU001809', 18, '舒肤佳沐浴露 芦荟水润/1L', '{"香型":"芦荟水润","容量":"1L"}', NULL, NULL, NULL, 13.2, 22, 25.299999999999997, 1, '2026-04-24 16:35:50', '2026-04-24 16:35:50', 0, 0, NULL, 1, NULL),
(128, 'SKU001901', 19, '金龙鱼食用油5L 玉米油', '{"种类":"玉米油"}', NULL, NULL, NULL, 40.199999999999996, 67, 77.05, 1, '2026-04-24 16:35:50', '2026-04-24 16:35:50', 0, 0, NULL, 1, NULL),
(129, 'SKU001902', 19, '金龙鱼食用油5L 葵花籽油', '{"种类":"葵花籽油"}', NULL, NULL, NULL, 48.0, 80, 92.0, 1, '2026-04-24 16:35:50', '2026-04-24 16:35:50', 0, 0, NULL, 1, NULL),
(130, 'SKU001903', 19, '金龙鱼食用油5L 菜籽油', '{"种类":"菜籽油"}', NULL, NULL, NULL, 52.199999999999996, 87, 100.05, 1, '2026-04-24 16:35:50', '2026-04-24 16:35:50', 0, 0, NULL, 1, NULL),
(131, 'SKU002001', 20, '李宁运动跑步鞋 黑色/40', '{"颜色":"黑色","尺码":"40"}', NULL, NULL, NULL, 255.6, 426, 489.9, 1, '2026-04-24 16:35:50', '2026-04-24 16:35:50', 0, 0, NULL, 1, NULL),
(132, 'SKU002002', 20, '李宁运动跑步鞋 黑色/41', '{"颜色":"黑色","尺码":"41"}', NULL, NULL, NULL, 256.8, 428, 492.2, 1, '2026-04-24 16:35:50', '2026-04-24 16:35:50', 0, 0, NULL, 1, NULL),
(133, 'SKU002003', 20, '李宁运动跑步鞋 黑色/42', '{"颜色":"黑色","尺码":"42"}', NULL, NULL, NULL, 236.39999999999998, 394, 453.09999999999997, 1, '2026-04-24 16:35:50', '2026-04-24 16:35:50', 0, 0, NULL, 1, NULL),
(134, 'SKU002004', 20, '李宁运动跑步鞋 黑色/43', '{"颜色":"黑色","尺码":"43"}', NULL, NULL, NULL, 239.39999999999998, 399, 458.84999999999997, 1, '2026-04-24 16:35:50', '2026-04-24 16:35:50', 0, 0, NULL, 1, NULL),
(135, 'SKU002005', 20, '李宁运动跑步鞋 黑色/44', '{"颜色":"黑色","尺码":"44"}', NULL, NULL, NULL, 251.39999999999998, 419, 481.84999999999997, 1, '2026-04-24 16:35:50', '2026-04-24 16:35:50', 0, 0, NULL, 1, NULL),
(136, 'SKU002006', 20, '李宁运动跑步鞋 白色/40', '{"颜色":"白色","尺码":"40"}', NULL, NULL, NULL, 244.2, 407, 468.04999999999995, 1, '2026-04-24 16:35:50', '2026-04-24 16:35:50', 0, 0, NULL, 1, NULL),
(137, 'SKU002007', 20, '李宁运动跑步鞋 白色/41', '{"颜色":"白色","尺码":"41"}', NULL, NULL, NULL, 243.0, 405, 465.74999999999994, 1, '2026-04-24 16:35:50', '2026-04-24 16:35:50', 0, 0, NULL, 1, NULL),
(138, 'SKU002008', 20, '李宁运动跑步鞋 白色/42', '{"颜色":"白色","尺码":"42"}', NULL, NULL, NULL, 237.6, 396, 455.4, 1, '2026-04-24 16:35:50', '2026-04-24 16:35:50', 0, 0, NULL, 1, NULL),
(139, 'SKU002009', 20, '李宁运动跑步鞋 白色/43', '{"颜色":"白色","尺码":"43"}', NULL, NULL, NULL, 238.79999999999998, 398, 457.7, 1, '2026-04-24 16:35:50', '2026-04-24 16:35:50', 0, 0, NULL, 1, NULL),
(140, 'SKU002010', 20, '李宁运动跑步鞋 白色/44', '{"颜色":"白色","尺码":"44"}', NULL, NULL, NULL, 255.0, 425, 488.74999999999994, 1, '2026-04-24 16:35:50', '2026-04-24 16:35:50', 0, 0, NULL, 1, NULL),
(141, 'SKU002011', 20, '李宁运动跑步鞋 荧光绿/40', '{"颜色":"荧光绿","尺码":"40"}', NULL, NULL, NULL, 244.79999999999998, 408, 469.2, 1, '2026-04-24 16:35:50', '2026-04-24 16:35:50', 0, 0, NULL, 1, NULL),
(142, 'SKU002012', 20, '李宁运动跑步鞋 荧光绿/41', '{"颜色":"荧光绿","尺码":"41"}', NULL, NULL, NULL, 252.0, 420, 482.99999999999994, 1, '2026-04-24 16:35:50', '2026-04-24 16:35:50', 0, 0, NULL, 1, NULL),
(143, 'SKU002013', 20, '李宁运动跑步鞋 荧光绿/42', '{"颜色":"荧光绿","尺码":"42"}', NULL, NULL, NULL, 245.39999999999998, 409, 470.34999999999997, 1, '2026-04-24 16:35:50', '2026-04-24 16:35:50', 0, 0, NULL, 1, NULL),
(144, 'SKU002014', 20, '李宁运动跑步鞋 荧光绿/43', '{"颜色":"荧光绿","尺码":"43"}', NULL, NULL, NULL, 255.0, 425, 488.74999999999994, 1, '2026-04-24 16:35:50', '2026-04-24 16:35:50', 0, 0, NULL, 1, NULL),
(145, 'SKU002015', 20, '李宁运动跑步鞋 荧光绿/44', '{"颜色":"荧光绿","尺码":"44"}', NULL, NULL, NULL, 234.6, 391, 449.65, 1, '2026-04-24 16:35:50', '2026-04-24 16:35:50', 0, 0, NULL, 1, NULL);


-- product_price
INSERT INTO product_price (id, sku_id, price_type, price, min_qty, max_qty, effective_date, expiry_date, status, created_at, updated_at, created_by, updated_by, deleted_at, version, remark) VALUES
(1, 1, 1, 4341.599999999999, 1, NULL, '2026-02-24', '2027-03-10', 1, '2026-04-24 16:35:50', '2026-04-24 16:35:50', 0, 0, NULL, 1, NULL),
(2, 1, 3, 7236, 1, NULL, '2025-12-07', '2026-12-27', 1, '2026-04-24 16:35:50', '2026-04-24 16:35:50', 0, 0, NULL, 1, NULL),
(3, 2, 1, 4325.4, 1, NULL, '2026-02-11', '2026-12-14', 1, '2026-04-24 16:35:50', '2026-04-24 16:35:50', 0, 0, NULL, 1, NULL),
(4, 2, 3, 7209, 1, NULL, '2026-03-13', '2027-04-15', 1, '2026-04-24 16:35:50', '2026-04-24 16:35:50', 0, 0, NULL, 1, NULL),
(5, 3, 1, 4358.4, 1, NULL, '2026-01-13', '2027-01-31', 1, '2026-04-24 16:35:50', '2026-04-24 16:35:50', 0, 0, NULL, 1, NULL),
(6, 3, 3, 7264, 1, NULL, '2026-04-15', '2027-04-05', 1, '2026-04-24 16:35:50', '2026-04-24 16:35:50', 0, 0, NULL, 1, NULL),
(7, 4, 1, 4273.8, 1, NULL, '2026-03-07', '2027-02-13', 1, '2026-04-24 16:35:50', '2026-04-24 16:35:50', 0, 0, NULL, 1, NULL),
(8, 4, 3, 7123, 1, NULL, '2025-11-25', '2026-12-23', 1, '2026-04-24 16:35:50', '2026-04-24 16:35:50', 0, 0, NULL, 1, NULL),
(9, 5, 1, 4158.599999999999, 1, NULL, '2026-01-20', '2026-10-26', 1, '2026-04-24 16:35:50', '2026-04-24 16:35:50', 0, 0, NULL, 1, NULL),
(10, 5, 3, 6931, 1, NULL, '2026-03-25', '2027-03-11', 1, '2026-04-24 16:35:50', '2026-04-24 16:35:50', 0, 0, NULL, 1, NULL),
(11, 6, 1, 4320.0, 1, NULL, '2025-12-21', '2026-10-22', 1, '2026-04-24 16:35:50', '2026-04-24 16:35:50', 0, 0, NULL, 1, NULL),
(12, 6, 3, 7200, 1, NULL, '2025-11-13', '2027-04-20', 1, '2026-04-24 16:35:50', '2026-04-24 16:35:50', 0, 0, NULL, 1, NULL),
(13, 7, 1, 4157.4, 1, NULL, '2025-12-23', '2026-11-07', 1, '2026-04-24 16:35:50', '2026-04-24 16:35:50', 0, 0, NULL, 1, NULL),
(14, 7, 3, 6929, 1, NULL, '2025-11-03', '2027-01-13', 1, '2026-04-24 16:35:50', '2026-04-24 16:35:50', 0, 0, NULL, 1, NULL),
(15, 8, 1, 4297.2, 1, NULL, '2025-12-25', '2026-12-31', 1, '2026-04-24 16:35:50', '2026-04-24 16:35:50', 0, 0, NULL, 1, NULL),
(16, 8, 3, 7162, 1, NULL, '2026-04-15', '2027-02-22', 1, '2026-04-24 16:35:50', '2026-04-24 16:35:50', 0, 0, NULL, 1, NULL),
(17, 9, 1, 4305.0, 1, NULL, '2025-11-28', '2027-04-24', 1, '2026-04-24 16:35:50', '2026-04-24 16:35:50', 0, 0, NULL, 1, NULL),
(18, 9, 3, 7175, 1, NULL, '2026-03-21', '2027-03-17', 1, '2026-04-24 16:35:50', '2026-04-24 16:35:50', 0, 0, NULL, 1, NULL),
(19, 10, 1, 4213.8, 1, NULL, '2026-02-24', '2027-02-02', 1, '2026-04-24 16:35:50', '2026-04-24 16:35:50', 0, 0, NULL, 1, NULL),
(20, 10, 3, 7023, 1, NULL, '2025-12-13', '2026-11-14', 1, '2026-04-24 16:35:50', '2026-04-24 16:35:50', 0, 0, NULL, 1, NULL),
(21, 11, 1, 4341.599999999999, 1, NULL, '2026-02-13', '2027-01-19', 1, '2026-04-24 16:35:50', '2026-04-24 16:35:50', 0, 0, NULL, 1, NULL),
(22, 11, 3, 7236, 1, NULL, '2026-02-11', '2027-02-03', 1, '2026-04-24 16:35:50', '2026-04-24 16:35:50', 0, 0, NULL, 1, NULL),
(23, 12, 1, 4363.2, 1, NULL, '2025-11-08', '2027-04-11', 1, '2026-04-24 16:35:50', '2026-04-24 16:35:50', 0, 0, NULL, 1, NULL),
(24, 12, 3, 7272, 1, NULL, '2026-04-11', '2027-04-04', 1, '2026-04-24 16:35:50', '2026-04-24 16:35:50', 0, 0, NULL, 1, NULL),
(25, 13, 1, 5958.0, 1, NULL, '2026-02-06', '2027-01-15', 1, '2026-04-24 16:35:50', '2026-04-24 16:35:50', 0, 0, NULL, 1, NULL),
(26, 13, 3, 9930, 1, NULL, '2025-11-22', '2026-12-23', 1, '2026-04-24 16:35:50', '2026-04-24 16:35:50', 0, 0, NULL, 1, NULL),
(27, 14, 1, 5997.599999999999, 1, NULL, '2026-03-12', '2027-02-12', 1, '2026-04-24 16:35:50', '2026-04-24 16:35:50', 0, 0, NULL, 1, NULL),
(28, 14, 3, 9996, 1, NULL, '2025-11-30', '2027-02-06', 1, '2026-04-24 16:35:50', '2026-04-24 16:35:50', 0, 0, NULL, 1, NULL),
(29, 15, 1, 6024.599999999999, 1, NULL, '2026-02-21', '2026-12-23', 1, '2026-04-24 16:35:50', '2026-04-24 16:35:50', 0, 0, NULL, 1, NULL),
(30, 15, 3, 10041, 1, NULL, '2025-11-14', '2027-02-11', 1, '2026-04-24 16:35:50', '2026-04-24 16:35:50', 0, 0, NULL, 1, NULL),
(31, 16, 1, 6108.0, 1, NULL, '2025-11-20', '2026-11-02', 1, '2026-04-24 16:35:50', '2026-04-24 16:35:50', 0, 0, NULL, 1, NULL),
(32, 16, 3, 10180, 1, NULL, '2026-04-10', '2027-03-08', 1, '2026-04-24 16:35:50', '2026-04-24 16:35:50', 0, 0, NULL, 1, NULL),
(33, 17, 1, 5943.599999999999, 1, NULL, '2025-11-18', '2026-12-20', 1, '2026-04-24 16:35:50', '2026-04-24 16:35:50', 0, 0, NULL, 1, NULL),
(34, 17, 3, 9906, 1, NULL, '2025-12-07', '2027-02-02', 1, '2026-04-24 16:35:50', '2026-04-24 16:35:50', 0, 0, NULL, 1, NULL),
(35, 18, 1, 6087.0, 1, NULL, '2025-12-19', '2027-01-31', 1, '2026-04-24 16:35:50', '2026-04-24 16:35:50', 0, 0, NULL, 1, NULL),
(36, 18, 3, 10145, 1, NULL, '2025-11-10', '2026-12-02', 1, '2026-04-24 16:35:50', '2026-04-24 16:35:50', 0, 0, NULL, 1, NULL),
(37, 19, 1, 5940.0, 1, NULL, '2026-02-02', '2026-12-27', 1, '2026-04-24 16:35:50', '2026-04-24 16:35:50', 0, 0, NULL, 1, NULL),
(38, 19, 3, 9900, 1, NULL, '2026-02-19', '2027-01-02', 1, '2026-04-24 16:35:50', '2026-04-24 16:35:50', 0, 0, NULL, 1, NULL),
(39, 20, 1, 6153.0, 1, NULL, '2026-03-17', '2027-04-08', 1, '2026-04-24 16:35:50', '2026-04-24 16:35:50', 0, 0, NULL, 1, NULL),
(40, 20, 3, 10255, 1, NULL, '2026-02-27', '2026-11-29', 1, '2026-04-24 16:35:50', '2026-04-24 16:35:50', 0, 0, NULL, 1, NULL),
(41, 21, 1, 6030.0, 1, NULL, '2025-12-20', '2026-11-04', 1, '2026-04-24 16:35:50', '2026-04-24 16:35:50', 0, 0, NULL, 1, NULL),
(42, 21, 3, 10050, 1, NULL, '2026-03-23', '2027-03-08', 1, '2026-04-24 16:35:50', '2026-04-24 16:35:50', 0, 0, NULL, 1, NULL),
(43, 22, 1, 6168.599999999999, 1, NULL, '2026-01-14', '2026-11-04', 1, '2026-04-24 16:35:50', '2026-04-24 16:35:50', 0, 0, NULL, 1, NULL),
(44, 22, 3, 10281, 1, NULL, '2025-11-07', '2027-03-19', 1, '2026-04-24 16:35:50', '2026-04-24 16:35:50', 0, 0, NULL, 1, NULL),
(45, 23, 1, 6093.599999999999, 1, NULL, '2026-03-10', '2026-11-30', 1, '2026-04-24 16:35:50', '2026-04-24 16:35:50', 0, 0, NULL, 1, NULL),
(46, 23, 3, 10156, 1, NULL, '2025-11-09', '2027-02-28', 1, '2026-04-24 16:35:50', '2026-04-24 16:35:50', 0, 0, NULL, 1, NULL),
(47, 24, 1, 5996.4, 1, NULL, '2025-11-12', '2027-03-22', 1, '2026-04-24 16:35:50', '2026-04-24 16:35:50', 0, 0, NULL, 1, NULL),
(48, 24, 3, 9994, 1, NULL, '2025-11-12', '2027-04-11', 1, '2026-04-24 16:35:50', '2026-04-24 16:35:50', 0, 0, NULL, 1, NULL),
(49, 25, 1, 2463.0, 1, NULL, '2025-11-25', '2027-03-15', 1, '2026-04-24 16:35:50', '2026-04-24 16:35:50', 0, 0, NULL, 1, NULL),
(50, 25, 3, 4105, 1, NULL, '2025-12-28', '2027-03-18', 1, '2026-04-24 16:35:50', '2026-04-24 16:35:50', 0, 0, NULL, 1, NULL),
(51, 26, 1, 2351.4, 1, NULL, '2026-04-02', '2026-11-10', 1, '2026-04-24 16:35:50', '2026-04-24 16:35:50', 0, 0, NULL, 1, NULL),
(52, 26, 3, 3919, 1, NULL, '2026-02-10', '2027-04-07', 1, '2026-04-24 16:35:50', '2026-04-24 16:35:50', 0, 0, NULL, 1, NULL),
(53, 27, 1, 2512.7999999999997, 1, NULL, '2026-03-08', '2027-01-09', 1, '2026-04-24 16:35:50', '2026-04-24 16:35:50', 0, 0, NULL, 1, NULL),
(54, 27, 3, 4188, 1, NULL, '2025-12-31', '2026-12-12', 1, '2026-04-24 16:35:50', '2026-04-24 16:35:50', 0, 0, NULL, 1, NULL),
(55, 28, 1, 2559.0, 1, NULL, '2026-01-14', '2026-12-21', 1, '2026-04-24 16:35:50', '2026-04-24 16:35:50', 0, 0, NULL, 1, NULL),
(56, 28, 3, 4265, 1, NULL, '2026-01-01', '2027-01-30', 1, '2026-04-24 16:35:50', '2026-04-24 16:35:50', 0, 0, NULL, 1, NULL),
(57, 29, 1, 2545.2, 1, NULL, '2026-04-09', '2027-01-05', 1, '2026-04-24 16:35:50', '2026-04-24 16:35:50', 0, 0, NULL, 1, NULL),
(58, 29, 3, 4242, 1, NULL, '2026-02-20', '2027-01-09', 1, '2026-04-24 16:35:50', '2026-04-24 16:35:50', 0, 0, NULL, 1, NULL),
(59, 30, 1, 2361.6, 1, NULL, '2025-10-28', '2027-02-15', 1, '2026-04-24 16:35:50', '2026-04-24 16:35:50', 0, 0, NULL, 1, NULL),
(60, 30, 3, 3936, 1, NULL, '2026-04-03', '2027-03-14', 1, '2026-04-24 16:35:50', '2026-04-24 16:35:50', 0, 0, NULL, 1, NULL),
(61, 31, 1, 2361.6, 1, NULL, '2026-03-12', '2026-12-14', 1, '2026-04-24 16:35:50', '2026-04-24 16:35:50', 0, 0, NULL, 1, NULL),
(62, 31, 3, 3936, 1, NULL, '2026-03-04', '2026-12-27', 1, '2026-04-24 16:35:50', '2026-04-24 16:35:50', 0, 0, NULL, 1, NULL),
(63, 32, 1, 2446.2, 1, NULL, '2025-11-12', '2026-12-22', 1, '2026-04-24 16:35:50', '2026-04-24 16:35:50', 0, 0, NULL, 1, NULL),
(64, 32, 3, 4077, 1, NULL, '2026-01-28', '2027-01-01', 1, '2026-04-24 16:35:50', '2026-04-24 16:35:50', 0, 0, NULL, 1, NULL),
(65, 33, 1, 2473.7999999999997, 1, NULL, '2026-03-14', '2027-04-19', 1, '2026-04-24 16:35:50', '2026-04-24 16:35:50', 0, 0, NULL, 1, NULL),
(66, 33, 3, 4123, 1, NULL, '2026-01-11', '2027-03-26', 1, '2026-04-24 16:35:50', '2026-04-24 16:35:50', 0, 0, NULL, 1, NULL),
(67, 34, 1, 2539.7999999999997, 1, NULL, '2026-03-10', '2026-10-23', 1, '2026-04-24 16:35:50', '2026-04-24 16:35:50', 0, 0, NULL, 1, NULL),
(68, 34, 3, 4233, 1, NULL, '2026-04-14', '2027-03-11', 1, '2026-04-24 16:35:50', '2026-04-24 16:35:50', 0, 0, NULL, 1, NULL),
(69, 35, 1, 2542.7999999999997, 1, NULL, '2025-11-21', '2026-11-24', 1, '2026-04-24 16:35:50', '2026-04-24 16:35:50', 0, 0, NULL, 1, NULL),
(70, 35, 3, 4238, 1, NULL, '2026-01-01', '2026-11-19', 1, '2026-04-24 16:35:50', '2026-04-24 16:35:50', 0, 0, NULL, 1, NULL),
(71, 36, 1, 2567.4, 1, NULL, '2026-03-16', '2026-11-29', 1, '2026-04-24 16:35:50', '2026-04-24 16:35:50', 0, 0, NULL, 1, NULL),
(72, 36, 3, 4279, 1, NULL, '2026-01-03', '2027-01-01', 1, '2026-04-24 16:35:50', '2026-04-24 16:35:50', 0, 0, NULL, 1, NULL),
(73, 37, 1, 9001.199999999999, 1, NULL, '2026-01-21', '2026-12-12', 1, '2026-04-24 16:35:50', '2026-04-24 16:35:50', 0, 0, NULL, 1, NULL),
(74, 37, 3, 15002, 1, NULL, '2026-04-19', '2027-04-01', 1, '2026-04-24 16:35:50', '2026-04-24 16:35:50', 0, 0, NULL, 1, NULL),
(75, 38, 1, 9046.8, 1, NULL, '2026-02-28', '2026-12-24', 1, '2026-04-24 16:35:50', '2026-04-24 16:35:50', 0, 0, NULL, 1, NULL),
(76, 38, 3, 15078, 1, NULL, '2025-11-08', '2026-11-13', 1, '2026-04-24 16:35:50', '2026-04-24 16:35:50', 0, 0, NULL, 1, NULL),
(77, 39, 1, 9034.199999999999, 1, NULL, '2026-01-04', '2026-11-01', 1, '2026-04-24 16:35:50', '2026-04-24 16:35:50', 0, 0, NULL, 1, NULL),
(78, 39, 3, 15057, 1, NULL, '2025-10-26', '2027-01-14', 1, '2026-04-24 16:35:50', '2026-04-24 16:35:50', 0, 0, NULL, 1, NULL),
(79, 40, 1, 769.1999999999999, 1, NULL, '2026-04-07', '2026-12-27', 1, '2026-04-24 16:35:50', '2026-04-24 16:35:50', 0, 0, NULL, 1, NULL),
(80, 40, 3, 1282, 1, NULL, '2025-12-06', '2027-02-11', 1, '2026-04-24 16:35:50', '2026-04-24 16:35:50', 0, 0, NULL, 1, NULL),
(81, 41, 1, 857.4, 1, NULL, '2026-02-12', '2027-03-13', 1, '2026-04-24 16:35:50', '2026-04-24 16:35:50', 0, 0, NULL, 1, NULL),
(82, 41, 3, 1429, 1, NULL, '2025-10-28', '2026-11-18', 1, '2026-04-24 16:35:50', '2026-04-24 16:35:50', 0, 0, NULL, 1, NULL),
(83, 42, 1, 63.599999999999994, 1, NULL, '2025-12-03', '2027-03-09', 1, '2026-04-24 16:35:50', '2026-04-24 16:35:50', 0, 0, NULL, 1, NULL),
(84, 42, 3, 106, 1, NULL, '2025-11-04', '2027-01-23', 1, '2026-04-24 16:35:50', '2026-04-24 16:35:50', 0, 0, NULL, 1, NULL),
(85, 43, 1, 60.599999999999994, 1, NULL, '2025-12-02', '2027-02-08', 1, '2026-04-24 16:35:50', '2026-04-24 16:35:50', 0, 0, NULL, 1, NULL),
(86, 43, 3, 101, 1, NULL, '2025-11-27', '2026-10-31', 1, '2026-04-24 16:35:50', '2026-04-24 16:35:50', 0, 0, NULL, 1, NULL),
(87, 44, 1, 57.0, 1, NULL, '2025-11-05', '2027-01-20', 1, '2026-04-24 16:35:50', '2026-04-24 16:35:50', 0, 0, NULL, 1, NULL),
(88, 44, 3, 95, 1, NULL, '2025-12-18', '2027-04-13', 1, '2026-04-24 16:35:50', '2026-04-24 16:35:50', 0, 0, NULL, 1, NULL),
(89, 45, 1, 44.4, 1, NULL, '2025-11-21', '2027-01-19', 1, '2026-04-24 16:35:50', '2026-04-24 16:35:50', 0, 0, NULL, 1, NULL),
(90, 45, 3, 74, 1, NULL, '2026-03-18', '2027-02-02', 1, '2026-04-24 16:35:50', '2026-04-24 16:35:50', 0, 0, NULL, 1, NULL),
(91, 46, 1, 45.6, 1, NULL, '2025-12-04', '2026-12-20', 1, '2026-04-24 16:35:50', '2026-04-24 16:35:50', 0, 0, NULL, 1, NULL),
(92, 46, 3, 76, 1, NULL, '2025-12-06', '2026-12-05', 1, '2026-04-24 16:35:50', '2026-04-24 16:35:50', 0, 0, NULL, 1, NULL),
(93, 47, 1, 31.799999999999997, 1, NULL, '2025-12-10', '2027-01-14', 1, '2026-04-24 16:35:50', '2026-04-24 16:35:50', 0, 0, NULL, 1, NULL),
(94, 47, 3, 53, 1, NULL, '2026-02-08', '2027-04-10', 1, '2026-04-24 16:35:50', '2026-04-24 16:35:50', 0, 0, NULL, 1, NULL),
(95, 48, 1, 39.0, 1, NULL, '2025-12-28', '2026-12-28', 1, '2026-04-24 16:35:50', '2026-04-24 16:35:50', 0, 0, NULL, 1, NULL),
(96, 48, 3, 65, 1, NULL, '2025-12-05', '2027-04-18', 1, '2026-04-24 16:35:50', '2026-04-24 16:35:50', 0, 0, NULL, 1, NULL),
(97, 49, 1, 31.2, 1, NULL, '2025-11-04', '2027-02-18', 1, '2026-04-24 16:35:50', '2026-04-24 16:35:50', 0, 0, NULL, 1, NULL),
(98, 49, 3, 52, 1, NULL, '2025-12-21', '2026-12-11', 1, '2026-04-24 16:35:50', '2026-04-24 16:35:50', 0, 0, NULL, 1, NULL),
(99, 50, 1, 32.4, 1, NULL, '2026-01-23', '2027-01-07', 1, '2026-04-24 16:35:50', '2026-04-24 16:35:50', 0, 0, NULL, 1, NULL),
(100, 50, 3, 54, 1, NULL, '2025-12-23', '2026-12-17', 1, '2026-04-24 16:35:50', '2026-04-24 16:35:50', 0, 0, NULL, 1, NULL),
(101, 51, 1, 30.599999999999998, 1, NULL, '2025-12-14', '2027-01-31', 1, '2026-04-24 16:35:50', '2026-04-24 16:35:50', 0, 0, NULL, 1, NULL),
(102, 51, 3, 51, 1, NULL, '2026-01-18', '2026-12-31', 1, '2026-04-24 16:35:50', '2026-04-24 16:35:50', 0, 0, NULL, 1, NULL),
(103, 52, 1, 32.4, 1, NULL, '2026-01-05', '2027-01-18', 1, '2026-04-24 16:35:50', '2026-04-24 16:35:50', 0, 0, NULL, 1, NULL),
(104, 52, 3, 54, 1, NULL, '2026-04-08', '2027-02-28', 1, '2026-04-24 16:35:50', '2026-04-24 16:35:50', 0, 0, NULL, 1, NULL),
(105, 53, 1, 30.599999999999998, 1, NULL, '2026-03-12', '2027-01-13', 1, '2026-04-24 16:35:50', '2026-04-24 16:35:50', 0, 0, NULL, 1, NULL),
(106, 53, 3, 51, 1, NULL, '2025-11-02', '2026-11-19', 1, '2026-04-24 16:35:50', '2026-04-24 16:35:50', 0, 0, NULL, 1, NULL),
(107, 54, 1, 540.0, 1, NULL, '2026-03-23', '2026-12-27', 1, '2026-04-24 16:35:50', '2026-04-24 16:35:50', 0, 0, NULL, 1, NULL),
(108, 54, 3, 900, 1, NULL, '2025-11-04', '2026-11-17', 1, '2026-04-24 16:35:50', '2026-04-24 16:35:50', 0, 0, NULL, 1, NULL),
(109, 55, 1, 549.6, 1, NULL, '2026-01-22', '2027-01-09', 1, '2026-04-24 16:35:50', '2026-04-24 16:35:50', 0, 0, NULL, 1, NULL),
(110, 55, 3, 916, 1, NULL, '2026-02-14', '2027-03-25', 1, '2026-04-24 16:35:50', '2026-04-24 16:35:50', 0, 0, NULL, 1, NULL),
(111, 56, 1, 537.6, 1, NULL, '2026-02-01', '2027-03-17', 1, '2026-04-24 16:35:50', '2026-04-24 16:35:50', 0, 0, NULL, 1, NULL),
(112, 56, 3, 896, 1, NULL, '2025-12-13', '2026-12-25', 1, '2026-04-24 16:35:50', '2026-04-24 16:35:50', 0, 0, NULL, 1, NULL),
(113, 57, 1, 549.6, 1, NULL, '2025-10-26', '2027-03-03', 1, '2026-04-24 16:35:50', '2026-04-24 16:35:50', 0, 0, NULL, 1, NULL),
(114, 57, 3, 916, 1, NULL, '2026-03-12', '2027-04-14', 1, '2026-04-24 16:35:50', '2026-04-24 16:35:50', 0, 0, NULL, 1, NULL),
(115, 58, 1, 540.6, 1, NULL, '2026-01-27', '2027-02-08', 1, '2026-04-24 16:35:50', '2026-04-24 16:35:50', 0, 0, NULL, 1, NULL),
(116, 58, 3, 901, 1, NULL, '2025-11-12', '2027-04-09', 1, '2026-04-24 16:35:50', '2026-04-24 16:35:50', 0, 0, NULL, 1, NULL),
(117, 59, 1, 556.8, 1, NULL, '2026-01-14', '2027-04-08', 1, '2026-04-24 16:35:50', '2026-04-24 16:35:50', 0, 0, NULL, 1, NULL),
(118, 59, 3, 928, 1, NULL, '2025-11-26', '2027-04-23', 1, '2026-04-24 16:35:50', '2026-04-24 16:35:50', 0, 0, NULL, 1, NULL),
(119, 60, 1, 552.6, 1, NULL, '2026-01-13', '2027-04-09', 1, '2026-04-24 16:35:50', '2026-04-24 16:35:50', 0, 0, NULL, 1, NULL),
(120, 60, 3, 921, 1, NULL, '2026-02-07', '2027-01-12', 1, '2026-04-24 16:35:50', '2026-04-24 16:35:50', 0, 0, NULL, 1, NULL),
(121, 61, 1, 544.1999999999999, 1, NULL, '2026-03-16', '2026-11-22', 1, '2026-04-24 16:35:50', '2026-04-24 16:35:50', 0, 0, NULL, 1, NULL),
(122, 61, 3, 907, 1, NULL, '2025-12-14', '2027-02-05', 1, '2026-04-24 16:35:50', '2026-04-24 16:35:50', 0, 0, NULL, 1, NULL),
(123, 62, 1, 547.8, 1, NULL, '2026-04-17', '2026-12-04', 1, '2026-04-24 16:35:50', '2026-04-24 16:35:50', 0, 0, NULL, 1, NULL),
(124, 62, 3, 913, 1, NULL, '2026-04-01', '2027-03-15', 1, '2026-04-24 16:35:50', '2026-04-24 16:35:50', 0, 0, NULL, 1, NULL),
(125, 63, 1, 548.4, 1, NULL, '2026-03-15', '2026-10-21', 1, '2026-04-24 16:35:50', '2026-04-24 16:35:50', 0, 0, NULL, 1, NULL),
(126, 63, 3, 914, 1, NULL, '2026-01-11', '2027-01-02', 1, '2026-04-24 16:35:50', '2026-04-24 16:35:50', 0, 0, NULL, 1, NULL),
(127, 64, 1, 549.6, 1, NULL, '2026-03-23', '2027-03-25', 1, '2026-04-24 16:35:50', '2026-04-24 16:35:50', 0, 0, NULL, 1, NULL),
(128, 64, 3, 916, 1, NULL, '2026-04-11', '2027-01-11', 1, '2026-04-24 16:35:50', '2026-04-24 16:35:50', 0, 0, NULL, 1, NULL),
(129, 65, 1, 550.1999999999999, 1, NULL, '2026-02-16', '2027-04-11', 1, '2026-04-24 16:35:50', '2026-04-24 16:35:50', 0, 0, NULL, 1, NULL),
(130, 65, 3, 917, 1, NULL, '2025-12-19', '2027-02-28', 1, '2026-04-24 16:35:50', '2026-04-24 16:35:50', 0, 0, NULL, 1, NULL),
(131, 66, 1, 539.4, 1, NULL, '2026-04-12', '2026-11-11', 1, '2026-04-24 16:35:50', '2026-04-24 16:35:50', 0, 0, NULL, 1, NULL),
(132, 66, 3, 899, 1, NULL, '2026-01-06', '2027-03-01', 1, '2026-04-24 16:35:50', '2026-04-24 16:35:50', 0, 0, NULL, 1, NULL),
(133, 67, 1, 557.4, 1, NULL, '2026-04-02', '2027-01-14', 1, '2026-04-24 16:35:50', '2026-04-24 16:35:50', 0, 0, NULL, 1, NULL),
(134, 67, 3, 929, 1, NULL, '2025-11-18', '2026-12-20', 1, '2026-04-24 16:35:50', '2026-04-24 16:35:50', 0, 0, NULL, 1, NULL),
(135, 68, 1, 544.8, 1, NULL, '2025-12-22', '2026-12-10', 1, '2026-04-24 16:35:50', '2026-04-24 16:35:50', 0, 0, NULL, 1, NULL),
(136, 68, 3, 908, 1, NULL, '2025-12-02', '2026-10-27', 1, '2026-04-24 16:35:50', '2026-04-24 16:35:50', 0, 0, NULL, 1, NULL),
(137, 69, 1, 542.4, 1, NULL, '2026-02-24', '2027-03-26', 1, '2026-04-24 16:35:50', '2026-04-24 16:35:50', 0, 0, NULL, 1, NULL),
(138, 69, 3, 904, 1, NULL, '2025-11-13', '2027-02-14', 1, '2026-04-24 16:35:50', '2026-04-24 16:35:50', 0, 0, NULL, 1, NULL),
(139, 70, 1, 557.4, 1, NULL, '2026-03-22', '2026-12-09', 1, '2026-04-24 16:35:50', '2026-04-24 16:35:50', 0, 0, NULL, 1, NULL),
(140, 70, 3, 929, 1, NULL, '2026-04-22', '2027-01-27', 1, '2026-04-24 16:35:50', '2026-04-24 16:35:50', 0, 0, NULL, 1, NULL),
(141, 71, 1, 548.4, 1, NULL, '2025-12-27', '2026-11-27', 1, '2026-04-24 16:35:50', '2026-04-24 16:35:50', 0, 0, NULL, 1, NULL),
(142, 71, 3, 914, 1, NULL, '2026-04-11', '2027-04-15', 1, '2026-04-24 16:35:50', '2026-04-24 16:35:50', 0, 0, NULL, 1, NULL),
(143, 72, 1, 57.0, 1, NULL, '2026-02-11', '2026-12-16', 1, '2026-04-24 16:35:50', '2026-04-24 16:35:50', 0, 0, NULL, 1, NULL),
(144, 72, 3, 95, 1, NULL, '2025-12-10', '2027-04-17', 1, '2026-04-24 16:35:50', '2026-04-24 16:35:50', 0, 0, NULL, 1, NULL),
(145, 73, 1, 70.8, 1, NULL, '2025-11-07', '2027-03-12', 1, '2026-04-24 16:35:50', '2026-04-24 16:35:50', 0, 0, NULL, 1, NULL),
(146, 73, 3, 118, 1, NULL, '2025-12-28', '2026-11-21', 1, '2026-04-24 16:35:50', '2026-04-24 16:35:50', 0, 0, NULL, 1, NULL),
(147, 74, 1, 58.199999999999996, 1, NULL, '2026-02-21', '2027-04-09', 1, '2026-04-24 16:35:50', '2026-04-24 16:35:50', 0, 0, NULL, 1, NULL),
(148, 74, 3, 97, 1, NULL, '2026-03-10', '2027-03-13', 1, '2026-04-24 16:35:50', '2026-04-24 16:35:50', 0, 0, NULL, 1, NULL),
(149, 75, 1, 65.39999999999999, 1, NULL, '2026-02-16', '2027-03-26', 1, '2026-04-24 16:35:50', '2026-04-24 16:35:50', 0, 0, NULL, 1, NULL),
(150, 75, 3, 109, 1, NULL, '2026-03-04', '2027-02-07', 1, '2026-04-24 16:35:50', '2026-04-24 16:35:50', 0, 0, NULL, 1, NULL),
(151, 76, 1, 74.39999999999999, 1, NULL, '2026-02-17', '2026-11-30', 1, '2026-04-24 16:35:50', '2026-04-24 16:35:50', 0, 0, NULL, 1, NULL),
(152, 76, 3, 124, 1, NULL, '2026-02-24', '2027-02-13', 1, '2026-04-24 16:35:50', '2026-04-24 16:35:50', 0, 0, NULL, 1, NULL),
(153, 77, 1, 62.4, 1, NULL, '2026-04-07', '2026-12-30', 1, '2026-04-24 16:35:50', '2026-04-24 16:35:50', 0, 0, NULL, 1, NULL),
(154, 77, 3, 104, 1, NULL, '2026-03-08', '2027-02-22', 1, '2026-04-24 16:35:50', '2026-04-24 16:35:50', 0, 0, NULL, 1, NULL),
(155, 78, 1, 62.4, 1, NULL, '2026-01-04', '2027-02-10', 1, '2026-04-24 16:35:50', '2026-04-24 16:35:50', 0, 0, NULL, 1, NULL),
(156, 78, 3, 104, 1, NULL, '2025-11-14', '2027-04-21', 1, '2026-04-24 16:35:50', '2026-04-24 16:35:50', 0, 0, NULL, 1, NULL),
(157, 79, 1, 62.4, 1, NULL, '2026-01-03', '2027-01-14', 1, '2026-04-24 16:35:50', '2026-04-24 16:35:50', 0, 0, NULL, 1, NULL),
(158, 79, 3, 104, 1, NULL, '2026-01-15', '2027-03-08', 1, '2026-04-24 16:35:50', '2026-04-24 16:35:50', 0, 0, NULL, 1, NULL),
(159, 80, 1, 58.199999999999996, 1, NULL, '2025-12-03', '2026-12-19', 1, '2026-04-24 16:35:50', '2026-04-24 16:35:50', 0, 0, NULL, 1, NULL),
(160, 80, 3, 97, 1, NULL, '2026-02-01', '2027-04-16', 1, '2026-04-24 16:35:50', '2026-04-24 16:35:50', 0, 0, NULL, 1, NULL),
(161, 81, 1, 61.199999999999996, 1, NULL, '2025-11-11', '2027-02-04', 1, '2026-04-24 16:35:50', '2026-04-24 16:35:50', 0, 0, NULL, 1, NULL),
(162, 81, 3, 102, 1, NULL, '2026-02-07', '2027-01-13', 1, '2026-04-24 16:35:50', '2026-04-24 16:35:50', 0, 0, NULL, 1, NULL),
(163, 82, 1, 70.8, 1, NULL, '2026-02-09', '2026-11-05', 1, '2026-04-24 16:35:50', '2026-04-24 16:35:50', 0, 0, NULL, 1, NULL),
(164, 82, 3, 118, 1, NULL, '2025-12-17', '2027-02-05', 1, '2026-04-24 16:35:50', '2026-04-24 16:35:50', 0, 0, NULL, 1, NULL),
(165, 83, 1, 75.6, 1, NULL, '2026-04-22', '2026-10-26', 1, '2026-04-24 16:35:50', '2026-04-24 16:35:50', 0, 0, NULL, 1, NULL),
(166, 83, 3, 126, 1, NULL, '2026-03-22', '2027-01-26', 1, '2026-04-24 16:35:50', '2026-04-24 16:35:50', 0, 0, NULL, 1, NULL),
(167, 84, 1, 40.199999999999996, 1, NULL, '2026-01-24', '2027-01-05', 1, '2026-04-24 16:35:50', '2026-04-24 16:35:50', 0, 0, NULL, 1, NULL),
(168, 84, 3, 67, 1, NULL, '2026-02-02', '2027-02-05', 1, '2026-04-24 16:35:50', '2026-04-24 16:35:50', 0, 0, NULL, 1, NULL),
(169, 85, 1, 54.0, 1, NULL, '2026-03-14', '2027-03-24', 1, '2026-04-24 16:35:50', '2026-04-24 16:35:50', 0, 0, NULL, 1, NULL),
(170, 85, 3, 90, 1, NULL, '2025-12-21', '2027-02-22', 1, '2026-04-24 16:35:50', '2026-04-24 16:35:50', 0, 0, NULL, 1, NULL),
(171, 86, 1, 3003.6, 1, NULL, '2026-02-14', '2027-02-22', 1, '2026-04-24 16:35:50', '2026-04-24 16:35:50', 0, 0, NULL, 1, NULL),
(172, 86, 3, 5006, 1, NULL, '2025-11-02', '2027-01-28', 1, '2026-04-24 16:35:50', '2026-04-24 16:35:50', 0, 0, NULL, 1, NULL),
(173, 87, 1, 3008.4, 1, NULL, '2025-12-07', '2027-02-17', 1, '2026-04-24 16:35:50', '2026-04-24 16:35:50', 0, 0, NULL, 1, NULL),
(174, 87, 3, 5014, 1, NULL, '2025-11-27', '2027-03-29', 1, '2026-04-24 16:35:50', '2026-04-24 16:35:50', 0, 0, NULL, 1, NULL),
(175, 88, 1, 2994.0, 1, NULL, '2026-02-03', '2027-03-21', 1, '2026-04-24 16:35:50', '2026-04-24 16:35:50', 0, 0, NULL, 1, NULL),
(176, 88, 3, 4990, 1, NULL, '2026-03-19', '2027-04-08', 1, '2026-04-24 16:35:50', '2026-04-24 16:35:50', 0, 0, NULL, 1, NULL),
(177, 89, 1, 2996.4, 1, NULL, '2026-04-08', '2027-02-07', 1, '2026-04-24 16:35:50', '2026-04-24 16:35:50', 0, 0, NULL, 1, NULL),
(178, 89, 3, 4994, 1, NULL, '2025-11-29', '2027-02-16', 1, '2026-04-24 16:35:50', '2026-04-24 16:35:50', 0, 0, NULL, 1, NULL),
(179, 90, 1, 2995.2, 1, NULL, '2025-12-31', '2027-01-26', 1, '2026-04-24 16:35:50', '2026-04-24 16:35:50', 0, 0, NULL, 1, NULL),
(180, 90, 3, 4992, 1, NULL, '2026-01-17', '2026-12-14', 1, '2026-04-24 16:35:50', '2026-04-24 16:35:50', 0, 0, NULL, 1, NULL),
(181, 91, 1, 3005.4, 1, NULL, '2026-01-20', '2027-01-26', 1, '2026-04-24 16:35:50', '2026-04-24 16:35:50', 0, 0, NULL, 1, NULL),
(182, 91, 3, 5009, 1, NULL, '2026-01-05', '2027-02-05', 1, '2026-04-24 16:35:50', '2026-04-24 16:35:50', 0, 0, NULL, 1, NULL),
(183, 92, 1, 11997.6, 1, NULL, '2026-02-23', '2026-10-25', 1, '2026-04-24 16:35:50', '2026-04-24 16:35:50', 0, 0, NULL, 1, NULL),
(184, 92, 3, 19996, 1, NULL, '2026-03-13', '2026-11-03', 1, '2026-04-24 16:35:50', '2026-04-24 16:35:50', 0, 0, NULL, 1, NULL),
(185, 93, 1, 12000.6, 1, NULL, '2026-04-10', '2026-11-07', 1, '2026-04-24 16:35:50', '2026-04-24 16:35:50', 0, 0, NULL, 1, NULL),
(186, 93, 3, 20001, 1, NULL, '2026-04-10', '2026-10-31', 1, '2026-04-24 16:35:50', '2026-04-24 16:35:50', 0, 0, NULL, 1, NULL),
(187, 94, 1, 11996.4, 1, NULL, '2025-12-28', '2026-12-11', 1, '2026-04-24 16:35:50', '2026-04-24 16:35:50', 0, 0, NULL, 1, NULL),
(188, 94, 3, 19994, 1, NULL, '2025-10-31', '2027-03-29', 1, '2026-04-24 16:35:50', '2026-04-24 16:35:50', 0, 0, NULL, 1, NULL),
(189, 95, 1, 122.39999999999999, 1, NULL, '2025-11-27', '2027-02-19', 1, '2026-04-24 16:35:50', '2026-04-24 16:35:50', 0, 0, NULL, 1, NULL),
(190, 95, 3, 204, 1, NULL, '2026-04-15', '2026-11-19', 1, '2026-04-24 16:35:50', '2026-04-24 16:35:50', 0, 0, NULL, 1, NULL),
(191, 96, 1, 121.19999999999999, 1, NULL, '2026-02-22', '2027-04-18', 1, '2026-04-24 16:35:50', '2026-04-24 16:35:50', 0, 0, NULL, 1, NULL),
(192, 96, 3, 202, 1, NULL, '2025-12-30', '2027-01-23', 1, '2026-04-24 16:35:50', '2026-04-24 16:35:50', 0, 0, NULL, 1, NULL),
(193, 97, 1, 136.2, 1, NULL, '2026-03-30', '2027-04-22', 1, '2026-04-24 16:35:50', '2026-04-24 16:35:50', 0, 0, NULL, 1, NULL),
(194, 97, 3, 227, 1, NULL, '2025-11-24', '2026-12-01', 1, '2026-04-24 16:35:50', '2026-04-24 16:35:50', 0, 0, NULL, 1, NULL),
(195, 98, 1, 117.0, 1, NULL, '2026-03-23', '2026-10-27', 1, '2026-04-24 16:35:50', '2026-04-24 16:35:50', 0, 0, NULL, 1, NULL),
(196, 98, 3, 195, 1, NULL, '2026-01-13', '2027-03-17', 1, '2026-04-24 16:35:50', '2026-04-24 16:35:50', 0, 0, NULL, 1, NULL),
(197, 99, 1, 127.8, 1, NULL, '2026-02-04', '2027-04-22', 1, '2026-04-24 16:35:50', '2026-04-24 16:35:50', 0, 0, NULL, 1, NULL),
(198, 99, 3, 213, 1, NULL, '2025-12-15', '2026-11-09', 1, '2026-04-24 16:35:50', '2026-04-24 16:35:50', 0, 0, NULL, 1, NULL),
(199, 100, 1, 137.4, 1, NULL, '2025-12-27', '2026-11-16', 1, '2026-04-24 16:35:50', '2026-04-24 16:35:50', 0, 0, NULL, 1, NULL),
(200, 100, 3, 229, 1, NULL, '2026-04-22', '2027-01-06', 1, '2026-04-24 16:35:50', '2026-04-24 16:35:50', 0, 0, NULL, 1, NULL),
(201, 101, 1, 136.2, 1, NULL, '2025-11-25', '2027-03-14', 1, '2026-04-24 16:35:50', '2026-04-24 16:35:50', 0, 0, NULL, 1, NULL),
(202, 101, 3, 227, 1, NULL, '2025-11-05', '2027-01-17', 1, '2026-04-24 16:35:50', '2026-04-24 16:35:50', 0, 0, NULL, 1, NULL),
(203, 102, 1, 129.6, 1, NULL, '2026-04-13', '2027-01-23', 1, '2026-04-24 16:35:50', '2026-04-24 16:35:50', 0, 0, NULL, 1, NULL),
(204, 102, 3, 216, 1, NULL, '2025-11-12', '2027-02-27', 1, '2026-04-24 16:35:50', '2026-04-24 16:35:50', 0, 0, NULL, 1, NULL),
(205, 103, 1, 126.0, 1, NULL, '2025-10-29', '2027-02-05', 1, '2026-04-24 16:35:50', '2026-04-24 16:35:50', 0, 0, NULL, 1, NULL),
(206, 103, 3, 210, 1, NULL, '2026-02-28', '2026-11-17', 1, '2026-04-24 16:35:50', '2026-04-24 16:35:50', 0, 0, NULL, 1, NULL),
(207, 104, 1, 127.19999999999999, 1, NULL, '2026-04-06', '2027-02-15', 1, '2026-04-24 16:35:50', '2026-04-24 16:35:50', 0, 0, NULL, 1, NULL),
(208, 104, 3, 212, 1, NULL, '2025-12-04', '2027-02-09', 1, '2026-04-24 16:35:50', '2026-04-24 16:35:50', 0, 0, NULL, 1, NULL),
(209, 105, 1, 133.2, 1, NULL, '2026-04-10', '2026-12-29', 1, '2026-04-24 16:35:50', '2026-04-24 16:35:50', 0, 0, NULL, 1, NULL),
(210, 105, 3, 222, 1, NULL, '2026-04-01', '2027-03-07', 1, '2026-04-24 16:35:50', '2026-04-24 16:35:50', 0, 0, NULL, 1, NULL),
(211, 106, 1, 131.4, 1, NULL, '2026-02-22', '2027-02-09', 1, '2026-04-24 16:35:50', '2026-04-24 16:35:50', 0, 0, NULL, 1, NULL),
(212, 106, 3, 219, 1, NULL, '2026-03-26', '2026-12-28', 1, '2026-04-24 16:35:50', '2026-04-24 16:35:50', 0, 0, NULL, 1, NULL),
(213, 107, 1, 122.39999999999999, 1, NULL, '2025-11-17', '2026-12-31', 1, '2026-04-24 16:35:50', '2026-04-24 16:35:50', 0, 0, NULL, 1, NULL),
(214, 107, 3, 204, 1, NULL, '2026-02-18', '2026-12-22', 1, '2026-04-24 16:35:50', '2026-04-24 16:35:50', 0, 0, NULL, 1, NULL),
(215, 108, 1, 130.79999999999998, 1, NULL, '2026-03-20', '2027-03-26', 1, '2026-04-24 16:35:50', '2026-04-24 16:35:50', 0, 0, NULL, 1, NULL),
(216, 108, 3, 218, 1, NULL, '2026-04-15', '2027-01-26', 1, '2026-04-24 16:35:50', '2026-04-24 16:35:50', 0, 0, NULL, 1, NULL),
(217, 109, 1, 114.0, 1, NULL, '2026-03-01', '2027-01-12', 1, '2026-04-24 16:35:50', '2026-04-24 16:35:50', 0, 0, NULL, 1, NULL),
(218, 109, 3, 190, 1, NULL, '2025-12-11', '2027-02-22', 1, '2026-04-24 16:35:50', '2026-04-24 16:35:50', 0, 0, NULL, 1, NULL),
(219, 110, 1, 126.6, 1, NULL, '2025-12-31', '2027-01-16', 1, '2026-04-24 16:35:50', '2026-04-24 16:35:50', 0, 0, NULL, 1, NULL),
(220, 110, 3, 211, 1, NULL, '2026-01-05', '2027-03-22', 1, '2026-04-24 16:35:50', '2026-04-24 16:35:50', 0, 0, NULL, 1, NULL),
(221, 111, 1, 123.6, 1, NULL, '2026-03-17', '2026-10-23', 1, '2026-04-24 16:35:50', '2026-04-24 16:35:50', 0, 0, NULL, 1, NULL),
(222, 111, 3, 206, 1, NULL, '2026-03-07', '2026-12-08', 1, '2026-04-24 16:35:50', '2026-04-24 16:35:50', 0, 0, NULL, 1, NULL),
(223, 112, 1, 122.39999999999999, 1, NULL, '2026-02-07', '2027-02-23', 1, '2026-04-24 16:35:50', '2026-04-24 16:35:50', 0, 0, NULL, 1, NULL),
(224, 112, 3, 204, 1, NULL, '2026-03-17', '2026-12-21', 1, '2026-04-24 16:35:50', '2026-04-24 16:35:50', 0, 0, NULL, 1, NULL),
(225, 113, 1, 10.799999999999999, 1, NULL, '2026-04-09', '2027-04-21', 1, '2026-04-24 16:35:50', '2026-04-24 16:35:50', 0, 0, NULL, 1, NULL),
(226, 113, 3, 18, 1, NULL, '2026-02-28', '2027-02-12', 1, '2026-04-24 16:35:50', '2026-04-24 16:35:50', 0, 0, NULL, 1, NULL),
(227, 114, 1, 1.7999999999999998, 1, NULL, '2025-11-18', '2027-01-04', 1, '2026-04-24 16:35:50', '2026-04-24 16:35:50', 0, 0, NULL, 1, NULL),
(228, 114, 3, 3, 1, NULL, '2025-12-21', '2027-02-01', 1, '2026-04-24 16:35:50', '2026-04-24 16:35:50', 0, 0, NULL, 1, NULL),
(229, 115, 1, 6.0, 1, NULL, '2026-01-12', '2027-04-08', 1, '2026-04-24 16:35:50', '2026-04-24 16:35:50', 0, 0, NULL, 1, NULL),
(230, 115, 3, 10, 1, NULL, '2026-03-23', '2027-01-23', 1, '2026-04-24 16:35:50', '2026-04-24 16:35:50', 0, 0, NULL, 1, NULL),
(231, 116, 1, 28.799999999999997, 1, NULL, '2026-03-10', '2027-01-17', 1, '2026-04-24 16:35:50', '2026-04-24 16:35:50', 0, 0, NULL, 1, NULL),
(232, 116, 3, 48, 1, NULL, '2026-02-11', '2027-03-10', 1, '2026-04-24 16:35:50', '2026-04-24 16:35:50', 0, 0, NULL, 1, NULL),
(233, 117, 1, 25.2, 1, NULL, '2026-04-23', '2027-02-14', 1, '2026-04-24 16:35:50', '2026-04-24 16:35:50', 0, 0, NULL, 1, NULL),
(234, 117, 3, 42, 1, NULL, '2026-01-03', '2027-01-07', 1, '2026-04-24 16:35:50', '2026-04-24 16:35:50', 0, 0, NULL, 1, NULL),
(235, 118, 1, 22.8, 1, NULL, '2025-11-25', '2027-04-23', 1, '2026-04-24 16:35:50', '2026-04-24 16:35:50', 0, 0, NULL, 1, NULL),
(236, 118, 3, 38, 1, NULL, '2025-12-14', '2027-01-09', 1, '2026-04-24 16:35:50', '2026-04-24 16:35:50', 0, 0, NULL, 1, NULL),
(237, 119, 1, 31.2, 1, NULL, '2026-04-20', '2026-12-07', 1, '2026-04-24 16:35:50', '2026-04-24 16:35:50', 0, 0, NULL, 1, NULL),
(238, 119, 3, 52, 1, NULL, '2025-12-14', '2026-12-15', 1, '2026-04-24 16:35:50', '2026-04-24 16:35:50', 0, 0, NULL, 1, NULL),
(239, 120, 1, 28.799999999999997, 1, NULL, '2026-01-04', '2027-04-24', 1, '2026-04-24 16:35:50', '2026-04-24 16:35:50', 0, 0, NULL, 1, NULL),
(240, 120, 3, 48, 1, NULL, '2026-03-25', '2027-03-04', 1, '2026-04-24 16:35:50', '2026-04-24 16:35:50', 0, 0, NULL, 1, NULL),
(241, 121, 1, 21.599999999999998, 1, NULL, '2025-11-20', '2026-12-09', 1, '2026-04-24 16:35:50', '2026-04-24 16:35:50', 0, 0, NULL, 1, NULL),
(242, 121, 3, 36, 1, NULL, '2026-01-09', '2026-12-18', 1, '2026-04-24 16:35:50', '2026-04-24 16:35:50', 0, 0, NULL, 1, NULL),
(243, 122, 1, 17.4, 1, NULL, '2026-01-11', '2026-10-24', 1, '2026-04-24 16:35:50', '2026-04-24 16:35:50', 0, 0, NULL, 1, NULL),
(244, 122, 3, 29, 1, NULL, '2026-03-11', '2026-11-22', 1, '2026-04-24 16:35:50', '2026-04-24 16:35:50', 0, 0, NULL, 1, NULL),
(245, 123, 1, 12.0, 1, NULL, '2025-11-08', '2027-03-11', 1, '2026-04-24 16:35:50', '2026-04-24 16:35:50', 0, 0, NULL, 1, NULL),
(246, 123, 3, 20, 1, NULL, '2026-01-08', '2027-04-17', 1, '2026-04-24 16:35:50', '2026-04-24 16:35:50', 0, 0, NULL, 1, NULL),
(247, 124, 1, 34.8, 1, NULL, '2026-02-28', '2026-11-16', 1, '2026-04-24 16:35:50', '2026-04-24 16:35:50', 0, 0, NULL, 1, NULL),
(248, 124, 3, 58, 1, NULL, '2025-10-29', '2027-03-16', 1, '2026-04-24 16:35:50', '2026-04-24 16:35:50', 0, 0, NULL, 1, NULL),
(249, 125, 1, 28.799999999999997, 1, NULL, '2026-02-25', '2027-02-10', 1, '2026-04-24 16:35:50', '2026-04-24 16:35:50', 0, 0, NULL, 1, NULL),
(250, 125, 3, 48, 1, NULL, '2026-01-21', '2026-12-07', 1, '2026-04-24 16:35:50', '2026-04-24 16:35:50', 0, 0, NULL, 1, NULL),
(251, 126, 1, 20.4, 1, NULL, '2026-02-25', '2026-11-19', 1, '2026-04-24 16:35:50', '2026-04-24 16:35:50', 0, 0, NULL, 1, NULL),
(252, 126, 3, 34, 1, NULL, '2025-11-11', '2027-01-31', 1, '2026-04-24 16:35:50', '2026-04-24 16:35:50', 0, 0, NULL, 1, NULL),
(253, 127, 1, 13.2, 1, NULL, '2026-03-22', '2027-03-31', 1, '2026-04-24 16:35:50', '2026-04-24 16:35:50', 0, 0, NULL, 1, NULL),
(254, 127, 3, 22, 1, NULL, '2026-04-19', '2026-11-03', 1, '2026-04-24 16:35:50', '2026-04-24 16:35:50', 0, 0, NULL, 1, NULL),
(255, 128, 1, 40.199999999999996, 1, NULL, '2026-03-19', '2027-01-06', 1, '2026-04-24 16:35:50', '2026-04-24 16:35:50', 0, 0, NULL, 1, NULL),
(256, 128, 3, 67, 1, NULL, '2025-11-16', '2026-12-23', 1, '2026-04-24 16:35:50', '2026-04-24 16:35:50', 0, 0, NULL, 1, NULL),
(257, 129, 1, 48.0, 1, NULL, '2026-02-09', '2027-03-25', 1, '2026-04-24 16:35:50', '2026-04-24 16:35:50', 0, 0, NULL, 1, NULL),
(258, 129, 3, 80, 1, NULL, '2026-03-27', '2027-03-28', 1, '2026-04-24 16:35:50', '2026-04-24 16:35:50', 0, 0, NULL, 1, NULL),
(259, 130, 1, 52.199999999999996, 1, NULL, '2026-03-08', '2027-01-26', 1, '2026-04-24 16:35:50', '2026-04-24 16:35:50', 0, 0, NULL, 1, NULL),
(260, 130, 3, 87, 1, NULL, '2026-02-18', '2027-02-11', 1, '2026-04-24 16:35:50', '2026-04-24 16:35:50', 0, 0, NULL, 1, NULL),
(261, 131, 1, 255.6, 1, NULL, '2026-02-12', '2027-01-07', 1, '2026-04-24 16:35:50', '2026-04-24 16:35:50', 0, 0, NULL, 1, NULL),
(262, 131, 3, 426, 1, NULL, '2026-03-20', '2027-03-28', 1, '2026-04-24 16:35:50', '2026-04-24 16:35:50', 0, 0, NULL, 1, NULL),
(263, 132, 1, 256.8, 1, NULL, '2025-11-20', '2026-12-13', 1, '2026-04-24 16:35:50', '2026-04-24 16:35:50', 0, 0, NULL, 1, NULL),
(264, 132, 3, 428, 1, NULL, '2026-04-04', '2026-12-14', 1, '2026-04-24 16:35:50', '2026-04-24 16:35:50', 0, 0, NULL, 1, NULL),
(265, 133, 1, 236.39999999999998, 1, NULL, '2025-12-05', '2026-12-21', 1, '2026-04-24 16:35:50', '2026-04-24 16:35:50', 0, 0, NULL, 1, NULL),
(266, 133, 3, 394, 1, NULL, '2025-12-09', '2027-03-11', 1, '2026-04-24 16:35:50', '2026-04-24 16:35:50', 0, 0, NULL, 1, NULL),
(267, 134, 1, 239.39999999999998, 1, NULL, '2025-10-26', '2027-02-02', 1, '2026-04-24 16:35:50', '2026-04-24 16:35:50', 0, 0, NULL, 1, NULL),
(268, 134, 3, 399, 1, NULL, '2026-02-18', '2027-04-15', 1, '2026-04-24 16:35:50', '2026-04-24 16:35:50', 0, 0, NULL, 1, NULL),
(269, 135, 1, 251.39999999999998, 1, NULL, '2026-01-08', '2026-10-29', 1, '2026-04-24 16:35:50', '2026-04-24 16:35:50', 0, 0, NULL, 1, NULL),
(270, 135, 3, 419, 1, NULL, '2025-12-24', '2027-01-02', 1, '2026-04-24 16:35:50', '2026-04-24 16:35:50', 0, 0, NULL, 1, NULL),
(271, 136, 1, 244.2, 1, NULL, '2026-04-23', '2027-02-14', 1, '2026-04-24 16:35:50', '2026-04-24 16:35:50', 0, 0, NULL, 1, NULL),
(272, 136, 3, 407, 1, NULL, '2025-11-13', '2027-04-14', 1, '2026-04-24 16:35:50', '2026-04-24 16:35:50', 0, 0, NULL, 1, NULL),
(273, 137, 1, 243.0, 1, NULL, '2026-04-04', '2027-03-20', 1, '2026-04-24 16:35:50', '2026-04-24 16:35:50', 0, 0, NULL, 1, NULL),
(274, 137, 3, 405, 1, NULL, '2026-04-13', '2026-12-10', 1, '2026-04-24 16:35:50', '2026-04-24 16:35:50', 0, 0, NULL, 1, NULL),
(275, 138, 1, 237.6, 1, NULL, '2026-03-14', '2026-12-17', 1, '2026-04-24 16:35:50', '2026-04-24 16:35:50', 0, 0, NULL, 1, NULL),
(276, 138, 3, 396, 1, NULL, '2026-04-09', '2026-11-28', 1, '2026-04-24 16:35:50', '2026-04-24 16:35:50', 0, 0, NULL, 1, NULL),
(277, 139, 1, 238.79999999999998, 1, NULL, '2025-11-13', '2026-11-05', 1, '2026-04-24 16:35:50', '2026-04-24 16:35:50', 0, 0, NULL, 1, NULL),
(278, 139, 3, 398, 1, NULL, '2025-12-07', '2027-01-07', 1, '2026-04-24 16:35:50', '2026-04-24 16:35:50', 0, 0, NULL, 1, NULL),
(279, 140, 1, 255.0, 1, NULL, '2026-01-07', '2027-02-10', 1, '2026-04-24 16:35:50', '2026-04-24 16:35:50', 0, 0, NULL, 1, NULL),
(280, 140, 3, 425, 1, NULL, '2025-11-26', '2027-02-17', 1, '2026-04-24 16:35:50', '2026-04-24 16:35:50', 0, 0, NULL, 1, NULL),
(281, 141, 1, 244.79999999999998, 1, NULL, '2026-04-23', '2027-02-01', 1, '2026-04-24 16:35:50', '2026-04-24 16:35:50', 0, 0, NULL, 1, NULL),
(282, 141, 3, 408, 1, NULL, '2026-01-03', '2027-02-26', 1, '2026-04-24 16:35:50', '2026-04-24 16:35:50', 0, 0, NULL, 1, NULL),
(283, 142, 1, 252.0, 1, NULL, '2026-02-15', '2026-11-10', 1, '2026-04-24 16:35:50', '2026-04-24 16:35:50', 0, 0, NULL, 1, NULL),
(284, 142, 3, 420, 1, NULL, '2026-03-28', '2026-10-31', 1, '2026-04-24 16:35:50', '2026-04-24 16:35:50', 0, 0, NULL, 1, NULL),
(285, 143, 1, 245.39999999999998, 1, NULL, '2026-03-29', '2026-12-24', 1, '2026-04-24 16:35:50', '2026-04-24 16:35:50', 0, 0, NULL, 1, NULL),
(286, 143, 3, 409, 1, NULL, '2025-11-01', '2026-11-13', 1, '2026-04-24 16:35:50', '2026-04-24 16:35:50', 0, 0, NULL, 1, NULL),
(287, 144, 1, 255.0, 1, NULL, '2026-03-25', '2026-10-26', 1, '2026-04-24 16:35:50', '2026-04-24 16:35:50', 0, 0, NULL, 1, NULL),
(288, 144, 3, 425, 1, NULL, '2026-04-16', '2026-12-28', 1, '2026-04-24 16:35:50', '2026-04-24 16:35:50', 0, 0, NULL, 1, NULL),
(289, 145, 1, 234.6, 1, NULL, '2025-12-09', '2027-02-18', 1, '2026-04-24 16:35:50', '2026-04-24 16:35:50', 0, 0, NULL, 1, NULL),
(290, 145, 3, 391, 1, NULL, '2026-03-07', '2027-04-05', 1, '2026-04-24 16:35:50', '2026-04-24 16:35:50', 0, 0, NULL, 1, NULL);


-- product_barcode
INSERT INTO product_barcode (id, sku_id, barcode, barcode_type, qty_ratio, is_primary, status, created_at, updated_at, created_by, updated_by, deleted_at, version, remark) VALUES
(1, 1, '690666585408', 1, 1.0, 1, 1, '2026-04-24 16:35:50', '2026-04-24 16:35:50', 0, 0, NULL, 1, NULL),
(2, 2, '690315984311', 1, 1.0, 1, 1, '2026-04-24 16:35:50', '2026-04-24 16:35:50', 0, 0, NULL, 1, NULL),
(3, 3, '690500957212', 1, 1.0, 1, 1, '2026-04-24 16:35:50', '2026-04-24 16:35:50', 0, 0, NULL, 1, NULL),
(4, 4, '690341266931', 1, 1.0, 1, 1, '2026-04-24 16:35:50', '2026-04-24 16:35:50', 0, 0, NULL, 1, NULL),
(5, 5, '690347083812', 1, 1.0, 1, 1, '2026-04-24 16:35:50', '2026-04-24 16:35:50', 0, 0, NULL, 1, NULL),
(6, 6, '690777641645', 1, 1.0, 1, 1, '2026-04-24 16:35:50', '2026-04-24 16:35:50', 0, 0, NULL, 1, NULL),
(7, 7, '690176082500', 1, 1.0, 1, 1, '2026-04-24 16:35:50', '2026-04-24 16:35:50', 0, 0, NULL, 1, NULL),
(8, 8, '690330035022', 1, 1.0, 1, 1, '2026-04-24 16:35:50', '2026-04-24 16:35:50', 0, 0, NULL, 1, NULL),
(9, 9, '690607526654', 1, 1.0, 1, 1, '2026-04-24 16:35:50', '2026-04-24 16:35:50', 0, 0, NULL, 1, NULL),
(10, 10, '690204078666', 1, 1.0, 1, 1, '2026-04-24 16:35:50', '2026-04-24 16:35:50', 0, 0, NULL, 1, NULL),
(11, 11, '690601463916', 1, 1.0, 1, 1, '2026-04-24 16:35:50', '2026-04-24 16:35:50', 0, 0, NULL, 1, NULL),
(12, 12, '690205675387', 1, 1.0, 1, 1, '2026-04-24 16:35:50', '2026-04-24 16:35:50', 0, 0, NULL, 1, NULL),
(13, 13, '690305718272', 1, 1.0, 1, 1, '2026-04-24 16:35:50', '2026-04-24 16:35:50', 0, 0, NULL, 1, NULL),
(14, 14, '690297018781', 1, 1.0, 1, 1, '2026-04-24 16:35:50', '2026-04-24 16:35:50', 0, 0, NULL, 1, NULL),
(15, 15, '690967607278', 1, 1.0, 1, 1, '2026-04-24 16:35:50', '2026-04-24 16:35:50', 0, 0, NULL, 1, NULL),
(16, 16, '690997677788', 1, 1.0, 1, 1, '2026-04-24 16:35:50', '2026-04-24 16:35:50', 0, 0, NULL, 1, NULL),
(17, 17, '690621453189', 1, 1.0, 1, 1, '2026-04-24 16:35:50', '2026-04-24 16:35:50', 0, 0, NULL, 1, NULL),
(18, 18, '690506919288', 1, 1.0, 1, 1, '2026-04-24 16:35:50', '2026-04-24 16:35:50', 0, 0, NULL, 1, NULL),
(19, 19, '690554200826', 1, 1.0, 1, 1, '2026-04-24 16:35:50', '2026-04-24 16:35:50', 0, 0, NULL, 1, NULL),
(20, 20, '690303901283', 1, 1.0, 1, 1, '2026-04-24 16:35:50', '2026-04-24 16:35:50', 0, 0, NULL, 1, NULL),
(21, 21, '690165452690', 1, 1.0, 1, 1, '2026-04-24 16:35:50', '2026-04-24 16:35:50', 0, 0, NULL, 1, NULL),
(22, 22, '690611947770', 1, 1.0, 1, 1, '2026-04-24 16:35:50', '2026-04-24 16:35:50', 0, 0, NULL, 1, NULL),
(23, 23, '690186019028', 1, 1.0, 1, 1, '2026-04-24 16:35:50', '2026-04-24 16:35:50', 0, 0, NULL, 1, NULL),
(24, 24, '690352548261', 1, 1.0, 1, 1, '2026-04-24 16:35:50', '2026-04-24 16:35:50', 0, 0, NULL, 1, NULL),
(25, 25, '690738360085', 1, 1.0, 1, 1, '2026-04-24 16:35:50', '2026-04-24 16:35:50', 0, 0, NULL, 1, NULL),
(26, 26, '690726713347', 1, 1.0, 1, 1, '2026-04-24 16:35:50', '2026-04-24 16:35:50', 0, 0, NULL, 1, NULL),
(27, 27, '690819112790', 1, 1.0, 1, 1, '2026-04-24 16:35:50', '2026-04-24 16:35:50', 0, 0, NULL, 1, NULL),
(28, 28, '690240529481', 1, 1.0, 1, 1, '2026-04-24 16:35:50', '2026-04-24 16:35:50', 0, 0, NULL, 1, NULL),
(29, 29, '690907308348', 1, 1.0, 1, 1, '2026-04-24 16:35:50', '2026-04-24 16:35:50', 0, 0, NULL, 1, NULL),
(30, 30, '690207354053', 1, 1.0, 1, 1, '2026-04-24 16:35:50', '2026-04-24 16:35:50', 0, 0, NULL, 1, NULL),
(31, 31, '690242224154', 1, 1.0, 1, 1, '2026-04-24 16:35:50', '2026-04-24 16:35:50', 0, 0, NULL, 1, NULL),
(32, 32, '690269379374', 1, 1.0, 1, 1, '2026-04-24 16:35:50', '2026-04-24 16:35:50', 0, 0, NULL, 1, NULL),
(33, 33, '690966616964', 1, 1.0, 1, 1, '2026-04-24 16:35:50', '2026-04-24 16:35:50', 0, 0, NULL, 1, NULL),
(34, 34, '690421455482', 1, 1.0, 1, 1, '2026-04-24 16:35:50', '2026-04-24 16:35:50', 0, 0, NULL, 1, NULL),
(35, 35, '690214929002', 1, 1.0, 1, 1, '2026-04-24 16:35:50', '2026-04-24 16:35:50', 0, 0, NULL, 1, NULL),
(36, 36, '690749431082', 1, 1.0, 1, 1, '2026-04-24 16:35:50', '2026-04-24 16:35:50', 0, 0, NULL, 1, NULL),
(37, 37, '690383450553', 1, 1.0, 1, 1, '2026-04-24 16:35:50', '2026-04-24 16:35:50', 0, 0, NULL, 1, NULL),
(38, 38, '690781057736', 1, 1.0, 1, 1, '2026-04-24 16:35:50', '2026-04-24 16:35:50', 0, 0, NULL, 1, NULL),
(39, 39, '690927982963', 1, 1.0, 1, 1, '2026-04-24 16:35:50', '2026-04-24 16:35:50', 0, 0, NULL, 1, NULL),
(40, 40, '690692362342', 1, 1.0, 1, 1, '2026-04-24 16:35:50', '2026-04-24 16:35:50', 0, 0, NULL, 1, NULL),
(41, 41, '690180792472', 1, 1.0, 1, 1, '2026-04-24 16:35:50', '2026-04-24 16:35:50', 0, 0, NULL, 1, NULL),
(42, 42, '690725464884', 1, 1.0, 1, 1, '2026-04-24 16:35:50', '2026-04-24 16:35:50', 0, 0, NULL, 1, NULL),
(43, 43, '690430989881', 1, 1.0, 1, 1, '2026-04-24 16:35:50', '2026-04-24 16:35:50', 0, 0, NULL, 1, NULL),
(44, 44, '690367930513', 1, 1.0, 1, 1, '2026-04-24 16:35:50', '2026-04-24 16:35:50', 0, 0, NULL, 1, NULL),
(45, 45, '690766430218', 1, 1.0, 1, 1, '2026-04-24 16:35:50', '2026-04-24 16:35:50', 0, 0, NULL, 1, NULL),
(46, 46, '690542697755', 1, 1.0, 1, 1, '2026-04-24 16:35:50', '2026-04-24 16:35:50', 0, 0, NULL, 1, NULL),
(47, 47, '690889262019', 1, 1.0, 1, 1, '2026-04-24 16:35:50', '2026-04-24 16:35:50', 0, 0, NULL, 1, NULL),
(48, 48, '690216066793', 1, 1.0, 1, 1, '2026-04-24 16:35:50', '2026-04-24 16:35:50', 0, 0, NULL, 1, NULL),
(49, 49, '690976803188', 1, 1.0, 1, 1, '2026-04-24 16:35:50', '2026-04-24 16:35:50', 0, 0, NULL, 1, NULL),
(50, 50, '690125409494', 1, 1.0, 1, 1, '2026-04-24 16:35:50', '2026-04-24 16:35:50', 0, 0, NULL, 1, NULL),
(51, 51, '690174539964', 1, 1.0, 1, 1, '2026-04-24 16:35:50', '2026-04-24 16:35:50', 0, 0, NULL, 1, NULL),
(52, 52, '690529151399', 1, 1.0, 1, 1, '2026-04-24 16:35:50', '2026-04-24 16:35:50', 0, 0, NULL, 1, NULL),
(53, 53, '690380477683', 1, 1.0, 1, 1, '2026-04-24 16:35:50', '2026-04-24 16:35:50', 0, 0, NULL, 1, NULL),
(54, 54, '690740563507', 1, 1.0, 1, 1, '2026-04-24 16:35:50', '2026-04-24 16:35:50', 0, 0, NULL, 1, NULL),
(55, 55, '690649136331', 1, 1.0, 1, 1, '2026-04-24 16:35:50', '2026-04-24 16:35:50', 0, 0, NULL, 1, NULL),
(56, 56, '690147659674', 1, 1.0, 1, 1, '2026-04-24 16:35:50', '2026-04-24 16:35:50', 0, 0, NULL, 1, NULL),
(57, 57, '690872482077', 1, 1.0, 1, 1, '2026-04-24 16:35:50', '2026-04-24 16:35:50', 0, 0, NULL, 1, NULL),
(58, 58, '690454549587', 1, 1.0, 1, 1, '2026-04-24 16:35:50', '2026-04-24 16:35:50', 0, 0, NULL, 1, NULL),
(59, 59, '690422468580', 1, 1.0, 1, 1, '2026-04-24 16:35:50', '2026-04-24 16:35:50', 0, 0, NULL, 1, NULL),
(60, 60, '690532074125', 1, 1.0, 1, 1, '2026-04-24 16:35:50', '2026-04-24 16:35:50', 0, 0, NULL, 1, NULL),
(61, 61, '690813962536', 1, 1.0, 1, 1, '2026-04-24 16:35:50', '2026-04-24 16:35:50', 0, 0, NULL, 1, NULL),
(62, 62, '690423142470', 1, 1.0, 1, 1, '2026-04-24 16:35:50', '2026-04-24 16:35:50', 0, 0, NULL, 1, NULL),
(63, 63, '690325681936', 1, 1.0, 1, 1, '2026-04-24 16:35:50', '2026-04-24 16:35:50', 0, 0, NULL, 1, NULL),
(64, 64, '690599277266', 1, 1.0, 1, 1, '2026-04-24 16:35:50', '2026-04-24 16:35:50', 0, 0, NULL, 1, NULL),
(65, 65, '690608079792', 1, 1.0, 1, 1, '2026-04-24 16:35:50', '2026-04-24 16:35:50', 0, 0, NULL, 1, NULL),
(66, 66, '690812807629', 1, 1.0, 1, 1, '2026-04-24 16:35:50', '2026-04-24 16:35:50', 0, 0, NULL, 1, NULL),
(67, 67, '690822408848', 1, 1.0, 1, 1, '2026-04-24 16:35:50', '2026-04-24 16:35:50', 0, 0, NULL, 1, NULL),
(68, 68, '690149621604', 1, 1.0, 1, 1, '2026-04-24 16:35:50', '2026-04-24 16:35:50', 0, 0, NULL, 1, NULL),
(69, 69, '690545002643', 1, 1.0, 1, 1, '2026-04-24 16:35:50', '2026-04-24 16:35:50', 0, 0, NULL, 1, NULL),
(70, 70, '690630833445', 1, 1.0, 1, 1, '2026-04-24 16:35:50', '2026-04-24 16:35:50', 0, 0, NULL, 1, NULL),
(71, 71, '690105953697', 1, 1.0, 1, 1, '2026-04-24 16:35:50', '2026-04-24 16:35:50', 0, 0, NULL, 1, NULL),
(72, 72, '690656152900', 1, 1.0, 1, 1, '2026-04-24 16:35:50', '2026-04-24 16:35:50', 0, 0, NULL, 1, NULL),
(73, 73, '690590122159', 1, 1.0, 1, 1, '2026-04-24 16:35:50', '2026-04-24 16:35:50', 0, 0, NULL, 1, NULL),
(74, 74, '690739362057', 1, 1.0, 1, 1, '2026-04-24 16:35:50', '2026-04-24 16:35:50', 0, 0, NULL, 1, NULL),
(75, 75, '690991816852', 1, 1.0, 1, 1, '2026-04-24 16:35:50', '2026-04-24 16:35:50', 0, 0, NULL, 1, NULL),
(76, 76, '690378304807', 1, 1.0, 1, 1, '2026-04-24 16:35:50', '2026-04-24 16:35:50', 0, 0, NULL, 1, NULL),
(77, 77, '690772966010', 1, 1.0, 1, 1, '2026-04-24 16:35:50', '2026-04-24 16:35:50', 0, 0, NULL, 1, NULL),
(78, 78, '690406798268', 1, 1.0, 1, 1, '2026-04-24 16:35:50', '2026-04-24 16:35:50', 0, 0, NULL, 1, NULL),
(79, 79, '690186519602', 1, 1.0, 1, 1, '2026-04-24 16:35:50', '2026-04-24 16:35:50', 0, 0, NULL, 1, NULL),
(80, 80, '690264073400', 1, 1.0, 1, 1, '2026-04-24 16:35:50', '2026-04-24 16:35:50', 0, 0, NULL, 1, NULL),
(81, 81, '690682624278', 1, 1.0, 1, 1, '2026-04-24 16:35:50', '2026-04-24 16:35:50', 0, 0, NULL, 1, NULL),
(82, 82, '690518197538', 1, 1.0, 1, 1, '2026-04-24 16:35:50', '2026-04-24 16:35:50', 0, 0, NULL, 1, NULL),
(83, 83, '690612153089', 1, 1.0, 1, 1, '2026-04-24 16:35:50', '2026-04-24 16:35:50', 0, 0, NULL, 1, NULL),
(84, 84, '690677909930', 1, 1.0, 1, 1, '2026-04-24 16:35:50', '2026-04-24 16:35:50', 0, 0, NULL, 1, NULL),
(85, 85, '690335602191', 1, 1.0, 1, 1, '2026-04-24 16:35:50', '2026-04-24 16:35:50', 0, 0, NULL, 1, NULL),
(86, 86, '690460916347', 1, 1.0, 1, 1, '2026-04-24 16:35:50', '2026-04-24 16:35:50', 0, 0, NULL, 1, NULL),
(87, 87, '690673510887', 1, 1.0, 1, 1, '2026-04-24 16:35:50', '2026-04-24 16:35:50', 0, 0, NULL, 1, NULL),
(88, 88, '690129100607', 1, 1.0, 1, 1, '2026-04-24 16:35:50', '2026-04-24 16:35:50', 0, 0, NULL, 1, NULL),
(89, 89, '690295130056', 1, 1.0, 1, 1, '2026-04-24 16:35:50', '2026-04-24 16:35:50', 0, 0, NULL, 1, NULL),
(90, 90, '690588229686', 1, 1.0, 1, 1, '2026-04-24 16:35:50', '2026-04-24 16:35:50', 0, 0, NULL, 1, NULL),
(91, 91, '690370874491', 1, 1.0, 1, 1, '2026-04-24 16:35:50', '2026-04-24 16:35:50', 0, 0, NULL, 1, NULL),
(92, 92, '690475767056', 1, 1.0, 1, 1, '2026-04-24 16:35:50', '2026-04-24 16:35:50', 0, 0, NULL, 1, NULL),
(93, 93, '690909851739', 1, 1.0, 1, 1, '2026-04-24 16:35:50', '2026-04-24 16:35:50', 0, 0, NULL, 1, NULL),
(94, 94, '690263619298', 1, 1.0, 1, 1, '2026-04-24 16:35:50', '2026-04-24 16:35:50', 0, 0, NULL, 1, NULL),
(95, 95, '690705557720', 1, 1.0, 1, 1, '2026-04-24 16:35:50', '2026-04-24 16:35:50', 0, 0, NULL, 1, NULL),
(96, 96, '690280162221', 1, 1.0, 1, 1, '2026-04-24 16:35:50', '2026-04-24 16:35:50', 0, 0, NULL, 1, NULL),
(97, 97, '690433975497', 1, 1.0, 1, 1, '2026-04-24 16:35:50', '2026-04-24 16:35:50', 0, 0, NULL, 1, NULL),
(98, 98, '690827296111', 1, 1.0, 1, 1, '2026-04-24 16:35:50', '2026-04-24 16:35:50', 0, 0, NULL, 1, NULL),
(99, 99, '690735760237', 1, 1.0, 1, 1, '2026-04-24 16:35:50', '2026-04-24 16:35:50', 0, 0, NULL, 1, NULL),
(100, 100, '690834717549', 1, 1.0, 1, 1, '2026-04-24 16:35:50', '2026-04-24 16:35:50', 0, 0, NULL, 1, NULL),
(101, 101, '690672030854', 1, 1.0, 1, 1, '2026-04-24 16:35:50', '2026-04-24 16:35:50', 0, 0, NULL, 1, NULL),
(102, 102, '690795294275', 1, 1.0, 1, 1, '2026-04-24 16:35:50', '2026-04-24 16:35:50', 0, 0, NULL, 1, NULL),
(103, 103, '690565492204', 1, 1.0, 1, 1, '2026-04-24 16:35:50', '2026-04-24 16:35:50', 0, 0, NULL, 1, NULL),
(104, 104, '690289125618', 1, 1.0, 1, 1, '2026-04-24 16:35:50', '2026-04-24 16:35:50', 0, 0, NULL, 1, NULL),
(105, 105, '690931764920', 1, 1.0, 1, 1, '2026-04-24 16:35:50', '2026-04-24 16:35:50', 0, 0, NULL, 1, NULL),
(106, 106, '690446071904', 1, 1.0, 1, 1, '2026-04-24 16:35:50', '2026-04-24 16:35:50', 0, 0, NULL, 1, NULL),
(107, 107, '690905817775', 1, 1.0, 1, 1, '2026-04-24 16:35:50', '2026-04-24 16:35:50', 0, 0, NULL, 1, NULL),
(108, 108, '690461203124', 1, 1.0, 1, 1, '2026-04-24 16:35:50', '2026-04-24 16:35:50', 0, 0, NULL, 1, NULL),
(109, 109, '690327761953', 1, 1.0, 1, 1, '2026-04-24 16:35:50', '2026-04-24 16:35:50', 0, 0, NULL, 1, NULL),
(110, 110, '690852890318', 1, 1.0, 1, 1, '2026-04-24 16:35:50', '2026-04-24 16:35:50', 0, 0, NULL, 1, NULL),
(111, 111, '690191926217', 1, 1.0, 1, 1, '2026-04-24 16:35:50', '2026-04-24 16:35:50', 0, 0, NULL, 1, NULL),
(112, 112, '690841536135', 1, 1.0, 1, 1, '2026-04-24 16:35:50', '2026-04-24 16:35:50', 0, 0, NULL, 1, NULL),
(113, 113, '690951405188', 1, 1.0, 1, 1, '2026-04-24 16:35:50', '2026-04-24 16:35:50', 0, 0, NULL, 1, NULL),
(114, 114, '690842800803', 1, 1.0, 1, 1, '2026-04-24 16:35:50', '2026-04-24 16:35:50', 0, 0, NULL, 1, NULL),
(115, 115, '690608159580', 1, 1.0, 1, 1, '2026-04-24 16:35:50', '2026-04-24 16:35:50', 0, 0, NULL, 1, NULL),
(116, 116, '690455184454', 1, 1.0, 1, 1, '2026-04-24 16:35:50', '2026-04-24 16:35:50', 0, 0, NULL, 1, NULL),
(117, 117, '690369942642', 1, 1.0, 1, 1, '2026-04-24 16:35:50', '2026-04-24 16:35:50', 0, 0, NULL, 1, NULL),
(118, 118, '690228370927', 1, 1.0, 1, 1, '2026-04-24 16:35:50', '2026-04-24 16:35:50', 0, 0, NULL, 1, NULL),
(119, 119, '690893070706', 1, 1.0, 1, 1, '2026-04-24 16:35:50', '2026-04-24 16:35:50', 0, 0, NULL, 1, NULL),
(120, 120, '690740799178', 1, 1.0, 1, 1, '2026-04-24 16:35:50', '2026-04-24 16:35:50', 0, 0, NULL, 1, NULL),
(121, 121, '690487493096', 1, 1.0, 1, 1, '2026-04-24 16:35:50', '2026-04-24 16:35:50', 0, 0, NULL, 1, NULL),
(122, 122, '690394539550', 1, 1.0, 1, 1, '2026-04-24 16:35:50', '2026-04-24 16:35:50', 0, 0, NULL, 1, NULL),
(123, 123, '690235591568', 1, 1.0, 1, 1, '2026-04-24 16:35:50', '2026-04-24 16:35:50', 0, 0, NULL, 1, NULL),
(124, 124, '690405307028', 1, 1.0, 1, 1, '2026-04-24 16:35:50', '2026-04-24 16:35:50', 0, 0, NULL, 1, NULL),
(125, 125, '690155165334', 1, 1.0, 1, 1, '2026-04-24 16:35:50', '2026-04-24 16:35:50', 0, 0, NULL, 1, NULL),
(126, 126, '690628008852', 1, 1.0, 1, 1, '2026-04-24 16:35:50', '2026-04-24 16:35:50', 0, 0, NULL, 1, NULL),
(127, 127, '690262915636', 1, 1.0, 1, 1, '2026-04-24 16:35:50', '2026-04-24 16:35:50', 0, 0, NULL, 1, NULL),
(128, 128, '690227186396', 1, 1.0, 1, 1, '2026-04-24 16:35:50', '2026-04-24 16:35:50', 0, 0, NULL, 1, NULL),
(129, 129, '690342329714', 1, 1.0, 1, 1, '2026-04-24 16:35:50', '2026-04-24 16:35:50', 0, 0, NULL, 1, NULL),
(130, 130, '690419280490', 1, 1.0, 1, 1, '2026-04-24 16:35:50', '2026-04-24 16:35:50', 0, 0, NULL, 1, NULL),
(131, 131, '690164671796', 1, 1.0, 1, 1, '2026-04-24 16:35:50', '2026-04-24 16:35:50', 0, 0, NULL, 1, NULL),
(132, 132, '690384161612', 1, 1.0, 1, 1, '2026-04-24 16:35:50', '2026-04-24 16:35:50', 0, 0, NULL, 1, NULL),
(133, 133, '690180600295', 1, 1.0, 1, 1, '2026-04-24 16:35:50', '2026-04-24 16:35:50', 0, 0, NULL, 1, NULL),
(134, 134, '690737599912', 1, 1.0, 1, 1, '2026-04-24 16:35:50', '2026-04-24 16:35:50', 0, 0, NULL, 1, NULL),
(135, 135, '690859088046', 1, 1.0, 1, 1, '2026-04-24 16:35:50', '2026-04-24 16:35:50', 0, 0, NULL, 1, NULL),
(136, 136, '690350636897', 1, 1.0, 1, 1, '2026-04-24 16:35:50', '2026-04-24 16:35:50', 0, 0, NULL, 1, NULL),
(137, 137, '690556489494', 1, 1.0, 1, 1, '2026-04-24 16:35:50', '2026-04-24 16:35:50', 0, 0, NULL, 1, NULL),
(138, 138, '690385220694', 1, 1.0, 1, 1, '2026-04-24 16:35:50', '2026-04-24 16:35:50', 0, 0, NULL, 1, NULL),
(139, 139, '690738923667', 1, 1.0, 1, 1, '2026-04-24 16:35:50', '2026-04-24 16:35:50', 0, 0, NULL, 1, NULL),
(140, 140, '690839462365', 1, 1.0, 1, 1, '2026-04-24 16:35:50', '2026-04-24 16:35:50', 0, 0, NULL, 1, NULL),
(141, 141, '690679800791', 1, 1.0, 1, 1, '2026-04-24 16:35:50', '2026-04-24 16:35:50', 0, 0, NULL, 1, NULL),
(142, 142, '690563887247', 1, 1.0, 1, 1, '2026-04-24 16:35:50', '2026-04-24 16:35:50', 0, 0, NULL, 1, NULL),
(143, 143, '690345805719', 1, 1.0, 1, 1, '2026-04-24 16:35:50', '2026-04-24 16:35:50', 0, 0, NULL, 1, NULL),
(144, 144, '690718740490', 1, 1.0, 1, 1, '2026-04-24 16:35:50', '2026-04-24 16:35:50', 0, 0, NULL, 1, NULL),
(145, 145, '690574840200', 1, 1.0, 1, 1, '2026-04-24 16:35:50', '2026-04-24 16:35:50', 0, 0, NULL, 1, NULL);


-- supplier
INSERT INTO supplier (id, supplier_code, supplier_name, supplier_type, credit_level, cooperate_status, contact_name, contact_phone, contact_email, province, city, district, address, bank_name, bank_account, tax_no, registered_capital, establish_date, legal_person, business_scope, audit_status, status, created_at, updated_at, created_by, updated_by, deleted_at, version, remark) VALUES
(1, 'SUP0001', '华为技术有限公司', 1, 5, 1, '张经理', '13515640336', 'supplier1@huawei.com', '广东省', '深圳市', '龙岗区', '坂田华为基地', '中国工商银行深圳分行', '4403010012345678', '9144030019238XXXXX', 10000.0, '1987-09-15', '任正非', '通信设备智能手机终端云计算', 1, 1, '2026-04-24 16:35:50', '2026-04-24 16:35:50', 0, 0, NULL, 1, '核心供应商'),
(2, 'SUP0002', '富士康科技集团', 1, 4, 1, '李总监', '13636298543', 'supplier2@foxconn.com', '广东省', '深圳市', '龙华区', '龙华富士康科技园', '中国银行深圳分行', '4403010023456789', '9144030019238YYYYY', 50000.0, '1988-06-06', '郭台铭', '电子制造代工服务', 1, 1, '2026-04-24 16:35:50', '2026-04-24 16:35:50', 0, 0, NULL, 1, '代工合作伙伴'),
(3, 'SUP0003', '京东世纪贸易有限公司', 2, 5, 1, '王采购', '15017880840', 'supplier3@jd.com', '北京市', '大兴区', '亦庄', '科创十一街18号', '招商银行北京分行', '1101010034567890', '9111030277255XXXXX', 50000.0, '2007-04-20', '刘强东', '电子商务物流配送', 1, 1, '2026-04-24 16:35:50', '2026-04-24 16:35:50', 0, 0, NULL, 1, '渠道供应商'),
(4, 'SUP0004', '伊利实业集团股份有限公司', 1, 5, 1, '赵经理', '15837672594', 'supplier4@yili.com', '内蒙古自治区', '呼和浩特市', '回民区', '鄂尔多斯大街', '建设银行呼和浩特分行', '1501020045678901', '9115000011412XXXXX', 80000.0, '1993-06-04', '潘刚', '乳制品饮料冷饮', 1, 1, '2026-04-24 16:35:50', '2026-04-24 16:35:50', 0, 0, NULL, 1, '食品供应商'),
(5, 'SUP0005', '宝洁中国有限公司', 1, 5, 1, '孙总监', '18740677304', 'supplier5@pg.com', '广东省', '广州市', '天河区', '珠江新城', '汇丰银行广州分行', '4401060056789012', '9144010163321XXXXX', 60000.0, '1988-08-18', '许敏', '日用消费品个人护理家居清洁', 1, 1, '2026-04-24 16:35:50', '2026-04-24 16:35:50', 0, 0, NULL, 1, '快消品供应商'),
(6, 'SUP0006', '耐克体育中国有限公司', 3, 4, 1, '周经理', '13799418475', 'supplier6@nike.com', '上海市', '黄浦区', '南京东路', '中山东一路', '花旗银行上海分行', '3101010067890123', '9131000060738XXXXX', 30000.0, '1980-01-01', '董炜', '运动鞋服装备', 1, 1, '2026-04-24 16:35:50', '2026-04-24 16:35:50', 0, 0, NULL, 1, '运动品牌供应商'),
(7, 'SUP0007', '优衣库中国有限公司', 3, 4, 1, '吴采购', '13544441157', 'supplier7@uniqlo.com', '上海市', '徐汇区', '漕河泾', '宜山路', '三菱东京日联银行上海分行', '3101040078901234', '9131000071092XXXXX', 20000.0, '2002-09-06', '潘宁', '休闲服装配饰', 1, 1, '2026-04-24 16:35:50', '2026-04-24 16:35:50', 0, 0, NULL, 1, '服装供应商'),
(8, 'SUP0008', '中粮集团有限公司', 2, 5, 1, '郑经理', '13682749582', 'supplier8@cofco.com', '北京市', '朝阳区', '建国门', '建国门内大街8号', '农业银行北京分行', '1101050089012345', '9111000010110XXXXX', 100000.0, '1983-07-06', '吕军', '粮油食品地产金融', 1, 1, '2026-04-24 16:35:50', '2026-04-24 16:35:50', 0, 0, NULL, 1, '粮油供应商'),
(9, 'SUP0009', '顺丰速运有限公司', 4, 5, 1, '钱总监', '13585684437', 'supplier9@sf-express.com', '广东省', '深圳市', '福田区', '新洲路', '平安银行深圳分行', '4403040090123456', '9144030019238ZZZZZ', 15000.0, '1993-03-26', '王卫', '快递物流供应链管理', 1, 1, '2026-04-24 16:35:50', '2026-04-24 16:35:50', 0, 0, NULL, 1, '物流承运商'),
(10, 'SUP0010', '可口可乐中国有限公司', 1, 5, 1, '冯经理', '15143165270', 'supplier10@coca-cola.com', '上海市', '浦东新区', '金桥', '桂桥路', '渣打银行上海分行', '3101150011122233', '9131000060738YYYYY', 45000.0, '1927-01-01', '闻锋', '碳酸饮料果汁茶饮料', 1, 1, '2026-04-24 16:35:50', '2026-04-24 16:35:50', 0, 0, NULL, 1, '饮料供应商'),
(11, 'SUP0011', '联想集团有限公司', 1, 4, 1, '陈采购', '18749397619', 'supplier11@lenovo.com', '北京市', '海淀区', '中关村', '联想大厦', '工商银行北京分行', '1101080011223344', '9111000010110YYYYY', 35000.0, '1984-11-09', '杨元庆', '个人电脑智能设备数据中心', 1, 1, '2026-04-24 16:35:50', '2026-04-24 16:35:50', 0, 0, NULL, 1, 'IT设备供应商'),
(12, 'SUP0012', '小米通讯技术有限公司', 1, 4, 1, '褚经理', '13655884547', 'supplier12@xiaomi.com', '北京市', '海淀区', '清河中街', '小米科技园', '建设银行北京分行', '1101080011334455', '9111010855136XXXXX', 10000.0, '2010-04-06', '雷军', '智能手机IoT生活消费品', 1, 1, '2026-04-24 16:35:50', '2026-04-24 16:35:50', 0, 0, NULL, 1, '消费电子供应商'),
(13, 'SUP0013', '三只松鼠股份有限公司', 1, 3, 1, '卫采购', '15189072630', 'supplier13@3songshu.com', '安徽省', '芜湖市', '弋江区', '高新区', '徽商银行芜湖分行', '3402020011445566', '9134020059142XXXXX', 5000.0, '2012-02-16', '章燎原', '坚果干果零食', 1, 1, '2026-04-24 16:35:50', '2026-04-24 16:35:50', 0, 0, NULL, 1, '休闲食品供应商'),
(14, 'SUP0014', '农夫山泉股份有限公司', 1, 5, 1, '蒋经理', '15088337780', 'supplier14@nongfu.com', '浙江省', '杭州市', '西湖区', '曙光路', '招商银行杭州分行', '3301060011556677', '9133000014291XXXXX', 8000.0, '1996-09-26', '钟睒睒', '包装饮用水饮料', 1, 1, '2026-04-24 16:35:50', '2026-04-24 16:35:50', 0, 0, NULL, 1, '饮用水供应商'),
(15, 'SUP0015', '金龙鱼粮油食品股份有限公司', 1, 4, 1, '沈采购', '13926220977', 'supplier15@jinlongyu.com', '上海市', '浦东新区', '陆家嘴', '世纪大道', '中国银行上海分行', '3101150011667788', '9131000013222XXXXX', 20000.0, '2005-06-17', '郭孔丰', '食用油大米面粉', 1, 1, '2026-04-24 16:35:50', '2026-04-24 16:35:50', 0, 0, NULL, 1, '粮油供应商');


-- supplier_contact
INSERT INTO supplier_contact (id, supplier_id, contact_name, position, phone, email, wechat, is_primary, status, created_at, updated_at, created_by, updated_by, deleted_at, version, remark) VALUES
(1, 1, '张经理', '采购总监', '13946907231', 'zhang@huawei.com', 'zhang_mgr', 1, 1, '2026-04-24 16:35:50', '2026-04-24 16:35:50', 0, 0, NULL, 1, NULL),
(2, 1, '李助理', '采购助理', '15846116364', 'li@huawei.com', 'li_assist', 0, 1, '2026-04-24 16:35:50', '2026-04-24 16:35:50', 0, 0, NULL, 1, NULL),
(3, 2, '王总监', '供应链总监', '15914220896', 'wang@foxconn.com', 'wang_dir', 1, 1, '2026-04-24 16:35:50', '2026-04-24 16:35:50', 0, 0, NULL, 1, NULL),
(4, 3, '赵采购', '大客户经理', '13609929643', 'zhao@jd.com', 'zhao_sales', 1, 1, '2026-04-24 16:35:50', '2026-04-24 16:35:50', 0, 0, NULL, 1, NULL),
(5, 4, '孙经理', '销售经理', '15181332608', 'sun@yili.com', 'sun_sales', 1, 1, '2026-04-24 16:35:50', '2026-04-24 16:35:50', 0, 0, NULL, 1, NULL),
(6, 5, '周总监', '渠道总监', '15125670649', 'zhou@pg.com', 'zhou_ch', 1, 1, '2026-04-24 16:35:50', '2026-04-24 16:35:50', 0, 0, NULL, 1, NULL),
(7, 6, '吴经理', '批发经理', '13572821277', 'wu@nike.com', 'wu_wholesale', 1, 1, '2026-04-24 16:35:50', '2026-04-24 16:35:50', 0, 0, NULL, 1, NULL),
(8, 7, '郑采购', '采购主管', '18686963457', 'zheng@uniqlo.com', 'zheng_buyer', 1, 1, '2026-04-24 16:35:50', '2026-04-24 16:35:50', 0, 0, NULL, 1, NULL),
(9, 8, '钱经理', '销售总监', '13993427835', 'qian@cofco.com', 'qian_sales', 1, 1, '2026-04-24 16:35:50', '2026-04-24 16:35:50', 0, 0, NULL, 1, NULL),
(10, 9, '冯总监', '商务总监', '13582848731', 'feng@sf-express.com', 'feng_bd', 1, 1, '2026-04-24 16:35:50', '2026-04-24 16:35:50', 0, 0, NULL, 1, NULL),
(11, 10, '陈经理', '客户经理', '13919879983', 'chen@coca-cola.com', 'chen_sales', 1, 1, '2026-04-24 16:35:50', '2026-04-24 16:35:50', 0, 0, NULL, 1, NULL),
(12, 11, '褚采购', '渠道经理', '18832137236', 'chu@lenovo.com', 'chu_ch', 1, 1, '2026-04-24 16:35:50', '2026-04-24 16:35:50', 0, 0, NULL, 1, NULL),
(13, 12, '卫经理', '销售代表', '15012085920', 'wei@xiaomi.com', 'wei_rep', 1, 1, '2026-04-24 16:35:50', '2026-04-24 16:35:50', 0, 0, NULL, 1, NULL),
(14, 13, '蒋总监', '电商总监', '15293419340', 'jiang@3songshu.com', 'jiang_ec', 1, 1, '2026-04-24 16:35:50', '2026-04-24 16:35:50', 0, 0, NULL, 1, NULL),
(15, 14, '沈经理', 'KA经理', '15814679471', 'shen@nongfu.com', 'shen_ka', 1, 1, '2026-04-24 16:35:50', '2026-04-24 16:35:50', 0, 0, NULL, 1, NULL),
(16, 15, '韩采购', '采购经理', '15168692624', 'han@jinlongyu.com', 'han_buyer', 1, 1, '2026-04-24 16:35:50', '2026-04-24 16:35:50', 0, 0, NULL, 1, NULL),
(17, 4, '杨助理', '销售助理', '13780659331', 'yang@yili.com', 'yang_assist', 0, 1, '2026-04-24 16:35:50', '2026-04-24 16:35:50', 0, 0, NULL, 1, NULL),
(18, 6, '朱主管', '区域主管', '13998026903', 'zhu@nike.com', 'zhu_reg', 0, 1, '2026-04-24 16:35:50', '2026-04-24 16:35:50', 0, 0, NULL, 1, NULL),
(19, 9, '秦客服', '客服专员', '13672855827', 'qin@sf-express.com', 'qin_cs', 0, 1, '2026-04-24 16:35:50', '2026-04-24 16:35:50', 0, 0, NULL, 1, NULL),
(20, 12, '尤经理', '大客户经理', '18890811216', 'you@xiaomi.com', 'you_ka', 0, 1, '2026-04-24 16:35:50', '2026-04-24 16:35:50', 0, 0, NULL, 1, NULL);


-- supplier_rating
INSERT INTO supplier_rating (id, supplier_id, rating_period, quality_score, delivery_score, service_score, price_score, total_score, rating_level, evaluator_id, evaluate_date, status, created_at, updated_at, created_by, updated_by, deleted_at, version, remark) VALUES
(1, 1, '2024-Q1', 75, 74, 72, 79, 75.0, 3, 13, '2026-04-04', 1, '2026-04-24 16:35:50', '2026-04-24 16:35:50', 0, 0, NULL, 1, NULL),
(2, 1, '2024-Q2', 82, 88, 82, 68, 80.0, 4, 3, '2026-01-27', 1, '2026-04-24 16:35:50', '2026-04-24 16:35:50', 0, 0, NULL, 1, NULL),
(3, 1, '2024-Q3', 76, 74, 95, 81, 81.5, 4, 9, '2026-01-08', 1, '2026-04-24 16:35:50', '2026-04-24 16:35:50', 0, 0, NULL, 1, NULL),
(4, 1, '2024-Q4', 98, 72, 87, 82, 84.75, 4, 13, '2026-02-09', 1, '2026-04-24 16:35:50', '2026-04-24 16:35:50', 0, 0, NULL, 1, NULL),
(5, 1, '2025-Q1', 91, 88, 75, 82, 84.0, 4, 9, '2026-01-22', 1, '2026-04-24 16:35:50', '2026-04-24 16:35:50', 0, 0, NULL, 1, NULL),
(6, 2, '2024-Q1', 94, 71, 95, 93, 88.25, 4, 15, '2026-04-14', 1, '2026-04-24 16:35:50', '2026-04-24 16:35:50', 0, 0, NULL, 1, NULL),
(7, 2, '2024-Q2', 96, 86, 81, 82, 86.25, 4, 11, '2025-12-28', 1, '2026-04-24 16:35:50', '2026-04-24 16:35:50', 0, 0, NULL, 1, NULL),
(8, 2, '2024-Q3', 76, 85, 84, 81, 81.5, 4, 11, '2026-01-07', 1, '2026-04-24 16:35:50', '2026-04-24 16:35:50', 0, 0, NULL, 1, NULL),
(9, 2, '2024-Q4', 90, 92, 86, 70, 84.5, 4, 15, '2026-01-04', 1, '2026-04-24 16:35:50', '2026-04-24 16:35:50', 0, 0, NULL, 1, NULL),
(10, 2, '2025-Q1', 85, 89, 76, 70, 80.0, 4, 3, '2026-01-29', 1, '2026-04-24 16:35:50', '2026-04-24 16:35:50', 0, 0, NULL, 1, NULL),
(11, 3, '2024-Q1', 94, 90, 90, 85, 89.75, 4, 12, '2026-02-04', 1, '2026-04-24 16:35:50', '2026-04-24 16:35:50', 0, 0, NULL, 1, NULL),
(12, 3, '2024-Q2', 87, 89, 88, 77, 85.25, 4, 8, '2026-02-27', 1, '2026-04-24 16:35:50', '2026-04-24 16:35:50', 0, 0, NULL, 1, NULL),
(13, 3, '2024-Q3', 94, 83, 75, 93, 86.25, 4, 12, '2026-01-08', 1, '2026-04-24 16:35:50', '2026-04-24 16:35:50', 0, 0, NULL, 1, NULL),
(14, 3, '2024-Q4', 95, 90, 96, 85, 91.5, 5, 12, '2026-04-14', 1, '2026-04-24 16:35:50', '2026-04-24 16:35:50', 0, 0, NULL, 1, NULL),
(15, 3, '2025-Q1', 81, 83, 86, 75, 81.25, 4, 7, '2026-02-06', 1, '2026-04-24 16:35:50', '2026-04-24 16:35:50', 0, 0, NULL, 1, NULL),
(16, 4, '2024-Q1', 89, 82, 85, 91, 86.75, 4, 2, '2026-02-03', 1, '2026-04-24 16:35:50', '2026-04-24 16:35:50', 0, 0, NULL, 1, NULL),
(17, 4, '2024-Q2', 88, 80, 93, 76, 84.25, 4, 6, '2026-01-13', 1, '2026-04-24 16:35:50', '2026-04-24 16:35:50', 0, 0, NULL, 1, NULL),
(18, 4, '2024-Q3', 96, 85, 74, 70, 81.25, 4, 14, '2026-01-04', 1, '2026-04-24 16:35:50', '2026-04-24 16:35:50', 0, 0, NULL, 1, NULL),
(19, 4, '2024-Q4', 77, 83, 75, 91, 81.5, 4, 12, '2026-02-10', 1, '2026-04-24 16:35:50', '2026-04-24 16:35:50', 0, 0, NULL, 1, NULL),
(20, 4, '2025-Q1', 79, 87, 73, 86, 81.25, 4, 9, '2026-03-06', 1, '2026-04-24 16:35:50', '2026-04-24 16:35:50', 0, 0, NULL, 1, NULL),
(21, 5, '2024-Q1', 85, 91, 75, 81, 83.0, 4, 6, '2026-04-15', 1, '2026-04-24 16:35:50', '2026-04-24 16:35:50', 0, 0, NULL, 1, NULL),
(22, 5, '2024-Q2', 96, 94, 85, 95, 92.5, 5, 15, '2026-03-27', 1, '2026-04-24 16:35:50', '2026-04-24 16:35:50', 0, 0, NULL, 1, NULL),
(23, 5, '2024-Q3', 76, 79, 91, 77, 80.75, 4, 6, '2026-01-07', 1, '2026-04-24 16:35:50', '2026-04-24 16:35:50', 0, 0, NULL, 1, NULL),
(24, 5, '2024-Q4', 93, 86, 78, 72, 82.25, 4, 11, '2026-02-24', 1, '2026-04-24 16:35:50', '2026-04-24 16:35:50', 0, 0, NULL, 1, NULL),
(25, 5, '2025-Q1', 82, 97, 75, 79, 83.25, 4, 14, '2026-03-06', 1, '2026-04-24 16:35:50', '2026-04-24 16:35:50', 0, 0, NULL, 1, NULL),
(26, 6, '2024-Q1', 86, 73, 96, 76, 82.75, 4, 10, '2026-01-22', 1, '2026-04-24 16:35:50', '2026-04-24 16:35:50', 0, 0, NULL, 1, NULL),
(27, 6, '2024-Q2', 88, 97, 89, 92, 91.5, 5, 14, '2026-03-14', 1, '2026-04-24 16:35:50', '2026-04-24 16:35:50', 0, 0, NULL, 1, NULL),
(28, 6, '2024-Q3', 94, 91, 92, 85, 90.5, 5, 1, '2026-03-12', 1, '2026-04-24 16:35:50', '2026-04-24 16:35:50', 0, 0, NULL, 1, NULL),
(29, 6, '2024-Q4', 96, 96, 94, 76, 90.5, 5, 1, '2026-01-17', 1, '2026-04-24 16:35:50', '2026-04-24 16:35:50', 0, 0, NULL, 1, NULL),
(30, 6, '2025-Q1', 83, 92, 96, 77, 87.0, 4, 15, '2026-02-06', 1, '2026-04-24 16:35:50', '2026-04-24 16:35:50', 0, 0, NULL, 1, NULL),
(31, 7, '2024-Q1', 86, 70, 77, 95, 82.0, 4, 3, '2026-03-07', 1, '2026-04-24 16:35:50', '2026-04-24 16:35:50', 0, 0, NULL, 1, NULL),
(32, 7, '2024-Q2', 96, 82, 74, 72, 81.0, 4, 12, '2026-03-16', 1, '2026-04-24 16:35:50', '2026-04-24 16:35:50', 0, 0, NULL, 1, NULL),
(33, 7, '2024-Q3', 75, 72, 95, 84, 81.5, 4, 4, '2026-02-11', 1, '2026-04-24 16:35:50', '2026-04-24 16:35:50', 0, 0, NULL, 1, NULL),
(34, 7, '2024-Q4', 88, 84, 82, 73, 81.75, 4, 6, '2026-02-02', 1, '2026-04-24 16:35:50', '2026-04-24 16:35:50', 0, 0, NULL, 1, NULL),
(35, 7, '2025-Q1', 98, 80, 96, 86, 90.0, 5, 10, '2026-01-04', 1, '2026-04-24 16:35:50', '2026-04-24 16:35:50', 0, 0, NULL, 1, NULL),
(36, 8, '2024-Q1', 76, 74, 77, 92, 79.75, 3, 10, '2025-12-31', 1, '2026-04-24 16:35:50', '2026-04-24 16:35:50', 0, 0, NULL, 1, NULL),
(37, 8, '2024-Q2', 96, 72, 80, 82, 82.5, 4, 11, '2026-02-17', 1, '2026-04-24 16:35:50', '2026-04-24 16:35:50', 0, 0, NULL, 1, NULL),
(38, 8, '2024-Q3', 90, 89, 86, 81, 86.5, 4, 5, '2026-01-21', 1, '2026-04-24 16:35:50', '2026-04-24 16:35:50', 0, 0, NULL, 1, NULL),
(39, 8, '2024-Q4', 99, 86, 75, 79, 84.75, 4, 7, '2026-01-08', 1, '2026-04-24 16:35:50', '2026-04-24 16:35:50', 0, 0, NULL, 1, NULL),
(40, 8, '2025-Q1', 84, 91, 93, 86, 88.5, 4, 8, '2026-03-02', 1, '2026-04-24 16:35:50', '2026-04-24 16:35:50', 0, 0, NULL, 1, NULL),
(41, 9, '2024-Q1', 96, 79, 73, 75, 80.75, 4, 7, '2026-03-11', 1, '2026-04-24 16:35:50', '2026-04-24 16:35:50', 0, 0, NULL, 1, NULL),
(42, 9, '2024-Q2', 76, 70, 78, 77, 75.25, 3, 4, '2026-04-02', 1, '2026-04-24 16:35:50', '2026-04-24 16:35:50', 0, 0, NULL, 1, NULL),
(43, 9, '2024-Q3', 79, 94, 80, 77, 82.5, 4, 6, '2026-01-09', 1, '2026-04-24 16:35:50', '2026-04-24 16:35:50', 0, 0, NULL, 1, NULL),
(44, 9, '2024-Q4', 75, 85, 95, 81, 84.0, 4, 3, '2026-01-10', 1, '2026-04-24 16:35:50', '2026-04-24 16:35:50', 0, 0, NULL, 1, NULL),
(45, 9, '2025-Q1', 87, 87, 94, 75, 85.75, 4, 9, '2026-03-06', 1, '2026-04-24 16:35:50', '2026-04-24 16:35:50', 0, 0, NULL, 1, NULL),
(46, 10, '2024-Q1', 96, 95, 83, 70, 86.0, 4, 7, '2026-04-14', 1, '2026-04-24 16:35:50', '2026-04-24 16:35:50', 0, 0, NULL, 1, NULL),
(47, 10, '2024-Q2', 98, 71, 85, 68, 80.5, 4, 8, '2026-04-21', 1, '2026-04-24 16:35:50', '2026-04-24 16:35:50', 0, 0, NULL, 1, NULL),
(48, 10, '2024-Q3', 77, 97, 82, 86, 85.5, 4, 7, '2026-03-08', 1, '2026-04-24 16:35:50', '2026-04-24 16:35:50', 0, 0, NULL, 1, NULL),
(49, 10, '2024-Q4', 87, 92, 92, 81, 88.0, 4, 5, '2026-01-08', 1, '2026-04-24 16:35:50', '2026-04-24 16:35:50', 0, 0, NULL, 1, NULL),
(50, 10, '2025-Q1', 87, 70, 82, 73, 78.0, 3, 13, '2026-03-14', 1, '2026-04-24 16:35:50', '2026-04-24 16:35:50', 0, 0, NULL, 1, NULL),
(51, 11, '2024-Q1', 89, 96, 94, 79, 89.5, 4, 2, '2026-02-18', 1, '2026-04-24 16:35:50', '2026-04-24 16:35:50', 0, 0, NULL, 1, NULL),
(52, 11, '2024-Q2', 78, 77, 85, 86, 81.5, 4, 7, '2026-03-02', 1, '2026-04-24 16:35:50', '2026-04-24 16:35:50', 0, 0, NULL, 1, NULL),
(53, 11, '2024-Q3', 77, 82, 81, 91, 82.75, 4, 6, '2026-01-22', 1, '2026-04-24 16:35:50', '2026-04-24 16:35:50', 0, 0, NULL, 1, NULL),
(54, 11, '2024-Q4', 85, 94, 77, 70, 81.5, 4, 9, '2026-03-16', 1, '2026-04-24 16:35:50', '2026-04-24 16:35:50', 0, 0, NULL, 1, NULL),
(55, 11, '2025-Q1', 78, 86, 88, 74, 81.5, 4, 15, '2026-04-03', 1, '2026-04-24 16:35:50', '2026-04-24 16:35:50', 0, 0, NULL, 1, NULL),
(56, 12, '2024-Q1', 86, 81, 95, 94, 89.0, 4, 11, '2026-04-08', 1, '2026-04-24 16:35:50', '2026-04-24 16:35:50', 0, 0, NULL, 1, NULL),
(57, 12, '2024-Q2', 79, 77, 75, 72, 75.75, 3, 5, '2026-01-19', 1, '2026-04-24 16:35:50', '2026-04-24 16:35:50', 0, 0, NULL, 1, NULL),
(58, 12, '2024-Q3', 80, 89, 76, 92, 84.25, 4, 13, '2026-03-18', 1, '2026-04-24 16:35:50', '2026-04-24 16:35:50', 0, 0, NULL, 1, NULL),
(59, 12, '2024-Q4', 77, 75, 96, 88, 84.0, 4, 8, '2026-02-22', 1, '2026-04-24 16:35:50', '2026-04-24 16:35:50', 0, 0, NULL, 1, NULL),
(60, 12, '2025-Q1', 99, 88, 96, 86, 92.25, 5, 8, '2026-03-22', 1, '2026-04-24 16:35:50', '2026-04-24 16:35:50', 0, 0, NULL, 1, NULL),
(61, 13, '2024-Q1', 93, 90, 92, 87, 90.5, 5, 6, '2026-04-14', 1, '2026-04-24 16:35:50', '2026-04-24 16:35:50', 0, 0, NULL, 1, NULL),
(62, 13, '2024-Q2', 95, 80, 76, 82, 83.25, 4, 2, '2026-02-23', 1, '2026-04-24 16:35:50', '2026-04-24 16:35:50', 0, 0, NULL, 1, NULL),
(63, 13, '2024-Q3', 89, 90, 81, 93, 88.25, 4, 5, '2026-03-10', 1, '2026-04-24 16:35:50', '2026-04-24 16:35:50', 0, 0, NULL, 1, NULL),
(64, 13, '2024-Q4', 76, 81, 88, 70, 78.75, 3, 5, '2026-02-22', 1, '2026-04-24 16:35:50', '2026-04-24 16:35:50', 0, 0, NULL, 1, NULL),
(65, 13, '2025-Q1', 89, 71, 73, 79, 78.0, 3, 14, '2026-01-30', 1, '2026-04-24 16:35:50', '2026-04-24 16:35:50', 0, 0, NULL, 1, NULL),
(66, 14, '2024-Q1', 77, 90, 74, 87, 82.0, 4, 10, '2026-02-27', 1, '2026-04-24 16:35:50', '2026-04-24 16:35:50', 0, 0, NULL, 1, NULL),
(67, 14, '2024-Q2', 87, 84, 90, 85, 86.5, 4, 13, '2026-03-29', 1, '2026-04-24 16:35:50', '2026-04-24 16:35:50', 0, 0, NULL, 1, NULL),
(68, 14, '2024-Q3', 76, 84, 97, 86, 85.75, 4, 11, '2026-01-18', 1, '2026-04-24 16:35:50', '2026-04-24 16:35:50', 0, 0, NULL, 1, NULL),
(69, 14, '2024-Q4', 85, 89, 87, 84, 86.25, 4, 3, '2026-01-01', 1, '2026-04-24 16:35:50', '2026-04-24 16:35:50', 0, 0, NULL, 1, NULL),
(70, 14, '2025-Q1', 89, 73, 97, 94, 88.25, 4, 6, '2026-03-26', 1, '2026-04-24 16:35:50', '2026-04-24 16:35:50', 0, 0, NULL, 1, NULL),
(71, 15, '2024-Q1', 77, 86, 92, 73, 82.0, 4, 1, '2026-01-25', 1, '2026-04-24 16:35:50', '2026-04-24 16:35:50', 0, 0, NULL, 1, NULL),
(72, 15, '2024-Q2', 97, 84, 86, 84, 87.75, 4, 9, '2026-03-13', 1, '2026-04-24 16:35:50', '2026-04-24 16:35:50', 0, 0, NULL, 1, NULL),
(73, 15, '2024-Q3', 80, 81, 83, 77, 80.25, 4, 7, '2026-02-15', 1, '2026-04-24 16:35:50', '2026-04-24 16:35:50', 0, 0, NULL, 1, NULL),
(74, 15, '2024-Q4', 99, 80, 93, 87, 89.75, 4, 1, '2026-04-05', 1, '2026-04-24 16:35:50', '2026-04-24 16:35:50', 0, 0, NULL, 1, NULL),
(75, 15, '2025-Q1', 95, 90, 82, 70, 84.25, 4, 6, '2026-01-06', 1, '2026-04-24 16:35:50', '2026-04-24 16:35:50', 0, 0, NULL, 1, NULL);


-- supplier_contract
INSERT INTO supplier_contract (id, contract_no, supplier_id, contract_type, contract_name, start_date, end_date, amount_limit, payment_terms, delivery_terms, penalty_clause, attachment_url, sign_date, signatory, audit_status, status, created_at, updated_at, created_by, updated_by, deleted_at, version, remark) VALUES
(1, 'CT2024001', 1, 1, '华为年度采购框架协议', '2024-01-01', '2024-12-31', 50000000.0, '月结30天', 'JIT交付', '违约金为合同金额10%', NULL, '2024-01-05', '张三', 1, 1, '2026-04-24 16:35:50', '2026-04-24 16:35:50', 0, 0, NULL, 1, '年度框架协议'),
(2, 'CT2024002', 2, 2, '富士康代工服务协议', '2024-01-01', '2024-12-31', 80000000.0, '预付30%月结70%', '按订单生产', '延迟交付按日0.5%扣款', NULL, '2024-01-10', '张三', 1, 1, '2026-04-24 16:35:50', '2026-04-24 16:35:50', 0, 0, NULL, 1, '代工协议'),
(3, 'CT2024003', 4, 1, '伊利乳制品采购合同', '2024-02-01', '2024-12-31', 20000000.0, '货到付款', '每周配送2次', '质量问题无条件退换', NULL, '2024-02-05', '赵六', 1, 1, '2026-04-24 16:35:50', '2026-04-24 16:35:50', 0, 0, NULL, 1, '乳制品采购'),
(4, 'CT2024004', 5, 1, '宝洁日化产品采购协议', '2024-03-01', '2025-02-28', 15000000.0, '月结45天', '每月15日配送', '首批支持退换', NULL, '2024-03-01', '赵六', 1, 1, '2026-04-24 16:35:50', '2026-04-24 16:35:50', 0, 0, NULL, 1, '日化采购'),
(5, 'CT2024005', 6, 2, '耐克运动鞋服经销合同', '2024-01-01', '2024-12-31', 30000000.0, '预付20%季结80%', '季度补货', '季末可退换20%', NULL, '2024-01-15', '李四', 1, 1, '2026-04-24 16:35:50', '2026-04-24 16:35:50', 0, 0, NULL, 1, '经销合同'),
(6, 'CT2024006', 9, 3, '顺丰物流运输服务协议', '2024-01-01', '2024-12-31', 10000000.0, '月结30天', '次日达', '货损全额赔付', NULL, '2024-01-08', '王五', 1, 1, '2026-04-24 16:35:50', '2026-04-24 16:35:50', 0, 0, NULL, 1, '物流协议'),
(7, 'CT2024007', 10, 1, '可口可乐饮料采购合同', '2024-04-01', '2025-03-31', 12000000.0, '月结30天', '每周配送', '夏季旺季优先供应', NULL, '2024-04-01', '赵六', 1, 1, '2026-04-24 16:35:50', '2026-04-24 16:35:50', 0, 0, NULL, 1, '饮料采购'),
(8, 'CT2024008', 14, 1, '农夫山泉饮用水采购协议', '2024-05-01', '2025-04-30', 8000000.0, '货到付款', '每周配送3次', '支持季节性调价', NULL, '2024-05-05', '赵六', 1, 1, '2026-04-24 16:35:50', '2026-04-24 16:35:50', 0, 0, NULL, 1, '饮用水采购'),
(9, 'CT2024009', 11, 1, '联想电脑设备采购合同', '2024-06-01', '2025-05-31', 25000000.0, '预付30%到货70%', '按订单交付', '质保三年上门', NULL, '2024-06-01', '张三', 1, 1, '2026-04-24 16:35:50', '2026-04-24 16:35:50', 0, 0, NULL, 1, 'IT设备采购'),
(10, 'CT2024010', 3, 2, '京东渠道供货协议', '2024-07-01', '2025-06-30', 18000000.0, '实销实结', 'JIT补货', '滞销可退', NULL, '2024-07-01', '李四', 1, 1, '2026-04-24 16:35:50', '2026-04-24 16:35:50', 0, 0, NULL, 1, '渠道协议');


-- supplier_product
INSERT INTO supplier_product (id, supplier_id, sku_id, supplier_sku_code, supplier_sku_name, purchase_price, tax_rate, min_order_qty, lead_time_days, is_primary, effective_date, expiry_date, status, created_at, updated_at, created_by, updated_by, deleted_at, version, remark) VALUES
(1, 1, 1, 'SKU000101', '华为Mate60 Pro智能手机 雅川青/256GB', 5043.1706, 13.0, 1.0, 9, 1, '2026-01-06', '2026-12-24', 1, '2026-04-24 16:35:50', '2026-04-24 16:35:50', 0, 0, NULL, 1, NULL),
(2, 1, 2, 'SKU000102', '华为Mate60 Pro智能手机 雅川青/512GB', 5167.7575, 13.0, 1.0, 13, 1, '2026-03-29', '2026-11-28', 1, '2026-04-24 16:35:50', '2026-04-24 16:35:50', 0, 0, NULL, 1, NULL),
(3, 1, 3, 'SKU000103', '华为Mate60 Pro智能手机 雅川青/1TB', 4866.905, 13.0, 1.0, 12, 1, '2026-04-13', '2026-11-26', 1, '2026-04-24 16:35:50', '2026-04-24 16:35:50', 0, 0, NULL, 1, NULL),
(4, 1, 4, 'SKU000104', '华为Mate60 Pro智能手机 南糯紫/256GB', 5271.0882, 13.0, 1.0, 7, 1, '2026-04-11', '2027-04-17', 1, '2026-04-24 16:35:50', '2026-04-24 16:35:50', 0, 0, NULL, 1, NULL),
(5, 1, 5, 'SKU000105', '华为Mate60 Pro智能手机 南糯紫/512GB', 4917.2411, 13.0, 1.0, 5, 1, '2026-03-27', '2027-04-20', 1, '2026-04-24 16:35:50', '2026-04-24 16:35:50', 0, 0, NULL, 1, NULL),
(6, 1, 6, 'SKU000106', '华为Mate60 Pro智能手机 南糯紫/1TB', 5346.4339, 13.0, 1.0, 7, 1, '2026-03-18', '2027-01-25', 1, '2026-04-24 16:35:50', '2026-04-24 16:35:50', 0, 0, NULL, 1, NULL),
(7, 1, 7, 'SKU000107', '华为Mate60 Pro智能手机 白沙银/256GB', 4900.3218, 13.0, 1.0, 8, 1, '2025-11-27', '2027-04-10', 1, '2026-04-24 16:35:50', '2026-04-24 16:35:50', 0, 0, NULL, 1, NULL),
(8, 1, 8, 'SKU000108', '华为Mate60 Pro智能手机 白沙银/512GB', 5116.101, 13.0, 1.0, 14, 1, '2026-04-19', '2027-03-04', 1, '2026-04-24 16:35:50', '2026-04-24 16:35:50', 0, 0, NULL, 1, NULL),
(9, 1, 9, 'SKU000109', '华为Mate60 Pro智能手机 白沙银/1TB', 4600.713, 13.0, 1.0, 13, 1, '2026-02-11', '2027-02-28', 1, '2026-04-24 16:35:50', '2026-04-24 16:35:50', 0, 0, NULL, 1, NULL),
(10, 1, 10, 'SKU000110', '华为Mate60 Pro智能手机 雅丹黑/256GB', 4729.4242, 13.0, 1.0, 8, 1, '2026-01-13', '2026-12-06', 1, '2026-04-24 16:35:50', '2026-04-24 16:35:50', 0, 0, NULL, 1, NULL),
(11, 1, 11, 'SKU000111', '华为Mate60 Pro智能手机 雅丹黑/512GB', 5384.5993, 13.0, 1.0, 8, 1, '2026-02-27', '2026-12-09', 1, '2026-04-24 16:35:50', '2026-04-24 16:35:50', 0, 0, NULL, 1, NULL),
(12, 1, 12, 'SKU000112', '华为Mate60 Pro智能手机 雅丹黑/1TB', 4779.0505, 13.0, 1.0, 5, 1, '2025-12-04', '2026-11-09', 1, '2026-04-24 16:35:50', '2026-04-24 16:35:50', 0, 0, NULL, 1, NULL),
(13, 1, 13, 'SKU000201', 'iPhone 15 Pro Max 原色钛金属/256GB', 6608.3659, 13.0, 1.0, 4, 1, '2026-03-04', '2027-03-08', 1, '2026-04-24 16:35:50', '2026-04-24 16:35:50', 0, 0, NULL, 1, NULL),
(14, 1, 14, 'SKU000202', 'iPhone 15 Pro Max 原色钛金属/512GB', 7299.2229, 13.0, 1.0, 11, 1, '2025-11-04', '2027-04-08', 1, '2026-04-24 16:35:50', '2026-04-24 16:35:50', 0, 0, NULL, 1, NULL),
(15, 1, 15, 'SKU000203', 'iPhone 15 Pro Max 原色钛金属/1TB', 6731.6041, 13.0, 1.0, 12, 1, '2025-11-28', '2027-03-22', 1, '2026-04-24 16:35:50', '2026-04-24 16:35:50', 0, 0, NULL, 1, NULL),
(16, 1, 16, 'SKU000204', 'iPhone 15 Pro Max 蓝色钛金属/256GB', 6873.601, 13.0, 1.0, 5, 1, '2025-12-11', '2027-04-16', 1, '2026-04-24 16:35:50', '2026-04-24 16:35:50', 0, 0, NULL, 1, NULL),
(17, 1, 17, 'SKU000205', 'iPhone 15 Pro Max 蓝色钛金属/512GB', 7157.3994, 13.0, 1.0, 5, 1, '2026-02-15', '2026-11-01', 1, '2026-04-24 16:35:50', '2026-04-24 16:35:50', 0, 0, NULL, 1, NULL),
(18, 1, 18, 'SKU000206', 'iPhone 15 Pro Max 蓝色钛金属/1TB', 6891.5293, 13.0, 1.0, 13, 1, '2025-12-25', '2027-02-11', 1, '2026-04-24 16:35:50', '2026-04-24 16:35:50', 0, 0, NULL, 1, NULL),
(19, 1, 19, 'SKU000207', 'iPhone 15 Pro Max 白色钛金属/256GB', 6962.3874, 13.0, 1.0, 14, 1, '2026-02-17', '2026-12-19', 1, '2026-04-24 16:35:50', '2026-04-24 16:35:50', 0, 0, NULL, 1, NULL),
(20, 1, 20, 'SKU000208', 'iPhone 15 Pro Max 白色钛金属/512GB', 7117.8041, 13.0, 1.0, 7, 1, '2026-02-23', '2026-12-09', 1, '2026-04-24 16:35:50', '2026-04-24 16:35:50', 0, 0, NULL, 1, NULL),
(21, 1, 21, 'SKU000209', 'iPhone 15 Pro Max 白色钛金属/1TB', 6775.1162, 13.0, 1.0, 12, 1, '2026-02-15', '2027-02-16', 1, '2026-04-24 16:35:50', '2026-04-24 16:35:50', 0, 0, NULL, 1, NULL),
(22, 1, 22, 'SKU000210', 'iPhone 15 Pro Max 黑色钛金属/256GB', 7426.3017, 13.0, 1.0, 9, 1, '2026-03-03', '2027-03-05', 1, '2026-04-24 16:35:50', '2026-04-24 16:35:50', 0, 0, NULL, 1, NULL),
(23, 1, 23, 'SKU000211', 'iPhone 15 Pro Max 黑色钛金属/512GB', 6908.5103, 13.0, 1.0, 5, 1, '2025-12-16', '2027-03-24', 1, '2026-04-24 16:35:50', '2026-04-24 16:35:50', 0, 0, NULL, 1, NULL),
(24, 1, 24, 'SKU000212', 'iPhone 15 Pro Max 黑色钛金属/1TB', 6462.1986, 13.0, 1.0, 7, 1, '2025-11-08', '2027-04-03', 1, '2026-04-24 16:35:50', '2026-04-24 16:35:50', 0, 0, NULL, 1, NULL),
(25, 1, 25, 'SKU000301', '小米14 黑色/256GB', 2822.889, 13.0, 1.0, 8, 1, '2026-03-16', '2026-11-16', 1, '2026-04-24 16:35:50', '2026-04-24 16:35:50', 0, 0, NULL, 1, NULL),
(26, 1, 26, 'SKU000302', '小米14 黑色/512GB', 2803.5277, 13.0, 1.0, 11, 1, '2025-11-26', '2027-01-01', 1, '2026-04-24 16:35:50', '2026-04-24 16:35:50', 0, 0, NULL, 1, NULL),
(27, 1, 27, 'SKU000303', '小米14 黑色/1TB', 2680.5923, 13.0, 1.0, 5, 1, '2026-01-03', '2027-02-13', 1, '2026-04-24 16:35:50', '2026-04-24 16:35:50', 0, 0, NULL, 1, NULL),
(28, 1, 28, 'SKU000304', '小米14 白色/256GB', 3150.2857, 13.0, 1.0, 5, 1, '2026-02-14', '2026-11-13', 1, '2026-04-24 16:35:50', '2026-04-24 16:35:50', 0, 0, NULL, 1, NULL),
(29, 1, 29, 'SKU000305', '小米14 白色/512GB', 3154.2222, 13.0, 1.0, 6, 1, '2026-02-18', '2027-01-18', 1, '2026-04-24 16:35:50', '2026-04-24 16:35:50', 0, 0, NULL, 1, NULL),
(30, 1, 30, 'SKU000306', '小米14 白色/1TB', 2919.1605, 13.0, 1.0, 9, 1, '2025-11-08', '2027-01-30', 1, '2026-04-24 16:35:50', '2026-04-24 16:35:50', 0, 0, NULL, 1, NULL),
(31, 1, 31, 'SKU000307', '小米14 岩石青/256GB', 2716.788, 13.0, 1.0, 6, 1, '2026-02-01', '2026-11-10', 1, '2026-04-24 16:35:50', '2026-04-24 16:35:50', 0, 0, NULL, 1, NULL),
(32, 1, 32, 'SKU000308', '小米14 岩石青/512GB', 2751.9323, 13.0, 1.0, 3, 1, '2026-01-15', '2026-11-15', 1, '2026-04-24 16:35:50', '2026-04-24 16:35:50', 0, 0, NULL, 1, NULL),
(33, 1, 33, 'SKU000309', '小米14 岩石青/1TB', 3012.6809, 13.0, 1.0, 13, 1, '2026-01-19', '2026-11-27', 1, '2026-04-24 16:35:50', '2026-04-24 16:35:50', 0, 0, NULL, 1, NULL),
(34, 1, 34, 'SKU000310', '小米14 雪山粉/256GB', 2736.6851, 13.0, 1.0, 7, 1, '2026-02-23', '2027-04-17', 1, '2026-04-24 16:35:50', '2026-04-24 16:35:50', 0, 0, NULL, 1, NULL),
(35, 1, 35, 'SKU000311', '小米14 雪山粉/512GB', 3092.6095, 13.0, 1.0, 14, 1, '2026-02-23', '2027-02-12', 1, '2026-04-24 16:35:50', '2026-04-24 16:35:50', 0, 0, NULL, 1, NULL),
(36, 1, 36, 'SKU000312', '小米14 雪山粉/1TB', 3011.739, 13.0, 1.0, 4, 1, '2025-10-30', '2026-12-25', 1, '2026-04-24 16:35:50', '2026-04-24 16:35:50', 0, 0, NULL, 1, NULL),
(37, 1, 40, 'SKU000501', '华为FreeBuds Pro 3 冰霜银', 840.8363, 13.0, 1.0, 5, 1, '2026-03-15', '2027-03-25', 1, '2026-04-24 16:35:50', '2026-04-24 16:35:50', 0, 0, NULL, 1, NULL),
(38, 1, 41, 'SKU000502', '华为FreeBuds Pro 3 陶瓷白', 990.7723, 13.0, 1.0, 4, 1, '2026-01-07', '2026-12-20', 1, '2026-04-24 16:35:50', '2026-04-24 16:35:50', 0, 0, NULL, 1, NULL),
(39, 1, 86, 'SKU001301', '华为MatePad Pro平板 曜金黑/256GB', 3334.6875, 13.0, 1.0, 3, 1, '2025-12-26', '2027-02-05', 1, '2026-04-24 16:35:50', '2026-04-24 16:35:50', 0, 0, NULL, 1, NULL),
(40, 1, 87, 'SKU001302', '华为MatePad Pro平板 曜金黑/512GB', 3543.2645, 13.0, 1.0, 12, 1, '2026-02-20', '2026-11-06', 1, '2026-04-24 16:35:50', '2026-04-24 16:35:50', 0, 0, NULL, 1, NULL),
(41, 1, 88, 'SKU001303', '华为MatePad Pro平板 晶钻白/256GB', 3210.0817, 13.0, 1.0, 10, 1, '2026-03-27', '2027-03-07', 1, '2026-04-24 16:35:50', '2026-04-24 16:35:50', 0, 0, NULL, 1, NULL),
(42, 1, 89, 'SKU001304', '华为MatePad Pro平板 晶钻白/512GB', 3156.0694, 13.0, 1.0, 11, 1, '2026-03-22', '2026-12-21', 1, '2026-04-24 16:35:50', '2026-04-24 16:35:50', 0, 0, NULL, 1, NULL),
(43, 1, 90, 'SKU001305', '华为MatePad Pro平板 星河蓝/256GB', 3575.3968, 13.0, 1.0, 7, 1, '2026-02-12', '2026-10-21', 1, '2026-04-24 16:35:50', '2026-04-24 16:35:50', 0, 0, NULL, 1, NULL),
(44, 1, 91, 'SKU001306', '华为MatePad Pro平板 星河蓝/512GB', 3525.2197, 13.0, 1.0, 6, 1, '2026-03-21', '2027-02-04', 1, '2026-04-24 16:35:50', '2026-04-24 16:35:50', 0, 0, NULL, 1, NULL),
(45, 2, 1, 'SKU000101', '华为Mate60 Pro智能手机 雅川青/256GB', 4721.3284, 13.0, 1.0, 13, 1, '2025-11-16', '2027-03-04', 1, '2026-04-24 16:35:50', '2026-04-24 16:35:50', 0, 0, NULL, 1, NULL),
(46, 2, 2, 'SKU000102', '华为Mate60 Pro智能手机 雅川青/512GB', 5384.8241, 13.0, 1.0, 4, 1, '2026-03-09', '2027-03-09', 1, '2026-04-24 16:35:50', '2026-04-24 16:35:50', 0, 0, NULL, 1, NULL),
(47, 2, 3, 'SKU000103', '华为Mate60 Pro智能手机 雅川青/1TB', 5018.5474, 13.0, 1.0, 11, 1, '2026-03-16', '2026-10-26', 1, '2026-04-24 16:35:50', '2026-04-24 16:35:50', 0, 0, NULL, 1, NULL),
(48, 2, 4, 'SKU000104', '华为Mate60 Pro智能手机 南糯紫/256GB', 4821.2342, 13.0, 1.0, 10, 1, '2025-11-06', '2027-04-01', 1, '2026-04-24 16:35:50', '2026-04-24 16:35:50', 0, 0, NULL, 1, NULL),
(49, 2, 5, 'SKU000105', '华为Mate60 Pro智能手机 南糯紫/512GB', 4688.3069, 13.0, 1.0, 8, 1, '2025-12-29', '2026-10-25', 1, '2026-04-24 16:35:50', '2026-04-24 16:35:50', 0, 0, NULL, 1, NULL),
(50, 2, 6, 'SKU000106', '华为Mate60 Pro智能手机 南糯紫/1TB', 4844.5291, 13.0, 1.0, 4, 1, '2026-01-22', '2026-12-21', 1, '2026-04-24 16:35:50', '2026-04-24 16:35:50', 0, 0, NULL, 1, NULL),
(51, 2, 7, 'SKU000107', '华为Mate60 Pro智能手机 白沙银/256GB', 4974.6958, 13.0, 1.0, 13, 1, '2025-11-21', '2027-03-18', 1, '2026-04-24 16:35:50', '2026-04-24 16:35:50', 0, 0, NULL, 1, NULL),
(52, 2, 8, 'SKU000108', '华为Mate60 Pro智能手机 白沙银/512GB', 5143.9091, 13.0, 1.0, 8, 1, '2025-11-29', '2026-11-01', 1, '2026-04-24 16:35:50', '2026-04-24 16:35:50', 0, 0, NULL, 1, NULL),
(53, 2, 9, 'SKU000109', '华为Mate60 Pro智能手机 白沙银/1TB', 4823.5795, 13.0, 1.0, 8, 1, '2026-04-08', '2026-12-04', 1, '2026-04-24 16:35:50', '2026-04-24 16:35:50', 0, 0, NULL, 1, NULL),
(54, 2, 10, 'SKU000110', '华为Mate60 Pro智能手机 雅丹黑/256GB', 5124.3041, 13.0, 1.0, 13, 1, '2026-02-21', '2027-04-17', 1, '2026-04-24 16:35:50', '2026-04-24 16:35:50', 0, 0, NULL, 1, NULL),
(55, 2, 11, 'SKU000111', '华为Mate60 Pro智能手机 雅丹黑/512GB', 4974.1982, 13.0, 1.0, 5, 1, '2025-11-29', '2026-11-06', 1, '2026-04-24 16:35:50', '2026-04-24 16:35:50', 0, 0, NULL, 1, NULL),
(56, 2, 12, 'SKU000112', '华为Mate60 Pro智能手机 雅丹黑/1TB', 5206.2096, 13.0, 1.0, 10, 1, '2025-11-04', '2027-01-04', 1, '2026-04-24 16:35:50', '2026-04-24 16:35:50', 0, 0, NULL, 1, NULL),
(57, 2, 13, 'SKU000201', 'iPhone 15 Pro Max 原色钛金属/256GB', 6496.1158, 13.0, 1.0, 6, 1, '2025-11-05', '2027-01-09', 1, '2026-04-24 16:35:50', '2026-04-24 16:35:50', 0, 0, NULL, 1, NULL),
(58, 2, 14, 'SKU000202', 'iPhone 15 Pro Max 原色钛金属/512GB', 7417.0772, 13.0, 1.0, 11, 1, '2026-02-04', '2027-03-09', 1, '2026-04-24 16:35:50', '2026-04-24 16:35:50', 0, 0, NULL, 1, NULL),
(59, 2, 15, 'SKU000203', 'iPhone 15 Pro Max 原色钛金属/1TB', 6896.2388, 13.0, 1.0, 3, 1, '2026-04-09', '2026-12-08', 1, '2026-04-24 16:35:50', '2026-04-24 16:35:50', 0, 0, NULL, 1, NULL),
(60, 2, 16, 'SKU000204', 'iPhone 15 Pro Max 蓝色钛金属/256GB', 6762.9131, 13.0, 1.0, 3, 1, '2026-04-11', '2027-01-13', 1, '2026-04-24 16:35:50', '2026-04-24 16:35:50', 0, 0, NULL, 1, NULL),
(61, 2, 17, 'SKU000205', 'iPhone 15 Pro Max 蓝色钛金属/512GB', 6565.558, 13.0, 1.0, 8, 1, '2026-02-14', '2027-01-31', 1, '2026-04-24 16:35:50', '2026-04-24 16:35:50', 0, 0, NULL, 1, NULL),
(62, 2, 18, 'SKU000206', 'iPhone 15 Pro Max 蓝色钛金属/1TB', 7296.2528, 13.0, 1.0, 9, 1, '2026-01-20', '2026-12-07', 1, '2026-04-24 16:35:50', '2026-04-24 16:35:50', 0, 0, NULL, 1, NULL),
(63, 2, 19, 'SKU000207', 'iPhone 15 Pro Max 白色钛金属/256GB', 6826.4894, 13.0, 1.0, 10, 1, '2026-01-28', '2027-03-02', 1, '2026-04-24 16:35:50', '2026-04-24 16:35:50', 0, 0, NULL, 1, NULL),
(64, 2, 20, 'SKU000208', 'iPhone 15 Pro Max 白色钛金属/512GB', 6788.8765, 13.0, 1.0, 4, 1, '2026-02-11', '2026-11-10', 1, '2026-04-24 16:35:50', '2026-04-24 16:35:50', 0, 0, NULL, 1, NULL),
(65, 2, 21, 'SKU000209', 'iPhone 15 Pro Max 白色钛金属/1TB', 6850.8122, 13.0, 1.0, 5, 1, '2026-03-14', '2027-01-04', 1, '2026-04-24 16:35:50', '2026-04-24 16:35:50', 0, 0, NULL, 1, NULL),
(66, 2, 22, 'SKU000210', 'iPhone 15 Pro Max 黑色钛金属/256GB', 6873.315, 13.0, 1.0, 4, 1, '2026-01-17', '2027-04-08', 1, '2026-04-24 16:35:50', '2026-04-24 16:35:50', 0, 0, NULL, 1, NULL),
(67, 2, 23, 'SKU000211', 'iPhone 15 Pro Max 黑色钛金属/512GB', 6758.5823, 13.0, 1.0, 10, 1, '2026-03-29', '2027-04-22', 1, '2026-04-24 16:35:50', '2026-04-24 16:35:50', 0, 0, NULL, 1, NULL),
(68, 2, 24, 'SKU000212', 'iPhone 15 Pro Max 黑色钛金属/1TB', 6807.2525, 13.0, 1.0, 14, 1, '2026-02-16', '2027-01-18', 1, '2026-04-24 16:35:50', '2026-04-24 16:35:50', 0, 0, NULL, 1, NULL),
(69, 2, 37, 'SKU000401', '联想拯救者Y9000P i9-14900HX/32G/1T/RTX4090', 10256.2007, 13.0, 1.0, 14, 1, '2026-01-24', '2027-03-27', 1, '2026-04-24 16:35:50', '2026-04-24 16:35:50', 0, 0, NULL, 1, NULL),
(70, 2, 38, 'SKU000402', '联想拯救者Y9000P i9-14900HX/16G/1T/RTX4080', 11305.1538, 13.0, 1.0, 7, 1, '2026-04-07', '2026-11-04', 1, '2026-04-24 16:35:50', '2026-04-24 16:35:50', 0, 0, NULL, 1, NULL),
(71, 2, 39, 'SKU000403', '联想拯救者Y9000P i7-14700HX/16G/512G/RTX4070', 9621.4974, 13.0, 1.0, 13, 1, '2026-02-06', '2027-01-22', 1, '2026-04-24 16:35:50', '2026-04-24 16:35:50', 0, 0, NULL, 1, NULL),
(72, 3, 1, 'SKU000101', '华为Mate60 Pro智能手机 雅川青/256GB', 5004.2029, 13.0, 1.0, 14, 0, '2026-04-17', '2026-11-30', 1, '2026-04-24 16:35:50', '2026-04-24 16:35:50', 0, 0, NULL, 1, NULL),
(73, 3, 2, 'SKU000102', '华为Mate60 Pro智能手机 雅川青/512GB', 5365.9091, 13.0, 1.0, 5, 0, '2026-03-30', '2027-04-12', 1, '2026-04-24 16:35:50', '2026-04-24 16:35:50', 0, 0, NULL, 1, NULL),
(74, 3, 3, 'SKU000103', '华为Mate60 Pro智能手机 雅川青/1TB', 5257.374, 13.0, 1.0, 3, 0, '2025-11-27', '2026-11-07', 1, '2026-04-24 16:35:50', '2026-04-24 16:35:50', 0, 0, NULL, 1, NULL),
(75, 3, 4, 'SKU000104', '华为Mate60 Pro智能手机 南糯紫/256GB', 4689.2094, 13.0, 1.0, 13, 0, '2026-01-27', '2027-01-21', 1, '2026-04-24 16:35:50', '2026-04-24 16:35:50', 0, 0, NULL, 1, NULL),
(76, 3, 5, 'SKU000105', '华为Mate60 Pro智能手机 南糯紫/512GB', 4684.9577, 13.0, 1.0, 12, 0, '2025-11-03', '2027-03-24', 1, '2026-04-24 16:35:50', '2026-04-24 16:35:50', 0, 0, NULL, 1, NULL),
(77, 3, 6, 'SKU000106', '华为Mate60 Pro智能手机 南糯紫/1TB', 4668.5706, 13.0, 1.0, 10, 0, '2026-01-28', '2027-01-24', 1, '2026-04-24 16:35:50', '2026-04-24 16:35:50', 0, 0, NULL, 1, NULL),
(78, 3, 7, 'SKU000107', '华为Mate60 Pro智能手机 白沙银/256GB', 4734.3966, 13.0, 1.0, 4, 0, '2026-03-21', '2026-11-25', 1, '2026-04-24 16:35:50', '2026-04-24 16:35:50', 0, 0, NULL, 1, NULL),
(79, 3, 8, 'SKU000108', '华为Mate60 Pro智能手机 白沙银/512GB', 4967.099, 13.0, 1.0, 9, 0, '2026-01-14', '2027-04-05', 1, '2026-04-24 16:35:50', '2026-04-24 16:35:50', 0, 0, NULL, 1, NULL),
(80, 3, 9, 'SKU000109', '华为Mate60 Pro智能手机 白沙银/1TB', 4760.2019, 13.0, 1.0, 4, 0, '2025-11-01', '2026-12-07', 1, '2026-04-24 16:35:50', '2026-04-24 16:35:50', 0, 0, NULL, 1, NULL),
(81, 3, 10, 'SKU000110', '华为Mate60 Pro智能手机 雅丹黑/256GB', 4845.0643, 13.0, 1.0, 9, 0, '2026-03-18', '2026-11-20', 1, '2026-04-24 16:35:50', '2026-04-24 16:35:50', 0, 0, NULL, 1, NULL),
(82, 3, 11, 'SKU000111', '华为Mate60 Pro智能手机 雅丹黑/512GB', 4785.9859, 13.0, 1.0, 7, 0, '2026-04-24', '2027-02-12', 1, '2026-04-24 16:35:50', '2026-04-24 16:35:50', 0, 0, NULL, 1, NULL),
(83, 3, 12, 'SKU000112', '华为Mate60 Pro智能手机 雅丹黑/1TB', 4768.6027, 13.0, 1.0, 12, 0, '2026-01-07', '2027-04-16', 1, '2026-04-24 16:35:50', '2026-04-24 16:35:50', 0, 0, NULL, 1, NULL),
(84, 3, 13, 'SKU000201', 'iPhone 15 Pro Max 原色钛金属/256GB', 7347.9763, 13.0, 1.0, 10, 0, '2025-12-16', '2026-11-21', 1, '2026-04-24 16:35:50', '2026-04-24 16:35:50', 0, 0, NULL, 1, NULL),
(85, 3, 14, 'SKU000202', 'iPhone 15 Pro Max 原色钛金属/512GB', 6460.289, 13.0, 1.0, 4, 0, '2026-02-18', '2026-12-04', 1, '2026-04-24 16:35:50', '2026-04-24 16:35:50', 0, 0, NULL, 1, NULL),
(86, 3, 15, 'SKU000203', 'iPhone 15 Pro Max 原色钛金属/1TB', 7408.6663, 13.0, 1.0, 10, 0, '2025-11-17', '2027-04-13', 1, '2026-04-24 16:35:50', '2026-04-24 16:35:50', 0, 0, NULL, 1, NULL),
(87, 3, 16, 'SKU000204', 'iPhone 15 Pro Max 蓝色钛金属/256GB', 7595.3728, 13.0, 1.0, 8, 0, '2026-04-14', '2027-01-17', 1, '2026-04-24 16:35:50', '2026-04-24 16:35:50', 0, 0, NULL, 1, NULL),
(88, 3, 17, 'SKU000205', 'iPhone 15 Pro Max 蓝色钛金属/512GB', 7084.225, 13.0, 1.0, 11, 0, '2026-03-13', '2027-01-03', 1, '2026-04-24 16:35:50', '2026-04-24 16:35:50', 0, 0, NULL, 1, NULL),
(89, 3, 18, 'SKU000206', 'iPhone 15 Pro Max 蓝色钛金属/1TB', 7476.4572, 13.0, 1.0, 5, 0, '2026-04-23', '2027-04-02', 1, '2026-04-24 16:35:50', '2026-04-24 16:35:50', 0, 0, NULL, 1, NULL),
(90, 3, 19, 'SKU000207', 'iPhone 15 Pro Max 白色钛金属/256GB', 6443.8201, 13.0, 1.0, 8, 0, '2026-03-05', '2026-12-17', 1, '2026-04-24 16:35:50', '2026-04-24 16:35:50', 0, 0, NULL, 1, NULL),
(91, 3, 20, 'SKU000208', 'iPhone 15 Pro Max 白色钛金属/512GB', 6609.9986, 13.0, 1.0, 6, 0, '2025-11-30', '2026-12-20', 1, '2026-04-24 16:35:50', '2026-04-24 16:35:50', 0, 0, NULL, 1, NULL),
(92, 3, 21, 'SKU000209', 'iPhone 15 Pro Max 白色钛金属/1TB', 7284.6899, 13.0, 1.0, 3, 0, '2026-01-26', '2027-03-11', 1, '2026-04-24 16:35:50', '2026-04-24 16:35:50', 0, 0, NULL, 1, NULL),
(93, 3, 22, 'SKU000210', 'iPhone 15 Pro Max 黑色钛金属/256GB', 7183.0601, 13.0, 1.0, 10, 0, '2026-03-16', '2026-11-23', 1, '2026-04-24 16:35:50', '2026-04-24 16:35:50', 0, 0, NULL, 1, NULL),
(94, 3, 23, 'SKU000211', 'iPhone 15 Pro Max 黑色钛金属/512GB', 7144.0737, 13.0, 1.0, 4, 0, '2025-11-11', '2027-01-08', 1, '2026-04-24 16:35:50', '2026-04-24 16:35:50', 0, 0, NULL, 1, NULL),
(95, 3, 24, 'SKU000212', 'iPhone 15 Pro Max 黑色钛金属/1TB', 6773.7253, 13.0, 1.0, 14, 0, '2026-02-25', '2027-03-04', 1, '2026-04-24 16:35:50', '2026-04-24 16:35:50', 0, 0, NULL, 1, NULL),
(96, 3, 25, 'SKU000301', '小米14 黑色/256GB', 2788.5077, 13.0, 1.0, 9, 0, '2026-03-22', '2026-11-08', 1, '2026-04-24 16:35:50', '2026-04-24 16:35:50', 0, 0, NULL, 1, NULL),
(97, 3, 26, 'SKU000302', '小米14 黑色/512GB', 2527.9087, 13.0, 1.0, 8, 0, '2026-04-08', '2026-11-08', 1, '2026-04-24 16:35:50', '2026-04-24 16:35:50', 0, 0, NULL, 1, NULL),
(98, 3, 27, 'SKU000303', '小米14 黑色/1TB', 2864.5792, 13.0, 1.0, 13, 0, '2026-03-07', '2027-01-17', 1, '2026-04-24 16:35:50', '2026-04-24 16:35:50', 0, 0, NULL, 1, NULL),
(99, 3, 28, 'SKU000304', '小米14 白色/256GB', 2752.6317, 13.0, 1.0, 11, 0, '2026-04-07', '2027-03-20', 1, '2026-04-24 16:35:50', '2026-04-24 16:35:50', 0, 0, NULL, 1, NULL),
(100, 3, 29, 'SKU000305', '小米14 白色/512GB', 2765.0865, 13.0, 1.0, 5, 0, '2026-02-13', '2027-02-26', 1, '2026-04-24 16:35:50', '2026-04-24 16:35:50', 0, 0, NULL, 1, NULL),
(101, 3, 30, 'SKU000306', '小米14 白色/1TB', 2909.8276, 13.0, 1.0, 3, 0, '2025-11-26', '2027-03-02', 1, '2026-04-24 16:35:50', '2026-04-24 16:35:50', 0, 0, NULL, 1, NULL),
(102, 3, 31, 'SKU000307', '小米14 岩石青/256GB', 2551.9523, 13.0, 1.0, 5, 0, '2025-12-06', '2027-01-11', 1, '2026-04-24 16:35:50', '2026-04-24 16:35:50', 0, 0, NULL, 1, NULL),
(103, 3, 32, 'SKU000308', '小米14 岩石青/512GB', 3025.8211, 13.0, 1.0, 6, 0, '2026-01-22', '2027-03-02', 1, '2026-04-24 16:35:50', '2026-04-24 16:35:50', 0, 0, NULL, 1, NULL),
(104, 3, 33, 'SKU000309', '小米14 岩石青/1TB', 3040.2635, 13.0, 1.0, 4, 0, '2025-12-29', '2026-12-10', 1, '2026-04-24 16:35:50', '2026-04-24 16:35:50', 0, 0, NULL, 1, NULL),
(105, 3, 34, 'SKU000310', '小米14 雪山粉/256GB', 2989.3736, 13.0, 1.0, 11, 0, '2026-01-04', '2026-11-22', 1, '2026-04-24 16:35:50', '2026-04-24 16:35:50', 0, 0, NULL, 1, NULL),
(106, 3, 35, 'SKU000311', '小米14 雪山粉/512GB', 2987.8014, 13.0, 1.0, 12, 0, '2026-03-11', '2026-11-13', 1, '2026-04-24 16:35:50', '2026-04-24 16:35:50', 0, 0, NULL, 1, NULL),
(107, 3, 36, 'SKU000312', '小米14 雪山粉/1TB', 2953.8313, 13.0, 1.0, 5, 0, '2026-03-26', '2027-03-18', 1, '2026-04-24 16:35:50', '2026-04-24 16:35:50', 0, 0, NULL, 1, NULL),
(108, 3, 37, 'SKU000401', '联想拯救者Y9000P i9-14900HX/32G/1T/RTX4090', 9728.8467, 13.0, 1.0, 13, 0, '2026-04-03', '2027-04-23', 1, '2026-04-24 16:35:50', '2026-04-24 16:35:50', 0, 0, NULL, 1, NULL),
(109, 3, 38, 'SKU000402', '联想拯救者Y9000P i9-14900HX/16G/1T/RTX4080', 11131.1843, 13.0, 1.0, 8, 0, '2026-03-19', '2026-10-31', 1, '2026-04-24 16:35:50', '2026-04-24 16:35:50', 0, 0, NULL, 1, NULL),
(110, 3, 39, 'SKU000403', '联想拯救者Y9000P i7-14700HX/16G/512G/RTX4070', 10976.9799, 13.0, 1.0, 3, 0, '2025-11-15', '2026-11-01', 1, '2026-04-24 16:35:50', '2026-04-24 16:35:50', 0, 0, NULL, 1, NULL),
(111, 3, 40, 'SKU000501', '华为FreeBuds Pro 3 冰霜银', 953.5844, 13.0, 1.0, 12, 0, '2026-01-01', '2027-04-05', 1, '2026-04-24 16:35:50', '2026-04-24 16:35:50', 0, 0, NULL, 1, NULL),
(112, 3, 41, 'SKU000502', '华为FreeBuds Pro 3 陶瓷白', 936.4194, 13.0, 1.0, 12, 0, '2026-02-09', '2027-03-28', 1, '2026-04-24 16:35:50', '2026-04-24 16:35:50', 0, 0, NULL, 1, NULL),
(113, 3, 54, 'SKU001001', '耐克Air Max运动鞋 黑白/40', 636.011, 13.0, 1.0, 10, 0, '2026-04-04', '2027-03-09', 1, '2026-04-24 16:35:50', '2026-04-24 16:35:50', 0, 0, NULL, 1, NULL),
(114, 3, 55, 'SKU001002', '耐克Air Max运动鞋 黑白/41', 608.9207, 13.0, 1.0, 7, 0, '2026-02-26', '2026-12-22', 1, '2026-04-24 16:35:50', '2026-04-24 16:35:50', 0, 0, NULL, 1, NULL),
(115, 3, 56, 'SKU001003', '耐克Air Max运动鞋 黑白/42', 651.0001, 13.0, 1.0, 13, 0, '2026-02-06', '2027-01-05', 1, '2026-04-24 16:35:50', '2026-04-24 16:35:50', 0, 0, NULL, 1, NULL),
(116, 3, 57, 'SKU001004', '耐克Air Max运动鞋 黑白/43', 626.9336, 13.0, 1.0, 14, 0, '2025-11-10', '2026-11-30', 1, '2026-04-24 16:35:50', '2026-04-24 16:35:50', 0, 0, NULL, 1, NULL),
(117, 3, 58, 'SKU001005', '耐克Air Max运动鞋 黑白/44', 615.1601, 13.0, 1.0, 10, 0, '2026-02-21', '2026-12-12', 1, '2026-04-24 16:35:50', '2026-04-24 16:35:50', 0, 0, NULL, 1, NULL),
(118, 3, 59, 'SKU001006', '耐克Air Max运动鞋 黑白/45', 622.5238, 13.0, 1.0, 5, 0, '2026-01-14', '2027-04-22', 1, '2026-04-24 16:35:50', '2026-04-24 16:35:50', 0, 0, NULL, 1, NULL),
(119, 3, 60, 'SKU001007', '耐克Air Max运动鞋 全黑/40', 615.5208, 13.0, 1.0, 8, 0, '2026-02-05', '2026-11-23', 1, '2026-04-24 16:35:50', '2026-04-24 16:35:50', 0, 0, NULL, 1, NULL),
(120, 3, 61, 'SKU001008', '耐克Air Max运动鞋 全黑/41', 654.2008, 13.0, 1.0, 11, 0, '2026-03-18', '2026-11-17', 1, '2026-04-24 16:35:50', '2026-04-24 16:35:50', 0, 0, NULL, 1, NULL),
(121, 3, 62, 'SKU001009', '耐克Air Max运动鞋 全黑/42', 610.1523, 13.0, 1.0, 10, 0, '2025-11-26', '2026-12-28', 1, '2026-04-24 16:35:50', '2026-04-24 16:35:50', 0, 0, NULL, 1, NULL),
(122, 3, 63, 'SKU001010', '耐克Air Max运动鞋 全黑/43', 625.1317, 13.0, 1.0, 5, 0, '2025-11-19', '2026-11-02', 1, '2026-04-24 16:35:50', '2026-04-24 16:35:50', 0, 0, NULL, 1, NULL),
(123, 3, 64, 'SKU001011', '耐克Air Max运动鞋 全黑/44', 608.9801, 13.0, 1.0, 9, 0, '2026-04-01', '2027-02-05', 1, '2026-04-24 16:35:50', '2026-04-24 16:35:50', 0, 0, NULL, 1, NULL),
(124, 3, 65, 'SKU001012', '耐克Air Max运动鞋 全黑/45', 605.0297, 13.0, 1.0, 5, 0, '2026-01-17', '2027-03-17', 1, '2026-04-24 16:35:50', '2026-04-24 16:35:50', 0, 0, NULL, 1, NULL),
(125, 3, 66, 'SKU001013', '耐克Air Max运动鞋 白灰/40', 644.1653, 13.0, 1.0, 6, 0, '2025-12-05', '2027-02-25', 1, '2026-04-24 16:35:50', '2026-04-24 16:35:50', 0, 0, NULL, 1, NULL),
(126, 3, 67, 'SKU001014', '耐克Air Max运动鞋 白灰/41', 696.3007, 13.0, 1.0, 10, 0, '2026-03-02', '2027-01-07', 1, '2026-04-24 16:35:50', '2026-04-24 16:35:50', 0, 0, NULL, 1, NULL),
(127, 3, 68, 'SKU001015', '耐克Air Max运动鞋 白灰/42', 626.2335, 13.0, 1.0, 4, 0, '2026-02-03', '2027-02-27', 1, '2026-04-24 16:35:50', '2026-04-24 16:35:50', 0, 0, NULL, 1, NULL),
(128, 3, 69, 'SKU001016', '耐克Air Max运动鞋 白灰/43', 619.1204, 13.0, 1.0, 6, 0, '2025-12-20', '2027-03-19', 1, '2026-04-24 16:35:50', '2026-04-24 16:35:50', 0, 0, NULL, 1, NULL),
(129, 3, 70, 'SKU001017', '耐克Air Max运动鞋 白灰/44', 624.6107, 13.0, 1.0, 3, 0, '2026-01-06', '2027-02-24', 1, '2026-04-24 16:35:50', '2026-04-24 16:35:50', 0, 0, NULL, 1, NULL),
(130, 3, 71, 'SKU001018', '耐克Air Max运动鞋 白灰/45', 641.3559, 13.0, 1.0, 13, 0, '2026-04-16', '2027-02-18', 1, '2026-04-24 16:35:50', '2026-04-24 16:35:50', 0, 0, NULL, 1, NULL),
(131, 3, 72, 'SKU001101', '优衣库HEATTECH保暖内衣 黑色/M', 63.1075, 13.0, 1.0, 3, 0, '2025-11-22', '2027-02-08', 1, '2026-04-24 16:35:50', '2026-04-24 16:35:50', 0, 0, NULL, 1, NULL),
(132, 3, 73, 'SKU001102', '优衣库HEATTECH保暖内衣 黑色/L', 76.2365, 13.0, 1.0, 7, 0, '2026-01-27', '2027-02-01', 1, '2026-04-24 16:35:50', '2026-04-24 16:35:50', 0, 0, NULL, 1, NULL),
(133, 3, 74, 'SKU001103', '优衣库HEATTECH保暖内衣 黑色/XL', 65.3695, 13.0, 1.0, 9, 0, '2025-11-08', '2027-03-15', 1, '2026-04-24 16:35:50', '2026-04-24 16:35:50', 0, 0, NULL, 1, NULL),
(134, 3, 75, 'SKU001104', '优衣库HEATTECH保暖内衣 黑色/XXL', 76.0186, 13.0, 1.0, 8, 0, '2026-03-16', '2027-01-02', 1, '2026-04-24 16:35:50', '2026-04-24 16:35:50', 0, 0, NULL, 1, NULL),
(135, 3, 76, 'SKU001105', '优衣库HEATTECH保暖内衣 灰色/M', 79.2142, 13.0, 1.0, 11, 0, '2026-02-18', '2027-03-10', 1, '2026-04-24 16:35:50', '2026-04-24 16:35:50', 0, 0, NULL, 1, NULL),
(136, 3, 77, 'SKU001106', '优衣库HEATTECH保暖内衣 灰色/L', 69.0109, 13.0, 1.0, 12, 0, '2026-04-18', '2027-03-26', 1, '2026-04-24 16:35:50', '2026-04-24 16:35:50', 0, 0, NULL, 1, NULL),
(137, 3, 78, 'SKU001107', '优衣库HEATTECH保暖内衣 灰色/XL', 67.0028, 13.0, 1.0, 4, 0, '2026-02-03', '2027-01-24', 1, '2026-04-24 16:35:50', '2026-04-24 16:35:50', 0, 0, NULL, 1, NULL),
(138, 3, 79, 'SKU001108', '优衣库HEATTECH保暖内衣 灰色/XXL', 75.4403, 13.0, 1.0, 8, 0, '2026-03-17', '2027-01-22', 1, '2026-04-24 16:35:50', '2026-04-24 16:35:50', 0, 0, NULL, 1, NULL),
(139, 3, 80, 'SKU001109', '优衣库HEATTECH保暖内衣 米色/M', 69.8978, 13.0, 1.0, 6, 0, '2026-03-29', '2027-02-28', 1, '2026-04-24 16:35:50', '2026-04-24 16:35:50', 0, 0, NULL, 1, NULL),
(140, 3, 81, 'SKU001110', '优衣库HEATTECH保暖内衣 米色/L', 69.173, 13.0, 1.0, 3, 0, '2025-11-06', '2026-10-30', 1, '2026-04-24 16:35:50', '2026-04-24 16:35:50', 0, 0, NULL, 1, NULL),
(141, 3, 82, 'SKU001111', '优衣库HEATTECH保暖内衣 米色/XL', 76.2804, 13.0, 1.0, 8, 0, '2026-02-24', '2027-03-02', 1, '2026-04-24 16:35:50', '2026-04-24 16:35:50', 0, 0, NULL, 1, NULL),
(142, 3, 83, 'SKU001112', '优衣库HEATTECH保暖内衣 米色/XXL', 86.2897, 13.0, 1.0, 12, 0, '2026-03-06', '2026-11-25', 1, '2026-04-24 16:35:50', '2026-04-24 16:35:50', 0, 0, NULL, 1, NULL),
(143, 3, 86, 'SKU001301', '华为MatePad Pro平板 曜金黑/256GB', 3350.7956, 13.0, 1.0, 12, 0, '2026-01-15', '2026-12-01', 1, '2026-04-24 16:35:50', '2026-04-24 16:35:50', 0, 0, NULL, 1, NULL),
(144, 3, 87, 'SKU001302', '华为MatePad Pro平板 曜金黑/512GB', 3395.2529, 13.0, 1.0, 12, 0, '2026-01-10', '2027-03-21', 1, '2026-04-24 16:35:50', '2026-04-24 16:35:50', 0, 0, NULL, 1, NULL),
(145, 3, 88, 'SKU001303', '华为MatePad Pro平板 晶钻白/256GB', 3345.1204, 13.0, 1.0, 11, 0, '2026-03-11', '2027-02-23', 1, '2026-04-24 16:35:50', '2026-04-24 16:35:50', 0, 0, NULL, 1, NULL),
(146, 3, 89, 'SKU001304', '华为MatePad Pro平板 晶钻白/512GB', 3570.9536, 13.0, 1.0, 7, 0, '2026-02-24', '2026-10-25', 1, '2026-04-24 16:35:50', '2026-04-24 16:35:50', 0, 0, NULL, 1, NULL),
(147, 3, 90, 'SKU001305', '华为MatePad Pro平板 星河蓝/256GB', 3365.6211, 13.0, 1.0, 13, 0, '2025-11-23', '2027-02-04', 1, '2026-04-24 16:35:50', '2026-04-24 16:35:50', 0, 0, NULL, 1, NULL),
(148, 3, 91, 'SKU001306', '华为MatePad Pro平板 星河蓝/512GB', 3506.5217, 13.0, 1.0, 14, 0, '2026-04-20', '2027-03-31', 1, '2026-04-24 16:35:50', '2026-04-24 16:35:50', 0, 0, NULL, 1, NULL),
(149, 3, 92, 'SKU001401', '苹果MacBook Pro 16 M3 Max 36G 1T', 12661.4204, 13.0, 1.0, 10, 0, '2026-01-01', '2027-04-06', 1, '2026-04-24 16:35:50', '2026-04-24 16:35:50', 0, 0, NULL, 1, NULL),
(150, 3, 93, 'SKU001402', '苹果MacBook Pro 16 M3 Max 48G 1T', 14479.6935, 13.0, 1.0, 12, 0, '2026-03-22', '2026-12-18', 1, '2026-04-24 16:35:50', '2026-04-24 16:35:50', 0, 0, NULL, 1, NULL),
(151, 3, 94, 'SKU001403', '苹果MacBook Pro 16 M3 Pro 18G 512G', 14327.0609, 13.0, 1.0, 12, 0, '2026-02-25', '2026-12-03', 1, '2026-04-24 16:35:50', '2026-04-24 16:35:50', 0, 0, NULL, 1, NULL),
(152, 3, 95, 'SKU001501', '男士商务休闲衬衫 白色/38', 141.3532, 13.0, 1.0, 14, 0, '2026-04-02', '2027-01-26', 1, '2026-04-24 16:35:50', '2026-04-24 16:35:50', 0, 0, NULL, 1, NULL),
(153, 3, 96, 'SKU001502', '男士商务休闲衬衫 白色/39', 130.8421, 13.0, 1.0, 13, 0, '2025-12-27', '2026-10-29', 1, '2026-04-24 16:35:50', '2026-04-24 16:35:50', 0, 0, NULL, 1, NULL),
(154, 3, 97, 'SKU001503', '男士商务休闲衬衫 白色/40', 158.6068, 13.0, 1.0, 14, 0, '2025-11-23', '2026-12-08', 1, '2026-04-24 16:35:50', '2026-04-24 16:35:50', 0, 0, NULL, 1, NULL),
(155, 3, 98, 'SKU001504', '男士商务休闲衬衫 白色/41', 123.2931, 13.0, 1.0, 8, 0, '2026-02-10', '2026-11-28', 1, '2026-04-24 16:35:50', '2026-04-24 16:35:50', 0, 0, NULL, 1, NULL),
(156, 3, 99, 'SKU001505', '男士商务休闲衬衫 白色/42', 144.7453, 13.0, 1.0, 6, 0, '2026-02-08', '2027-02-26', 1, '2026-04-24 16:35:50', '2026-04-24 16:35:50', 0, 0, NULL, 1, NULL),
(157, 3, 100, 'SKU001506', '男士商务休闲衬衫 白色/43', 165.5662, 13.0, 1.0, 10, 0, '2025-11-10', '2027-04-19', 1, '2026-04-24 16:35:50', '2026-04-24 16:35:50', 0, 0, NULL, 1, NULL),
(158, 3, 101, 'SKU001507', '男士商务休闲衬衫 浅蓝/38', 146.7714, 13.0, 1.0, 6, 0, '2026-03-18', '2027-01-12', 1, '2026-04-24 16:35:50', '2026-04-24 16:35:50', 0, 0, NULL, 1, NULL),
(159, 3, 102, 'SKU001508', '男士商务休闲衬衫 浅蓝/39', 161.9513, 13.0, 1.0, 10, 0, '2026-03-09', '2027-01-25', 1, '2026-04-24 16:35:50', '2026-04-24 16:35:50', 0, 0, NULL, 1, NULL),
(160, 3, 103, 'SKU001509', '男士商务休闲衬衫 浅蓝/40', 140.2066, 13.0, 1.0, 5, 0, '2026-02-20', '2027-03-06', 1, '2026-04-24 16:35:50', '2026-04-24 16:35:50', 0, 0, NULL, 1, NULL),
(161, 3, 104, 'SKU001510', '男士商务休闲衬衫 浅蓝/41', 142.2688, 13.0, 1.0, 8, 0, '2026-04-17', '2027-04-23', 1, '2026-04-24 16:35:50', '2026-04-24 16:35:50', 0, 0, NULL, 1, NULL),
(162, 3, 105, 'SKU001511', '男士商务休闲衬衫 浅蓝/42', 157.9951, 13.0, 1.0, 14, 0, '2026-01-01', '2027-03-26', 1, '2026-04-24 16:35:50', '2026-04-24 16:35:50', 0, 0, NULL, 1, NULL),
(163, 3, 106, 'SKU001512', '男士商务休闲衬衫 浅蓝/43', 150.6943, 13.0, 1.0, 6, 0, '2026-01-05', '2027-03-12', 1, '2026-04-24 16:35:50', '2026-04-24 16:35:50', 0, 0, NULL, 1, NULL),
(164, 3, 107, 'SKU001513', '男士商务休闲衬衫 浅粉/38', 135.8273, 13.0, 1.0, 7, 0, '2026-01-07', '2027-04-19', 1, '2026-04-24 16:35:50', '2026-04-24 16:35:50', 0, 0, NULL, 1, NULL),
(165, 3, 108, 'SKU001514', '男士商务休闲衬衫 浅粉/39', 142.7624, 13.0, 1.0, 14, 0, '2026-02-28', '2027-01-10', 1, '2026-04-24 16:35:50', '2026-04-24 16:35:50', 0, 0, NULL, 1, NULL),
(166, 3, 109, 'SKU001515', '男士商务休闲衬衫 浅粉/40', 130.6395, 13.0, 1.0, 11, 0, '2026-01-04', '2027-01-02', 1, '2026-04-24 16:35:50', '2026-04-24 16:35:50', 0, 0, NULL, 1, NULL),
(167, 3, 110, 'SKU001516', '男士商务休闲衬衫 浅粉/41', 136.0159, 13.0, 1.0, 13, 0, '2026-03-14', '2027-01-26', 1, '2026-04-24 16:35:50', '2026-04-24 16:35:50', 0, 0, NULL, 1, NULL),
(168, 3, 111, 'SKU001517', '男士商务休闲衬衫 浅粉/42', 151.9232, 13.0, 1.0, 9, 0, '2026-01-22', '2026-11-27', 1, '2026-04-24 16:35:50', '2026-04-24 16:35:50', 0, 0, NULL, 1, NULL),
(169, 3, 112, 'SKU001518', '男士商务休闲衬衫 浅粉/43', 135.6303, 13.0, 1.0, 7, 0, '2025-11-15', '2027-01-17', 1, '2026-04-24 16:35:50', '2026-04-24 16:35:50', 0, 0, NULL, 1, NULL),
(170, 4, 84, 'SKU001201', '伊利纯牛奶250ml*24盒 250ml*24盒', 49.639, 13.0, 1.0, 13, 0, '2025-12-30', '2027-02-20', 1, '2026-04-24 16:35:50', '2026-04-24 16:35:50', 0, 0, NULL, 1, NULL),
(171, 4, 85, 'SKU001202', '伊利纯牛奶250ml*24盒 1L*12盒', 59.0111, 13.0, 1.0, 11, 0, '2026-01-03', '2027-03-13', 1, '2026-04-24 16:35:50', '2026-04-24 16:35:50', 0, 0, NULL, 1, NULL),
(172, 4, 116, 'SKU001701', '农夫山泉天然水550ml*24瓶 550ml*24瓶', 34.2499, 13.0, 1.0, 5, 0, '2025-11-22', '2027-03-27', 1, '2026-04-24 16:35:50', '2026-04-24 16:35:50', 0, 0, NULL, 1, NULL),
(173, 4, 117, 'SKU001702', '农夫山泉天然水550ml*24瓶 1.5L*12瓶', 30.1941, 13.0, 1.0, 6, 0, '2025-12-27', '2026-11-02', 1, '2026-04-24 16:35:50', '2026-04-24 16:35:50', 0, 0, NULL, 1, NULL),
(174, 4, 118, 'SKU001703', '农夫山泉天然水550ml*24瓶 4L*4桶', 26.9944, 13.0, 1.0, 11, 0, '2025-12-22', '2027-04-02', 1, '2026-04-24 16:35:50', '2026-04-24 16:35:50', 0, 0, NULL, 1, NULL),
(175, 5, 48, 'SKU000801', '海飞丝去屑洗发水 200ml', 42.7661, 13.0, 1.0, 4, 0, '2026-02-08', '2027-01-13', 1, '2026-04-24 16:35:50', '2026-04-24 16:35:50', 0, 0, NULL, 1, NULL),
(176, 5, 49, 'SKU000802', '海飞丝去屑洗发水 400ml', 37.2363, 13.0, 1.0, 4, 0, '2026-04-18', '2026-11-25', 1, '2026-04-24 16:35:50', '2026-04-24 16:35:50', 0, 0, NULL, 1, NULL),
(177, 5, 50, 'SKU000803', '海飞丝去屑洗发水 750ml', 34.0536, 13.0, 1.0, 11, 0, '2025-12-05', '2027-02-02', 1, '2026-04-24 16:35:50', '2026-04-24 16:35:50', 0, 0, NULL, 1, NULL),
(178, 5, 51, 'SKU000901', '汰渍洗衣液3kg 薰衣草', 36.1257, 13.0, 1.0, 10, 0, '2026-02-25', '2027-04-05', 1, '2026-04-24 16:35:50', '2026-04-24 16:35:50', 0, 0, NULL, 1, NULL),
(179, 5, 52, 'SKU000902', '汰渍洗衣液3kg 百合', 35.3125, 13.0, 1.0, 7, 0, '2026-01-16', '2027-01-02', 1, '2026-04-24 16:35:50', '2026-04-24 16:35:50', 0, 0, NULL, 1, NULL),
(180, 5, 53, 'SKU000903', '汰渍洗衣液3kg 清新自然', 36.0829, 13.0, 1.0, 4, 0, '2026-04-10', '2027-03-16', 1, '2026-04-24 16:35:50', '2026-04-24 16:35:50', 0, 0, NULL, 1, NULL),
(181, 5, 119, 'SKU001801', '舒肤佳沐浴露 纯白清香/400ml', 34.2091, 13.0, 1.0, 14, 0, '2025-11-04', '2026-12-04', 1, '2026-04-24 16:35:50', '2026-04-24 16:35:50', 0, 0, NULL, 1, NULL),
(182, 5, 120, 'SKU001802', '舒肤佳沐浴露 纯白清香/720ml', 32.647, 13.0, 1.0, 5, 0, '2025-11-04', '2027-01-30', 1, '2026-04-24 16:35:50', '2026-04-24 16:35:50', 0, 0, NULL, 1, NULL),
(183, 5, 121, 'SKU001803', '舒肤佳沐浴露 纯白清香/1L', 26.084, 13.0, 1.0, 5, 0, '2026-01-08', '2026-10-30', 1, '2026-04-24 16:35:50', '2026-04-24 16:35:50', 0, 0, NULL, 1, NULL),
(184, 5, 122, 'SKU001804', '舒肤佳沐浴露 柠檬清新/400ml', 18.3022, 13.0, 1.0, 12, 0, '2026-03-29', '2026-11-17', 1, '2026-04-24 16:35:50', '2026-04-24 16:35:50', 0, 0, NULL, 1, NULL),
(185, 5, 123, 'SKU001805', '舒肤佳沐浴露 柠檬清新/720ml', 14.8283, 13.0, 1.0, 8, 0, '2026-01-06', '2027-02-14', 1, '2026-04-24 16:35:50', '2026-04-24 16:35:50', 0, 0, NULL, 1, NULL),
(186, 5, 124, 'SKU001806', '舒肤佳沐浴露 柠檬清新/1L', 43.4241, 13.0, 1.0, 11, 0, '2026-03-09', '2027-02-24', 1, '2026-04-24 16:35:50', '2026-04-24 16:35:50', 0, 0, NULL, 1, NULL),
(187, 5, 125, 'SKU001807', '舒肤佳沐浴露 芦荟水润/400ml', 35.3621, 13.0, 1.0, 5, 0, '2026-03-04', '2027-02-17', 1, '2026-04-24 16:35:50', '2026-04-24 16:35:50', 0, 0, NULL, 1, NULL),
(188, 5, 126, 'SKU001808', '舒肤佳沐浴露 芦荟水润/720ml', 22.5332, 13.0, 1.0, 4, 0, '2026-01-18', '2026-12-01', 1, '2026-04-24 16:35:50', '2026-04-24 16:35:50', 0, 0, NULL, 1, NULL),
(189, 5, 127, 'SKU001809', '舒肤佳沐浴露 芦荟水润/1L', 15.7902, 13.0, 1.0, 13, 0, '2025-12-30', '2027-04-22', 1, '2026-04-24 16:35:50', '2026-04-24 16:35:50', 0, 0, NULL, 1, NULL),
(190, 6, 54, 'SKU001001', '耐克Air Max运动鞋 黑白/40', 587.1095, 13.0, 1.0, 14, 0, '2026-01-20', '2027-01-04', 1, '2026-04-24 16:35:50', '2026-04-24 16:35:50', 0, 0, NULL, 1, NULL),
(191, 6, 55, 'SKU001002', '耐克Air Max运动鞋 黑白/41', 639.4905, 13.0, 1.0, 6, 0, '2025-12-09', '2027-03-26', 1, '2026-04-24 16:35:50', '2026-04-24 16:35:50', 0, 0, NULL, 1, NULL),
(192, 6, 56, 'SKU001003', '耐克Air Max运动鞋 黑白/42', 656.5329, 13.0, 1.0, 9, 0, '2026-02-12', '2027-03-01', 1, '2026-04-24 16:35:50', '2026-04-24 16:35:50', 0, 0, NULL, 1, NULL),
(193, 6, 57, 'SKU001004', '耐克Air Max运动鞋 黑白/43', 613.1257, 13.0, 1.0, 9, 0, '2026-04-15', '2026-11-14', 1, '2026-04-24 16:35:50', '2026-04-24 16:35:50', 0, 0, NULL, 1, NULL),
(194, 6, 58, 'SKU001005', '耐克Air Max运动鞋 黑白/44', 587.6085, 13.0, 1.0, 5, 0, '2026-02-25', '2027-01-11', 1, '2026-04-24 16:35:50', '2026-04-24 16:35:50', 0, 0, NULL, 1, NULL),
(195, 6, 59, 'SKU001006', '耐克Air Max运动鞋 黑白/45', 688.8535, 13.0, 1.0, 3, 0, '2025-12-31', '2027-01-27', 1, '2026-04-24 16:35:50', '2026-04-24 16:35:50', 0, 0, NULL, 1, NULL),
(196, 6, 60, 'SKU001007', '耐克Air Max运动鞋 全黑/40', 606.2598, 13.0, 1.0, 7, 0, '2026-01-18', '2027-01-06', 1, '2026-04-24 16:35:50', '2026-04-24 16:35:50', 0, 0, NULL, 1, NULL),
(197, 6, 61, 'SKU001008', '耐克Air Max运动鞋 全黑/41', 634.805, 13.0, 1.0, 12, 0, '2025-10-28', '2026-12-26', 1, '2026-04-24 16:35:50', '2026-04-24 16:35:50', 0, 0, NULL, 1, NULL),
(198, 6, 62, 'SKU001009', '耐克Air Max运动鞋 全黑/42', 646.8075, 13.0, 1.0, 14, 0, '2025-12-25', '2026-11-05', 1, '2026-04-24 16:35:50', '2026-04-24 16:35:50', 0, 0, NULL, 1, NULL),
(199, 6, 63, 'SKU001010', '耐克Air Max运动鞋 全黑/43', 649.0628, 13.0, 1.0, 10, 0, '2026-01-12', '2026-11-30', 1, '2026-04-24 16:35:50', '2026-04-24 16:35:50', 0, 0, NULL, 1, NULL),
(200, 6, 64, 'SKU001011', '耐克Air Max运动鞋 全黑/44', 621.6434, 13.0, 1.0, 11, 0, '2026-04-24', '2027-01-08', 1, '2026-04-24 16:35:50', '2026-04-24 16:35:50', 0, 0, NULL, 1, NULL),
(201, 6, 65, 'SKU001012', '耐克Air Max运动鞋 全黑/45', 653.6696, 13.0, 1.0, 13, 0, '2026-01-09', '2027-01-23', 1, '2026-04-24 16:35:50', '2026-04-24 16:35:50', 0, 0, NULL, 1, NULL),
(202, 6, 66, 'SKU001013', '耐克Air Max运动鞋 白灰/40', 632.6758, 13.0, 1.0, 6, 0, '2025-11-29', '2027-02-20', 1, '2026-04-24 16:35:50', '2026-04-24 16:35:50', 0, 0, NULL, 1, NULL),
(203, 6, 67, 'SKU001014', '耐克Air Max运动鞋 白灰/41', 602.3471, 13.0, 1.0, 14, 0, '2026-03-30', '2027-01-24', 1, '2026-04-24 16:35:50', '2026-04-24 16:35:50', 0, 0, NULL, 1, NULL),
(204, 6, 68, 'SKU001015', '耐克Air Max运动鞋 白灰/42', 617.3505, 13.0, 1.0, 11, 0, '2026-02-23', '2027-03-07', 1, '2026-04-24 16:35:50', '2026-04-24 16:35:50', 0, 0, NULL, 1, NULL),
(205, 6, 69, 'SKU001016', '耐克Air Max运动鞋 白灰/43', 656.5204, 13.0, 1.0, 6, 0, '2025-12-28', '2027-04-13', 1, '2026-04-24 16:35:50', '2026-04-24 16:35:50', 0, 0, NULL, 1, NULL),
(206, 6, 70, 'SKU001017', '耐克Air Max运动鞋 白灰/44', 669.4084, 13.0, 1.0, 4, 0, '2026-03-09', '2027-02-12', 1, '2026-04-24 16:35:50', '2026-04-24 16:35:50', 0, 0, NULL, 1, NULL),
(207, 6, 71, 'SKU001018', '耐克Air Max运动鞋 白灰/45', 633.75, 13.0, 1.0, 8, 0, '2025-11-14', '2027-03-14', 1, '2026-04-24 16:35:50', '2026-04-24 16:35:50', 0, 0, NULL, 1, NULL),
(208, 6, 131, 'SKU002001', '李宁运动跑步鞋 黑色/40', 274.1161, 13.0, 1.0, 11, 0, '2026-03-04', '2026-12-11', 1, '2026-04-24 16:35:50', '2026-04-24 16:35:50', 0, 0, NULL, 1, NULL),
(209, 6, 132, 'SKU002002', '李宁运动跑步鞋 黑色/41', 299.054, 13.0, 1.0, 5, 0, '2025-12-07', '2027-01-12', 1, '2026-04-24 16:35:50', '2026-04-24 16:35:50', 0, 0, NULL, 1, NULL),
(210, 6, 133, 'SKU002003', '李宁运动跑步鞋 黑色/42', 288.6201, 13.0, 1.0, 10, 0, '2025-11-24', '2027-04-13', 1, '2026-04-24 16:35:50', '2026-04-24 16:35:50', 0, 0, NULL, 1, NULL),
(211, 6, 134, 'SKU002004', '李宁运动跑步鞋 黑色/43', 261.2046, 13.0, 1.0, 12, 0, '2026-02-28', '2026-11-13', 1, '2026-04-24 16:35:50', '2026-04-24 16:35:50', 0, 0, NULL, 1, NULL),
(212, 6, 135, 'SKU002005', '李宁运动跑步鞋 黑色/44', 309.1662, 13.0, 1.0, 10, 0, '2025-11-09', '2027-02-14', 1, '2026-04-24 16:35:50', '2026-04-24 16:35:50', 0, 0, NULL, 1, NULL),
(213, 6, 136, 'SKU002006', '李宁运动跑步鞋 白色/40', 262.8542, 13.0, 1.0, 9, 0, '2026-02-19', '2027-03-14', 1, '2026-04-24 16:35:50', '2026-04-24 16:35:50', 0, 0, NULL, 1, NULL),
(214, 6, 137, 'SKU002007', '李宁运动跑步鞋 白色/41', 257.956, 13.0, 1.0, 10, 0, '2026-04-16', '2027-01-07', 1, '2026-04-24 16:35:50', '2026-04-24 16:35:50', 0, 0, NULL, 1, NULL),
(215, 6, 138, 'SKU002008', '李宁运动跑步鞋 白色/42', 283.8503, 13.0, 1.0, 9, 0, '2025-12-30', '2026-10-21', 1, '2026-04-24 16:35:50', '2026-04-24 16:35:50', 0, 0, NULL, 1, NULL),
(216, 6, 139, 'SKU002009', '李宁运动跑步鞋 白色/43', 286.3596, 13.0, 1.0, 12, 0, '2025-11-13', '2026-11-01', 1, '2026-04-24 16:35:50', '2026-04-24 16:35:50', 0, 0, NULL, 1, NULL),
(217, 6, 140, 'SKU002010', '李宁运动跑步鞋 白色/44', 289.3586, 13.0, 1.0, 14, 0, '2025-11-11', '2027-03-08', 1, '2026-04-24 16:35:50', '2026-04-24 16:35:50', 0, 0, NULL, 1, NULL),
(218, 6, 141, 'SKU002011', '李宁运动跑步鞋 荧光绿/40', 305.7123, 13.0, 1.0, 4, 0, '2026-02-23', '2026-10-29', 1, '2026-04-24 16:35:50', '2026-04-24 16:35:50', 0, 0, NULL, 1, NULL),
(219, 6, 142, 'SKU002012', '李宁运动跑步鞋 荧光绿/41', 279.0694, 13.0, 1.0, 5, 0, '2025-11-29', '2027-04-03', 1, '2026-04-24 16:35:50', '2026-04-24 16:35:50', 0, 0, NULL, 1, NULL),
(220, 6, 143, 'SKU002013', '李宁运动跑步鞋 荧光绿/42', 305.6866, 13.0, 1.0, 13, 0, '2026-02-10', '2027-01-24', 1, '2026-04-24 16:35:50', '2026-04-24 16:35:50', 0, 0, NULL, 1, NULL),
(221, 6, 144, 'SKU002014', '李宁运动跑步鞋 荧光绿/43', 318.3857, 13.0, 1.0, 9, 0, '2026-02-17', '2027-01-25', 1, '2026-04-24 16:35:50', '2026-04-24 16:35:50', 0, 0, NULL, 1, NULL),
(222, 6, 145, 'SKU002015', '李宁运动跑步鞋 荧光绿/44', 263.9553, 13.0, 1.0, 13, 0, '2026-04-13', '2027-03-08', 1, '2026-04-24 16:35:50', '2026-04-24 16:35:50', 0, 0, NULL, 1, NULL),
(223, 7, 72, 'SKU001101', '优衣库HEATTECH保暖内衣 黑色/M', 61.3661, 13.0, 1.0, 8, 0, '2025-11-25', '2026-12-05', 1, '2026-04-24 16:35:50', '2026-04-24 16:35:50', 0, 0, NULL, 1, NULL),
(224, 7, 73, 'SKU001102', '优衣库HEATTECH保暖内衣 黑色/L', 88.3987, 13.0, 1.0, 9, 0, '2026-03-10', '2026-11-22', 1, '2026-04-24 16:35:50', '2026-04-24 16:35:50', 0, 0, NULL, 1, NULL),
(225, 7, 74, 'SKU001103', '优衣库HEATTECH保暖内衣 黑色/XL', 69.5823, 13.0, 1.0, 6, 0, '2025-10-26', '2026-10-26', 1, '2026-04-24 16:35:50', '2026-04-24 16:35:50', 0, 0, NULL, 1, NULL),
(226, 7, 75, 'SKU001104', '优衣库HEATTECH保暖内衣 黑色/XXL', 81.4687, 13.0, 1.0, 10, 0, '2026-04-16', '2027-04-23', 1, '2026-04-24 16:35:50', '2026-04-24 16:35:50', 0, 0, NULL, 1, NULL),
(227, 7, 76, 'SKU001105', '优衣库HEATTECH保暖内衣 灰色/M', 86.2213, 13.0, 1.0, 11, 0, '2026-01-31', '2026-12-18', 1, '2026-04-24 16:35:50', '2026-04-24 16:35:50', 0, 0, NULL, 1, NULL),
(228, 7, 77, 'SKU001106', '优衣库HEATTECH保暖内衣 灰色/L', 68.609, 13.0, 1.0, 8, 0, '2025-12-04', '2026-12-30', 1, '2026-04-24 16:35:50', '2026-04-24 16:35:50', 0, 0, NULL, 1, NULL),
(229, 7, 78, 'SKU001107', '优衣库HEATTECH保暖内衣 灰色/XL', 67.8722, 13.0, 1.0, 14, 0, '2025-11-23', '2026-10-29', 1, '2026-04-24 16:35:50', '2026-04-24 16:35:50', 0, 0, NULL, 1, NULL),
(230, 7, 79, 'SKU001108', '优衣库HEATTECH保暖内衣 灰色/XXL', 75.6223, 13.0, 1.0, 9, 0, '2026-04-01', '2026-10-25', 1, '2026-04-24 16:35:50', '2026-04-24 16:35:50', 0, 0, NULL, 1, NULL),
(231, 7, 80, 'SKU001109', '优衣库HEATTECH保暖内衣 米色/M', 63.9114, 13.0, 1.0, 4, 0, '2025-11-20', '2027-03-22', 1, '2026-04-24 16:35:50', '2026-04-24 16:35:50', 0, 0, NULL, 1, NULL),
(232, 7, 81, 'SKU001110', '优衣库HEATTECH保暖内衣 米色/L', 64.671, 13.0, 1.0, 12, 0, '2026-04-16', '2027-04-19', 1, '2026-04-24 16:35:50', '2026-04-24 16:35:50', 0, 0, NULL, 1, NULL),
(233, 7, 82, 'SKU001111', '优衣库HEATTECH保暖内衣 米色/XL', 86.6905, 13.0, 1.0, 6, 0, '2025-11-06', '2027-01-31', 1, '2026-04-24 16:35:50', '2026-04-24 16:35:50', 0, 0, NULL, 1, NULL),
(234, 7, 83, 'SKU001112', '优衣库HEATTECH保暖内衣 米色/XXL', 86.0171, 13.0, 1.0, 11, 0, '2025-12-20', '2026-11-04', 1, '2026-04-24 16:35:50', '2026-04-24 16:35:50', 0, 0, NULL, 1, NULL),
(235, 7, 95, 'SKU001501', '男士商务休闲衬衫 白色/38', 131.9505, 13.0, 1.0, 7, 0, '2025-12-24', '2027-03-17', 1, '2026-04-24 16:35:50', '2026-04-24 16:35:50', 0, 0, NULL, 1, NULL),
(236, 7, 96, 'SKU001502', '男士商务休闲衬衫 白色/39', 134.9902, 13.0, 1.0, 12, 0, '2026-04-16', '2027-01-11', 1, '2026-04-24 16:35:50', '2026-04-24 16:35:50', 0, 0, NULL, 1, NULL),
(237, 7, 97, 'SKU001503', '男士商务休闲衬衫 白色/40', 149.4633, 13.0, 1.0, 5, 0, '2026-04-13', '2027-03-03', 1, '2026-04-24 16:35:50', '2026-04-24 16:35:50', 0, 0, NULL, 1, NULL),
(238, 7, 98, 'SKU001504', '男士商务休闲衬衫 白色/41', 128.0224, 13.0, 1.0, 7, 0, '2026-01-04', '2026-11-05', 1, '2026-04-24 16:35:50', '2026-04-24 16:35:50', 0, 0, NULL, 1, NULL),
(239, 7, 99, 'SKU001505', '男士商务休闲衬衫 白色/42', 148.4197, 13.0, 1.0, 12, 0, '2025-12-09', '2027-03-30', 1, '2026-04-24 16:35:50', '2026-04-24 16:35:50', 0, 0, NULL, 1, NULL),
(240, 7, 100, 'SKU001506', '男士商务休闲衬衫 白色/43', 162.9221, 13.0, 1.0, 11, 0, '2026-03-01', '2026-11-02', 1, '2026-04-24 16:35:50', '2026-04-24 16:35:50', 0, 0, NULL, 1, NULL),
(241, 7, 101, 'SKU001507', '男士商务休闲衬衫 浅蓝/38', 169.4952, 13.0, 1.0, 13, 0, '2026-04-15', '2027-01-26', 1, '2026-04-24 16:35:50', '2026-04-24 16:35:50', 0, 0, NULL, 1, NULL),
(242, 7, 102, 'SKU001508', '男士商务休闲衬衫 浅蓝/39', 156.4481, 13.0, 1.0, 8, 0, '2026-04-22', '2027-02-04', 1, '2026-04-24 16:35:50', '2026-04-24 16:35:50', 0, 0, NULL, 1, NULL),
(243, 7, 103, 'SKU001509', '男士商务休闲衬衫 浅蓝/40', 142.5881, 13.0, 1.0, 7, 0, '2026-01-30', '2026-12-07', 1, '2026-04-24 16:35:50', '2026-04-24 16:35:50', 0, 0, NULL, 1, NULL),
(244, 7, 104, 'SKU001510', '男士商务休闲衬衫 浅蓝/41', 152.7523, 13.0, 1.0, 10, 0, '2025-12-26', '2026-12-17', 1, '2026-04-24 16:35:50', '2026-04-24 16:35:50', 0, 0, NULL, 1, NULL),
(245, 7, 105, 'SKU001511', '男士商务休闲衬衫 浅蓝/42', 147.8716, 13.0, 1.0, 14, 0, '2025-12-01', '2027-02-16', 1, '2026-04-24 16:35:50', '2026-04-24 16:35:50', 0, 0, NULL, 1, NULL),
(246, 7, 106, 'SKU001512', '男士商务休闲衬衫 浅蓝/43', 162.0094, 13.0, 1.0, 11, 0, '2026-02-08', '2027-02-04', 1, '2026-04-24 16:35:50', '2026-04-24 16:35:50', 0, 0, NULL, 1, NULL),
(247, 7, 107, 'SKU001513', '男士商务休闲衬衫 浅粉/38', 142.1624, 13.0, 1.0, 5, 0, '2026-02-02', '2026-12-22', 1, '2026-04-24 16:35:50', '2026-04-24 16:35:50', 0, 0, NULL, 1, NULL),
(248, 7, 108, 'SKU001514', '男士商务休闲衬衫 浅粉/39', 144.0107, 13.0, 1.0, 8, 0, '2026-04-09', '2026-11-10', 1, '2026-04-24 16:35:50', '2026-04-24 16:35:50', 0, 0, NULL, 1, NULL),
(249, 7, 109, 'SKU001515', '男士商务休闲衬衫 浅粉/40', 140.7268, 13.0, 1.0, 8, 0, '2025-11-18', '2027-03-07', 1, '2026-04-24 16:35:50', '2026-04-24 16:35:50', 0, 0, NULL, 1, NULL),
(250, 7, 110, 'SKU001516', '男士商务休闲衬衫 浅粉/41', 151.2765, 13.0, 1.0, 6, 0, '2025-11-08', '2026-12-28', 1, '2026-04-24 16:35:50', '2026-04-24 16:35:50', 0, 0, NULL, 1, NULL),
(251, 7, 111, 'SKU001517', '男士商务休闲衬衫 浅粉/42', 139.1036, 13.0, 1.0, 12, 0, '2026-03-29', '2026-10-31', 1, '2026-04-24 16:35:50', '2026-04-24 16:35:50', 0, 0, NULL, 1, NULL),
(252, 7, 112, 'SKU001518', '男士商务休闲衬衫 浅粉/43', 149.9062, 13.0, 1.0, 6, 0, '2026-03-25', '2027-04-24', 1, '2026-04-24 16:35:50', '2026-04-24 16:35:50', 0, 0, NULL, 1, NULL),
(253, 8, 128, 'SKU001901', '金龙鱼食用油5L 玉米油', 47.6085, 13.0, 1.0, 6, 0, '2026-02-25', '2026-12-13', 1, '2026-04-24 16:35:50', '2026-04-24 16:35:50', 0, 0, NULL, 1, NULL),
(254, 8, 129, 'SKU001902', '金龙鱼食用油5L 葵花籽油', 58.7469, 13.0, 1.0, 8, 0, '2026-01-11', '2026-10-24', 1, '2026-04-24 16:35:50', '2026-04-24 16:35:50', 0, 0, NULL, 1, NULL),
(255, 8, 130, 'SKU001903', '金龙鱼食用油5L 菜籽油', 57.0213, 13.0, 1.0, 6, 0, '2025-11-25', '2027-02-20', 1, '2026-04-24 16:35:50', '2026-04-24 16:35:50', 0, 0, NULL, 1, NULL),
(256, 10, 45, 'SKU000701', '可口可乐330ml*24罐 原味', 54.7402, 13.0, 1.0, 14, 0, '2026-03-29', '2027-04-19', 1, '2026-04-24 16:35:50', '2026-04-24 16:35:50', 0, 0, NULL, 1, NULL),
(257, 10, 46, 'SKU000702', '可口可乐330ml*24罐 零度', 49.7452, 13.0, 1.0, 6, 0, '2026-03-16', '2027-01-11', 1, '2026-04-24 16:35:50', '2026-04-24 16:35:50', 0, 0, NULL, 1, NULL),
(258, 10, 47, 'SKU000703', '可口可乐330ml*24罐 樱桃味', 38.3223, 13.0, 1.0, 9, 0, '2026-02-22', '2027-03-06', 1, '2026-04-24 16:35:50', '2026-04-24 16:35:50', 0, 0, NULL, 1, NULL),
(259, 10, 116, 'SKU001701', '农夫山泉天然水550ml*24瓶 550ml*24瓶', 33.9766, 13.0, 1.0, 7, 0, '2025-12-31', '2027-01-21', 1, '2026-04-24 16:35:50', '2026-04-24 16:35:50', 0, 0, NULL, 1, NULL),
(260, 10, 117, 'SKU001702', '农夫山泉天然水550ml*24瓶 1.5L*12瓶', 29.0446, 13.0, 1.0, 10, 0, '2026-02-22', '2026-11-15', 1, '2026-04-24 16:35:50', '2026-04-24 16:35:50', 0, 0, NULL, 1, NULL),
(261, 10, 118, 'SKU001703', '农夫山泉天然水550ml*24瓶 4L*4桶', 27.6008, 13.0, 1.0, 14, 0, '2026-02-23', '2027-01-10', 1, '2026-04-24 16:35:50', '2026-04-24 16:35:50', 0, 0, NULL, 1, NULL),
(262, 11, 37, 'SKU000401', '联想拯救者Y9000P i9-14900HX/32G/1T/RTX4090', 11097.2743, 13.0, 1.0, 8, 0, '2026-01-14', '2027-02-03', 1, '2026-04-24 16:35:50', '2026-04-24 16:35:50', 0, 0, NULL, 1, NULL),
(263, 11, 38, 'SKU000402', '联想拯救者Y9000P i9-14900HX/16G/1T/RTX4080', 9581.8557, 13.0, 1.0, 6, 0, '2025-12-02', '2026-10-25', 1, '2026-04-24 16:35:50', '2026-04-24 16:35:50', 0, 0, NULL, 1, NULL),
(264, 11, 39, 'SKU000403', '联想拯救者Y9000P i7-14700HX/16G/512G/RTX4070', 9957.0871, 13.0, 1.0, 12, 0, '2026-03-23', '2027-04-23', 1, '2026-04-24 16:35:50', '2026-04-24 16:35:50', 0, 0, NULL, 1, NULL),
(265, 11, 86, 'SKU001301', '华为MatePad Pro平板 曜金黑/256GB', 3404.6275, 13.0, 1.0, 5, 0, '2025-12-15', '2027-01-13', 1, '2026-04-24 16:35:50', '2026-04-24 16:35:50', 0, 0, NULL, 1, NULL),
(266, 11, 87, 'SKU001302', '华为MatePad Pro平板 曜金黑/512GB', 3297.2176, 13.0, 1.0, 12, 0, '2025-12-27', '2027-02-25', 1, '2026-04-24 16:35:50', '2026-04-24 16:35:50', 0, 0, NULL, 1, NULL),
(267, 11, 88, 'SKU001303', '华为MatePad Pro平板 晶钻白/256GB', 3473.4247, 13.0, 1.0, 13, 0, '2026-01-20', '2026-12-25', 1, '2026-04-24 16:35:50', '2026-04-24 16:35:50', 0, 0, NULL, 1, NULL),
(268, 11, 89, 'SKU001304', '华为MatePad Pro平板 晶钻白/512GB', 3603.6868, 13.0, 1.0, 10, 0, '2026-04-08', '2027-02-23', 1, '2026-04-24 16:35:50', '2026-04-24 16:35:50', 0, 0, NULL, 1, NULL),
(269, 11, 90, 'SKU001305', '华为MatePad Pro平板 星河蓝/256GB', 3421.015, 13.0, 1.0, 14, 0, '2026-01-24', '2026-12-03', 1, '2026-04-24 16:35:50', '2026-04-24 16:35:50', 0, 0, NULL, 1, NULL),
(270, 11, 91, 'SKU001306', '华为MatePad Pro平板 星河蓝/512GB', 3239.7963, 13.0, 1.0, 11, 0, '2026-02-28', '2026-12-07', 1, '2026-04-24 16:35:50', '2026-04-24 16:35:50', 0, 0, NULL, 1, NULL),
(271, 11, 92, 'SKU001401', '苹果MacBook Pro 16 M3 Max 36G 1T', 14797.5984, 13.0, 1.0, 11, 0, '2026-04-08', '2026-11-05', 1, '2026-04-24 16:35:50', '2026-04-24 16:35:50', 0, 0, NULL, 1, NULL),
(272, 11, 93, 'SKU001402', '苹果MacBook Pro 16 M3 Max 48G 1T', 13858.1595, 13.0, 1.0, 4, 0, '2026-04-15', '2026-11-02', 1, '2026-04-24 16:35:50', '2026-04-24 16:35:50', 0, 0, NULL, 1, NULL),
(273, 11, 94, 'SKU001403', '苹果MacBook Pro 16 M3 Pro 18G 512G', 14430.0829, 13.0, 1.0, 9, 0, '2025-11-30', '2027-03-31', 1, '2026-04-24 16:35:50', '2026-04-24 16:35:50', 0, 0, NULL, 1, NULL),
(274, 12, 25, 'SKU000301', '小米14 黑色/256GB', 2700.1541, 13.0, 1.0, 14, 0, '2025-12-03', '2026-10-23', 1, '2026-04-24 16:35:50', '2026-04-24 16:35:50', 0, 0, NULL, 1, NULL),
(275, 12, 26, 'SKU000302', '小米14 黑色/512GB', 2571.8295, 13.0, 1.0, 10, 0, '2026-01-29', '2026-11-05', 1, '2026-04-24 16:35:50', '2026-04-24 16:35:50', 0, 0, NULL, 1, NULL),
(276, 12, 27, 'SKU000303', '小米14 黑色/1TB', 2948.9393, 13.0, 1.0, 13, 0, '2026-04-01', '2027-02-21', 1, '2026-04-24 16:35:50', '2026-04-24 16:35:50', 0, 0, NULL, 1, NULL),
(277, 12, 28, 'SKU000304', '小米14 白色/256GB', 3024.3717, 13.0, 1.0, 3, 0, '2025-10-27', '2027-03-06', 1, '2026-04-24 16:35:50', '2026-04-24 16:35:50', 0, 0, NULL, 1, NULL),
(278, 12, 29, 'SKU000305', '小米14 白色/512GB', 2953.2686, 13.0, 1.0, 3, 0, '2025-10-30', '2027-03-05', 1, '2026-04-24 16:35:50', '2026-04-24 16:35:50', 0, 0, NULL, 1, NULL),
(279, 12, 30, 'SKU000306', '小米14 白色/1TB', 2820.7861, 13.0, 1.0, 11, 0, '2026-01-07', '2026-10-25', 1, '2026-04-24 16:35:50', '2026-04-24 16:35:50', 0, 0, NULL, 1, NULL),
(280, 12, 31, 'SKU000307', '小米14 岩石青/256GB', 2716.8867, 13.0, 1.0, 14, 0, '2026-04-16', '2027-02-08', 1, '2026-04-24 16:35:50', '2026-04-24 16:35:50', 0, 0, NULL, 1, NULL),
(281, 12, 32, 'SKU000308', '小米14 岩石青/512GB', 2962.9195, 13.0, 1.0, 5, 0, '2025-11-22', '2026-11-14', 1, '2026-04-24 16:35:50', '2026-04-24 16:35:50', 0, 0, NULL, 1, NULL),
(282, 12, 33, 'SKU000309', '小米14 岩石青/1TB', 2856.9349, 13.0, 1.0, 6, 0, '2025-12-14', '2027-03-28', 1, '2026-04-24 16:35:50', '2026-04-24 16:35:50', 0, 0, NULL, 1, NULL),
(283, 12, 34, 'SKU000310', '小米14 雪山粉/256GB', 2934.2086, 13.0, 1.0, 8, 0, '2026-01-02', '2027-01-30', 1, '2026-04-24 16:35:50', '2026-04-24 16:35:50', 0, 0, NULL, 1, NULL),
(284, 12, 35, 'SKU000311', '小米14 雪山粉/512GB', 2710.126, 13.0, 1.0, 9, 0, '2026-02-20', '2027-03-14', 1, '2026-04-24 16:35:50', '2026-04-24 16:35:50', 0, 0, NULL, 1, NULL),
(285, 12, 36, 'SKU000312', '小米14 雪山粉/1TB', 2820.6524, 13.0, 1.0, 14, 0, '2025-12-22', '2027-01-05', 1, '2026-04-24 16:35:50', '2026-04-24 16:35:50', 0, 0, NULL, 1, NULL),
(286, 12, 40, 'SKU000501', '华为FreeBuds Pro 3 冰霜银', 912.893, 13.0, 1.0, 4, 0, '2026-04-11', '2027-04-05', 1, '2026-04-24 16:35:50', '2026-04-24 16:35:50', 0, 0, NULL, 1, NULL),
(287, 12, 41, 'SKU000502', '华为FreeBuds Pro 3 陶瓷白', 1030.5238, 13.0, 1.0, 4, 0, '2026-02-06', '2027-01-26', 1, '2026-04-24 16:35:50', '2026-04-24 16:35:50', 0, 0, NULL, 1, NULL),
(288, 13, 42, 'SKU000601', '每日坚果礼盒 750g礼盒装', 71.5776, 13.0, 1.0, 10, 0, '2025-11-09', '2027-04-02', 1, '2026-04-24 16:35:50', '2026-04-24 16:35:50', 0, 0, NULL, 1, NULL),
(289, 13, 43, 'SKU000602', '每日坚果礼盒 500g家庭装', 63.7445, 13.0, 1.0, 5, 0, '2025-11-16', '2027-02-25', 1, '2026-04-24 16:35:50', '2026-04-24 16:35:50', 0, 0, NULL, 1, NULL),
(290, 13, 44, 'SKU000603', '每日坚果礼盒 300g便携装', 69.4868, 13.0, 1.0, 13, 0, '2026-01-18', '2027-03-14', 1, '2026-04-24 16:35:50', '2026-04-24 16:35:50', 0, 0, NULL, 1, NULL),
(291, 13, 113, 'SKU001601', '奥利奥夹心饼干 原味', 13.451, 13.0, 1.0, 4, 0, '2026-03-10', '2026-10-31', 1, '2026-04-24 16:35:50', '2026-04-24 16:35:50', 0, 0, NULL, 1, NULL),
(292, 13, 114, 'SKU001602', '奥利奥夹心饼干 巧克力味', 1.9727, 13.0, 1.0, 14, 0, '2026-03-20', '2027-02-19', 1, '2026-04-24 16:35:50', '2026-04-24 16:35:50', 0, 0, NULL, 1, NULL),
(293, 13, 115, 'SKU001603', '奥利奥夹心饼干 草莓味', 6.6253, 13.0, 1.0, 4, 0, '2026-04-19', '2026-12-31', 1, '2026-04-24 16:35:50', '2026-04-24 16:35:50', 0, 0, NULL, 1, NULL),
(294, 14, 116, 'SKU001701', '农夫山泉天然水550ml*24瓶 550ml*24瓶', 35.42, 13.0, 1.0, 12, 0, '2026-04-12', '2026-10-29', 1, '2026-04-24 16:35:50', '2026-04-24 16:35:50', 0, 0, NULL, 1, NULL),
(295, 14, 117, 'SKU001702', '农夫山泉天然水550ml*24瓶 1.5L*12瓶', 27.3639, 13.0, 1.0, 8, 0, '2025-10-30', '2026-12-13', 1, '2026-04-24 16:35:50', '2026-04-24 16:35:50', 0, 0, NULL, 1, NULL),
(296, 14, 118, 'SKU001703', '农夫山泉天然水550ml*24瓶 4L*4桶', 26.6169, 13.0, 1.0, 14, 0, '2026-02-04', '2026-11-09', 1, '2026-04-24 16:35:50', '2026-04-24 16:35:50', 0, 0, NULL, 1, NULL),
(297, 15, 128, 'SKU001901', '金龙鱼食用油5L 玉米油', 44.6162, 13.0, 1.0, 12, 0, '2025-12-26', '2027-03-15', 1, '2026-04-24 16:35:50', '2026-04-24 16:35:50', 0, 0, NULL, 1, NULL),
(298, 15, 129, 'SKU001902', '金龙鱼食用油5L 葵花籽油', 58.4126, 13.0, 1.0, 9, 0, '2026-04-17', '2027-03-08', 1, '2026-04-24 16:35:50', '2026-04-24 16:35:50', 0, 0, NULL, 1, NULL),
(299, 15, 130, 'SKU001903', '金龙鱼食用油5L 菜籽油', 58.2733, 13.0, 1.0, 14, 0, '2025-11-30', '2027-04-15', 1, '2026-04-24 16:35:50', '2026-04-24 16:35:50', 0, 0, NULL, 1, NULL);


-- warehouse
INSERT INTO warehouse (id, warehouse_code, warehouse_name, warehouse_type, org_id, province, city, district, address, contact_name, contact_phone, area_sqm, capacity_volume, is_default, status, created_at, updated_at, created_by, updated_by, deleted_at, version, remark) VALUES
(1, 'WH0001', '上海中心仓', 1, 3, '上海市', '浦东新区', '祝桥镇', '祝潘公路1号', '张仓管', '18707302066', 15000.0, 45000.0, 1, 1, '2026-04-24 16:35:50', '2026-04-24 16:35:50', 0, 0, NULL, 1, '华东主仓'),
(2, 'WH0002', '杭州区域仓', 2, 3, '浙江省', '杭州市', '萧山区', '萧山经济技术开发区', '李仓管', '15937029439', 8000.0, 24000.0, 0, 1, '2026-04-24 16:35:50', '2026-04-24 16:35:50', 0, 0, NULL, 1, '浙江区域仓'),
(3, 'WH0003', '南京区域仓', 2, 3, '江苏省', '南京市', '江宁区', '江宁开发区', '王仓管', '15115372202', 6000.0, 18000.0, 0, 1, '2026-04-24 16:35:50', '2026-04-24 16:35:50', 0, 0, NULL, 1, '江苏区域仓'),
(4, 'WH0004', '广州中心仓', 1, 3, '广东省', '广州市', '白云区', '白云物流园', '陈仓管', '15176731033', 12000.0, 36000.0, 0, 1, '2026-04-24 16:35:50', '2026-04-24 16:35:50', 0, 0, NULL, 1, '华南主仓'),
(5, 'WH0005', '北京中心仓', 1, 3, '北京市', '大兴区', '亦庄', '亦庄物流园', '刘仓管', '13510455105', 10000.0, 30000.0, 0, 1, '2026-04-24 16:35:50', '2026-04-24 16:35:50', 0, 0, NULL, 1, '华北主仓'),
(6, 'WH0006', '深圳前置仓', 3, 3, '广东省', '深圳市', '南山区', '科技园', '赵仓管', '15953323099', 2000.0, 6000.0, 0, 1, '2026-04-24 16:35:50', '2026-04-24 16:35:50', 0, 0, NULL, 1, '华南前置仓');


-- warehouse_location
INSERT INTO warehouse_location (id, location_code, warehouse_id, zone_code, aisle_code, shelf_code, layer_no, position_no, location_type, max_weight, max_volume, is_empty, status, created_at, updated_at, created_by, updated_by, deleted_at, version, remark) VALUES
(1, 'WH0001-A-001', 1, 'A', '01', '01', 2, '001', 1, 500.0, 2.0, 1, 1, '2026-04-24 16:35:50', '2026-04-24 16:35:50', 0, 0, NULL, 1, NULL),
(2, 'WH0001-A-002', 1, 'A', '01', '02', 2, '002', 1, 500.0, 2.0, 1, 1, '2026-04-24 16:35:50', '2026-04-24 16:35:50', 0, 0, NULL, 1, NULL),
(3, 'WH0001-A-003', 1, 'A', '01', '03', 4, '003', 1, 500.0, 2.0, 1, 1, '2026-04-24 16:35:50', '2026-04-24 16:35:50', 0, 0, NULL, 1, NULL),
(4, 'WH0001-A-004', 1, 'A', '01', '04', 2, '004', 1, 500.0, 2.0, 1, 1, '2026-04-24 16:35:50', '2026-04-24 16:35:50', 0, 0, NULL, 1, NULL),
(5, 'WH0001-A-005', 1, 'A', '01', '05', 2, '005', 1, 500.0, 2.0, 1, 1, '2026-04-24 16:35:50', '2026-04-24 16:35:50', 0, 0, NULL, 1, NULL),
(6, 'WH0001-A-006', 1, 'A', '02', '01', 3, '006', 1, 500.0, 2.0, 1, 1, '2026-04-24 16:35:50', '2026-04-24 16:35:50', 0, 0, NULL, 1, NULL),
(7, 'WH0001-A-007', 1, 'A', '02', '02', 3, '007', 1, 500.0, 2.0, 1, 1, '2026-04-24 16:35:50', '2026-04-24 16:35:50', 0, 0, NULL, 1, NULL),
(8, 'WH0001-A-008', 1, 'A', '02', '03', 3, '008', 1, 500.0, 2.0, 1, 1, '2026-04-24 16:35:50', '2026-04-24 16:35:50', 0, 0, NULL, 1, NULL),
(9, 'WH0001-A-009', 1, 'A', '02', '04', 4, '009', 1, 500.0, 2.0, 1, 1, '2026-04-24 16:35:50', '2026-04-24 16:35:50', 0, 0, NULL, 1, NULL),
(10, 'WH0001-A-010', 1, 'A', '02', '05', 2, '010', 1, 500.0, 2.0, 1, 1, '2026-04-24 16:35:50', '2026-04-24 16:35:50', 0, 0, NULL, 1, NULL),
(11, 'WH0001-A-011', 1, 'A', '03', '01', 1, '011', 1, 500.0, 2.0, 1, 1, '2026-04-24 16:35:50', '2026-04-24 16:35:50', 0, 0, NULL, 1, NULL),
(12, 'WH0001-A-012', 1, 'A', '03', '02', 2, '012', 1, 500.0, 2.0, 1, 1, '2026-04-24 16:35:50', '2026-04-24 16:35:50', 0, 0, NULL, 1, NULL),
(13, 'WH0001-A-013', 1, 'A', '03', '03', 4, '013', 1, 500.0, 2.0, 1, 1, '2026-04-24 16:35:50', '2026-04-24 16:35:50', 0, 0, NULL, 1, NULL),
(14, 'WH0001-A-014', 1, 'A', '03', '04', 3, '014', 1, 500.0, 2.0, 1, 1, '2026-04-24 16:35:50', '2026-04-24 16:35:50', 0, 0, NULL, 1, NULL),
(15, 'WH0001-A-015', 1, 'A', '03', '05', 4, '015', 1, 500.0, 2.0, 1, 1, '2026-04-24 16:35:50', '2026-04-24 16:35:50', 0, 0, NULL, 1, NULL),
(16, 'WH0001-A-016', 1, 'A', '04', '01', 3, '016', 1, 500.0, 2.0, 1, 1, '2026-04-24 16:35:50', '2026-04-24 16:35:50', 0, 0, NULL, 1, NULL),
(17, 'WH0001-A-017', 1, 'A', '04', '02', 4, '017', 1, 500.0, 2.0, 1, 1, '2026-04-24 16:35:50', '2026-04-24 16:35:50', 0, 0, NULL, 1, NULL),
(18, 'WH0001-A-018', 1, 'A', '04', '03', 1, '018', 1, 500.0, 2.0, 1, 1, '2026-04-24 16:35:50', '2026-04-24 16:35:50', 0, 0, NULL, 1, NULL),
(19, 'WH0001-A-019', 1, 'A', '04', '04', 3, '019', 1, 500.0, 2.0, 1, 1, '2026-04-24 16:35:50', '2026-04-24 16:35:50', 0, 0, NULL, 1, NULL),
(20, 'WH0001-A-020', 1, 'A', '04', '05', 3, '020', 1, 500.0, 2.0, 1, 1, '2026-04-24 16:35:50', '2026-04-24 16:35:50', 0, 0, NULL, 1, NULL),
(21, 'WH0001-B-001', 1, 'B', '01', '01', 2, '001', 2, 2000.0, 8.0, 1, 1, '2026-04-24 16:35:50', '2026-04-24 16:35:50', 0, 0, NULL, 1, NULL),
(22, 'WH0001-B-002', 1, 'B', '01', '02', 4, '002', 2, 2000.0, 8.0, 1, 1, '2026-04-24 16:35:50', '2026-04-24 16:35:50', 0, 0, NULL, 1, NULL),
(23, 'WH0001-B-003', 1, 'B', '01', '03', 5, '003', 2, 2000.0, 8.0, 1, 1, '2026-04-24 16:35:50', '2026-04-24 16:35:50', 0, 0, NULL, 1, NULL),
(24, 'WH0001-B-004', 1, 'B', '01', '04', 5, '004', 2, 2000.0, 8.0, 1, 1, '2026-04-24 16:35:50', '2026-04-24 16:35:50', 0, 0, NULL, 1, NULL),
(25, 'WH0001-B-005', 1, 'B', '01', '05', 2, '005', 2, 2000.0, 8.0, 1, 1, '2026-04-24 16:35:50', '2026-04-24 16:35:50', 0, 0, NULL, 1, NULL),
(26, 'WH0001-B-006', 1, 'B', '01', '06', 4, '006', 2, 2000.0, 8.0, 1, 1, '2026-04-24 16:35:50', '2026-04-24 16:35:50', 0, 0, NULL, 1, NULL),
(27, 'WH0001-B-007', 1, 'B', '02', '01', 1, '007', 2, 2000.0, 8.0, 1, 1, '2026-04-24 16:35:50', '2026-04-24 16:35:50', 0, 0, NULL, 1, NULL),
(28, 'WH0001-B-008', 1, 'B', '02', '02', 2, '008', 2, 2000.0, 8.0, 1, 1, '2026-04-24 16:35:50', '2026-04-24 16:35:50', 0, 0, NULL, 1, NULL),
(29, 'WH0001-B-009', 1, 'B', '02', '03', 3, '009', 2, 2000.0, 8.0, 1, 1, '2026-04-24 16:35:50', '2026-04-24 16:35:50', 0, 0, NULL, 1, NULL),
(30, 'WH0001-B-010', 1, 'B', '02', '04', 1, '010', 2, 2000.0, 8.0, 1, 1, '2026-04-24 16:35:50', '2026-04-24 16:35:50', 0, 0, NULL, 1, NULL),
(31, 'WH0001-B-011', 1, 'B', '02', '05', 4, '011', 2, 2000.0, 8.0, 1, 1, '2026-04-24 16:35:50', '2026-04-24 16:35:50', 0, 0, NULL, 1, NULL),
(32, 'WH0001-B-012', 1, 'B', '02', '06', 3, '012', 2, 2000.0, 8.0, 1, 1, '2026-04-24 16:35:50', '2026-04-24 16:35:50', 0, 0, NULL, 1, NULL),
(33, 'WH0001-B-013', 1, 'B', '03', '01', 5, '013', 2, 2000.0, 8.0, 1, 1, '2026-04-24 16:35:50', '2026-04-24 16:35:50', 0, 0, NULL, 1, NULL),
(34, 'WH0001-B-014', 1, 'B', '03', '02', 4, '014', 2, 2000.0, 8.0, 1, 1, '2026-04-24 16:35:50', '2026-04-24 16:35:50', 0, 0, NULL, 1, NULL),
(35, 'WH0001-B-015', 1, 'B', '03', '03', 3, '015', 2, 2000.0, 8.0, 1, 1, '2026-04-24 16:35:50', '2026-04-24 16:35:50', 0, 0, NULL, 1, NULL),
(36, 'WH0001-B-016', 1, 'B', '03', '04', 4, '016', 2, 2000.0, 8.0, 1, 1, '2026-04-24 16:35:50', '2026-04-24 16:35:50', 0, 0, NULL, 1, NULL),
(37, 'WH0001-B-017', 1, 'B', '03', '05', 3, '017', 2, 2000.0, 8.0, 1, 1, '2026-04-24 16:35:50', '2026-04-24 16:35:50', 0, 0, NULL, 1, NULL),
(38, 'WH0001-B-018', 1, 'B', '03', '06', 4, '018', 2, 2000.0, 8.0, 1, 1, '2026-04-24 16:35:50', '2026-04-24 16:35:50', 0, 0, NULL, 1, NULL),
(39, 'WH0001-B-019', 1, 'B', '04', '01', 5, '019', 2, 2000.0, 8.0, 1, 1, '2026-04-24 16:35:50', '2026-04-24 16:35:50', 0, 0, NULL, 1, NULL),
(40, 'WH0001-B-020', 1, 'B', '04', '02', 2, '020', 2, 2000.0, 8.0, 1, 1, '2026-04-24 16:35:50', '2026-04-24 16:35:50', 0, 0, NULL, 1, NULL),
(41, 'WH0001-B-021', 1, 'B', '04', '03', 3, '021', 2, 2000.0, 8.0, 1, 1, '2026-04-24 16:35:50', '2026-04-24 16:35:50', 0, 0, NULL, 1, NULL),
(42, 'WH0001-B-022', 1, 'B', '04', '04', 3, '022', 2, 2000.0, 8.0, 1, 1, '2026-04-24 16:35:50', '2026-04-24 16:35:50', 0, 0, NULL, 1, NULL),
(43, 'WH0001-B-023', 1, 'B', '04', '05', 5, '023', 2, 2000.0, 8.0, 1, 1, '2026-04-24 16:35:50', '2026-04-24 16:35:50', 0, 0, NULL, 1, NULL),
(44, 'WH0001-B-024', 1, 'B', '04', '06', 2, '024', 2, 2000.0, 8.0, 1, 1, '2026-04-24 16:35:50', '2026-04-24 16:35:50', 0, 0, NULL, 1, NULL),
(45, 'WH0001-B-025', 1, 'B', '05', '01', 4, '025', 2, 2000.0, 8.0, 1, 1, '2026-04-24 16:35:50', '2026-04-24 16:35:50', 0, 0, NULL, 1, NULL),
(46, 'WH0001-B-026', 1, 'B', '05', '02', 3, '026', 2, 2000.0, 8.0, 1, 1, '2026-04-24 16:35:50', '2026-04-24 16:35:50', 0, 0, NULL, 1, NULL),
(47, 'WH0001-B-027', 1, 'B', '05', '03', 2, '027', 2, 2000.0, 8.0, 1, 1, '2026-04-24 16:35:50', '2026-04-24 16:35:50', 0, 0, NULL, 1, NULL),
(48, 'WH0001-B-028', 1, 'B', '05', '04', 4, '028', 2, 2000.0, 8.0, 1, 1, '2026-04-24 16:35:50', '2026-04-24 16:35:50', 0, 0, NULL, 1, NULL),
(49, 'WH0001-B-029', 1, 'B', '05', '05', 3, '029', 2, 2000.0, 8.0, 1, 1, '2026-04-24 16:35:50', '2026-04-24 16:35:50', 0, 0, NULL, 1, NULL),
(50, 'WH0001-B-030', 1, 'B', '05', '06', 3, '030', 2, 2000.0, 8.0, 1, 1, '2026-04-24 16:35:50', '2026-04-24 16:35:50', 0, 0, NULL, 1, NULL),
(51, 'WH0001-C-001', 1, 'C', '01', '01', 1, '001', 3, 800.0, 3.0, 1, 1, '2026-04-24 16:35:50', '2026-04-24 16:35:50', 0, 0, NULL, 1, NULL),
(52, 'WH0001-C-002', 1, 'C', '01', '01', 1, '002', 3, 800.0, 3.0, 1, 1, '2026-04-24 16:35:50', '2026-04-24 16:35:50', 0, 0, NULL, 1, NULL),
(53, 'WH0001-C-003', 1, 'C', '01', '01', 1, '003', 3, 800.0, 3.0, 1, 1, '2026-04-24 16:35:50', '2026-04-24 16:35:50', 0, 0, NULL, 1, NULL),
(54, 'WH0001-C-004', 1, 'C', '01', '01', 1, '004', 3, 800.0, 3.0, 1, 1, '2026-04-24 16:35:50', '2026-04-24 16:35:50', 0, 0, NULL, 1, NULL),
(55, 'WH0001-C-005', 1, 'C', '01', '01', 1, '005', 3, 800.0, 3.0, 1, 1, '2026-04-24 16:35:50', '2026-04-24 16:35:50', 0, 0, NULL, 1, NULL),
(56, 'WH0002-A-001', 2, 'A', '01', '01', 4, '001', 1, 500.0, 2.0, 1, 1, '2026-04-24 16:35:50', '2026-04-24 16:35:50', 0, 0, NULL, 1, NULL),
(57, 'WH0002-A-002', 2, 'A', '01', '02', 2, '002', 1, 500.0, 2.0, 1, 1, '2026-04-24 16:35:50', '2026-04-24 16:35:50', 0, 0, NULL, 1, NULL),
(58, 'WH0002-A-003', 2, 'A', '01', '03', 3, '003', 1, 500.0, 2.0, 1, 1, '2026-04-24 16:35:50', '2026-04-24 16:35:50', 0, 0, NULL, 1, NULL),
(59, 'WH0002-A-004', 2, 'A', '01', '04', 4, '004', 1, 500.0, 2.0, 1, 1, '2026-04-24 16:35:50', '2026-04-24 16:35:50', 0, 0, NULL, 1, NULL),
(60, 'WH0002-A-005', 2, 'A', '01', '05', 3, '005', 1, 500.0, 2.0, 1, 1, '2026-04-24 16:35:50', '2026-04-24 16:35:50', 0, 0, NULL, 1, NULL),
(61, 'WH0002-A-006', 2, 'A', '02', '01', 4, '006', 1, 500.0, 2.0, 1, 1, '2026-04-24 16:35:50', '2026-04-24 16:35:50', 0, 0, NULL, 1, NULL),
(62, 'WH0002-A-007', 2, 'A', '02', '02', 3, '007', 1, 500.0, 2.0, 1, 1, '2026-04-24 16:35:50', '2026-04-24 16:35:50', 0, 0, NULL, 1, NULL),
(63, 'WH0002-A-008', 2, 'A', '02', '03', 1, '008', 1, 500.0, 2.0, 1, 1, '2026-04-24 16:35:50', '2026-04-24 16:35:50', 0, 0, NULL, 1, NULL),
(64, 'WH0002-A-009', 2, 'A', '02', '04', 2, '009', 1, 500.0, 2.0, 1, 1, '2026-04-24 16:35:50', '2026-04-24 16:35:50', 0, 0, NULL, 1, NULL),
(65, 'WH0002-A-010', 2, 'A', '02', '05', 2, '010', 1, 500.0, 2.0, 1, 1, '2026-04-24 16:35:50', '2026-04-24 16:35:50', 0, 0, NULL, 1, NULL),
(66, 'WH0002-A-011', 2, 'A', '03', '01', 1, '011', 1, 500.0, 2.0, 1, 1, '2026-04-24 16:35:50', '2026-04-24 16:35:50', 0, 0, NULL, 1, NULL),
(67, 'WH0002-A-012', 2, 'A', '03', '02', 4, '012', 1, 500.0, 2.0, 1, 1, '2026-04-24 16:35:50', '2026-04-24 16:35:50', 0, 0, NULL, 1, NULL),
(68, 'WH0002-A-013', 2, 'A', '03', '03', 2, '013', 1, 500.0, 2.0, 1, 1, '2026-04-24 16:35:50', '2026-04-24 16:35:50', 0, 0, NULL, 1, NULL),
(69, 'WH0002-A-014', 2, 'A', '03', '04', 4, '014', 1, 500.0, 2.0, 1, 1, '2026-04-24 16:35:50', '2026-04-24 16:35:50', 0, 0, NULL, 1, NULL),
(70, 'WH0002-A-015', 2, 'A', '03', '05', 3, '015', 1, 500.0, 2.0, 1, 1, '2026-04-24 16:35:50', '2026-04-24 16:35:50', 0, 0, NULL, 1, NULL),
(71, 'WH0002-A-016', 2, 'A', '04', '01', 1, '016', 1, 500.0, 2.0, 1, 1, '2026-04-24 16:35:50', '2026-04-24 16:35:50', 0, 0, NULL, 1, NULL),
(72, 'WH0002-A-017', 2, 'A', '04', '02', 4, '017', 1, 500.0, 2.0, 1, 1, '2026-04-24 16:35:50', '2026-04-24 16:35:50', 0, 0, NULL, 1, NULL),
(73, 'WH0002-A-018', 2, 'A', '04', '03', 4, '018', 1, 500.0, 2.0, 1, 1, '2026-04-24 16:35:50', '2026-04-24 16:35:50', 0, 0, NULL, 1, NULL),
(74, 'WH0002-A-019', 2, 'A', '04', '04', 2, '019', 1, 500.0, 2.0, 1, 1, '2026-04-24 16:35:50', '2026-04-24 16:35:50', 0, 0, NULL, 1, NULL),
(75, 'WH0002-A-020', 2, 'A', '04', '05', 3, '020', 1, 500.0, 2.0, 1, 1, '2026-04-24 16:35:50', '2026-04-24 16:35:50', 0, 0, NULL, 1, NULL),
(76, 'WH0002-B-001', 2, 'B', '01', '01', 2, '001', 2, 2000.0, 8.0, 1, 1, '2026-04-24 16:35:50', '2026-04-24 16:35:50', 0, 0, NULL, 1, NULL),
(77, 'WH0002-B-002', 2, 'B', '01', '02', 3, '002', 2, 2000.0, 8.0, 1, 1, '2026-04-24 16:35:50', '2026-04-24 16:35:50', 0, 0, NULL, 1, NULL),
(78, 'WH0002-B-003', 2, 'B', '01', '03', 2, '003', 2, 2000.0, 8.0, 1, 1, '2026-04-24 16:35:50', '2026-04-24 16:35:50', 0, 0, NULL, 1, NULL),
(79, 'WH0002-B-004', 2, 'B', '01', '04', 4, '004', 2, 2000.0, 8.0, 1, 1, '2026-04-24 16:35:50', '2026-04-24 16:35:50', 0, 0, NULL, 1, NULL),
(80, 'WH0002-B-005', 2, 'B', '01', '05', 4, '005', 2, 2000.0, 8.0, 1, 1, '2026-04-24 16:35:50', '2026-04-24 16:35:50', 0, 0, NULL, 1, NULL),
(81, 'WH0002-B-006', 2, 'B', '01', '06', 1, '006', 2, 2000.0, 8.0, 1, 1, '2026-04-24 16:35:50', '2026-04-24 16:35:50', 0, 0, NULL, 1, NULL),
(82, 'WH0002-B-007', 2, 'B', '02', '01', 4, '007', 2, 2000.0, 8.0, 1, 1, '2026-04-24 16:35:50', '2026-04-24 16:35:50', 0, 0, NULL, 1, NULL),
(83, 'WH0002-B-008', 2, 'B', '02', '02', 5, '008', 2, 2000.0, 8.0, 1, 1, '2026-04-24 16:35:50', '2026-04-24 16:35:50', 0, 0, NULL, 1, NULL),
(84, 'WH0002-B-009', 2, 'B', '02', '03', 4, '009', 2, 2000.0, 8.0, 1, 1, '2026-04-24 16:35:50', '2026-04-24 16:35:50', 0, 0, NULL, 1, NULL),
(85, 'WH0002-B-010', 2, 'B', '02', '04', 5, '010', 2, 2000.0, 8.0, 1, 1, '2026-04-24 16:35:50', '2026-04-24 16:35:50', 0, 0, NULL, 1, NULL),
(86, 'WH0002-B-011', 2, 'B', '02', '05', 4, '011', 2, 2000.0, 8.0, 1, 1, '2026-04-24 16:35:50', '2026-04-24 16:35:50', 0, 0, NULL, 1, NULL),
(87, 'WH0002-B-012', 2, 'B', '02', '06', 5, '012', 2, 2000.0, 8.0, 1, 1, '2026-04-24 16:35:50', '2026-04-24 16:35:50', 0, 0, NULL, 1, NULL),
(88, 'WH0002-B-013', 2, 'B', '03', '01', 5, '013', 2, 2000.0, 8.0, 1, 1, '2026-04-24 16:35:50', '2026-04-24 16:35:50', 0, 0, NULL, 1, NULL),
(89, 'WH0002-B-014', 2, 'B', '03', '02', 4, '014', 2, 2000.0, 8.0, 1, 1, '2026-04-24 16:35:50', '2026-04-24 16:35:50', 0, 0, NULL, 1, NULL),
(90, 'WH0002-B-015', 2, 'B', '03', '03', 5, '015', 2, 2000.0, 8.0, 1, 1, '2026-04-24 16:35:50', '2026-04-24 16:35:50', 0, 0, NULL, 1, NULL),
(91, 'WH0002-B-016', 2, 'B', '03', '04', 1, '016', 2, 2000.0, 8.0, 1, 1, '2026-04-24 16:35:50', '2026-04-24 16:35:50', 0, 0, NULL, 1, NULL),
(92, 'WH0002-B-017', 2, 'B', '03', '05', 3, '017', 2, 2000.0, 8.0, 1, 1, '2026-04-24 16:35:50', '2026-04-24 16:35:50', 0, 0, NULL, 1, NULL),
(93, 'WH0002-B-018', 2, 'B', '03', '06', 5, '018', 2, 2000.0, 8.0, 1, 1, '2026-04-24 16:35:50', '2026-04-24 16:35:50', 0, 0, NULL, 1, NULL),
(94, 'WH0002-B-019', 2, 'B', '04', '01', 5, '019', 2, 2000.0, 8.0, 1, 1, '2026-04-24 16:35:50', '2026-04-24 16:35:50', 0, 0, NULL, 1, NULL),
(95, 'WH0002-B-020', 2, 'B', '04', '02', 1, '020', 2, 2000.0, 8.0, 1, 1, '2026-04-24 16:35:50', '2026-04-24 16:35:50', 0, 0, NULL, 1, NULL),
(96, 'WH0002-B-021', 2, 'B', '04', '03', 1, '021', 2, 2000.0, 8.0, 1, 1, '2026-04-24 16:35:50', '2026-04-24 16:35:50', 0, 0, NULL, 1, NULL),
(97, 'WH0002-B-022', 2, 'B', '04', '04', 2, '022', 2, 2000.0, 8.0, 1, 1, '2026-04-24 16:35:50', '2026-04-24 16:35:50', 0, 0, NULL, 1, NULL),
(98, 'WH0002-B-023', 2, 'B', '04', '05', 3, '023', 2, 2000.0, 8.0, 1, 1, '2026-04-24 16:35:50', '2026-04-24 16:35:50', 0, 0, NULL, 1, NULL),
(99, 'WH0002-B-024', 2, 'B', '04', '06', 2, '024', 2, 2000.0, 8.0, 1, 1, '2026-04-24 16:35:50', '2026-04-24 16:35:50', 0, 0, NULL, 1, NULL),
(100, 'WH0002-B-025', 2, 'B', '05', '01', 5, '025', 2, 2000.0, 8.0, 1, 1, '2026-04-24 16:35:50', '2026-04-24 16:35:50', 0, 0, NULL, 1, NULL),
(101, 'WH0002-B-026', 2, 'B', '05', '02', 1, '026', 2, 2000.0, 8.0, 1, 1, '2026-04-24 16:35:50', '2026-04-24 16:35:50', 0, 0, NULL, 1, NULL),
(102, 'WH0002-B-027', 2, 'B', '05', '03', 5, '027', 2, 2000.0, 8.0, 1, 1, '2026-04-24 16:35:50', '2026-04-24 16:35:50', 0, 0, NULL, 1, NULL),
(103, 'WH0002-B-028', 2, 'B', '05', '04', 4, '028', 2, 2000.0, 8.0, 1, 1, '2026-04-24 16:35:50', '2026-04-24 16:35:50', 0, 0, NULL, 1, NULL),
(104, 'WH0002-B-029', 2, 'B', '05', '05', 3, '029', 2, 2000.0, 8.0, 1, 1, '2026-04-24 16:35:50', '2026-04-24 16:35:50', 0, 0, NULL, 1, NULL),
(105, 'WH0002-B-030', 2, 'B', '05', '06', 4, '030', 2, 2000.0, 8.0, 1, 1, '2026-04-24 16:35:50', '2026-04-24 16:35:50', 0, 0, NULL, 1, NULL),
(106, 'WH0002-C-001', 2, 'C', '01', '01', 1, '001', 3, 800.0, 3.0, 1, 1, '2026-04-24 16:35:50', '2026-04-24 16:35:50', 0, 0, NULL, 1, NULL),
(107, 'WH0002-C-002', 2, 'C', '01', '01', 1, '002', 3, 800.0, 3.0, 1, 1, '2026-04-24 16:35:50', '2026-04-24 16:35:50', 0, 0, NULL, 1, NULL),
(108, 'WH0002-C-003', 2, 'C', '01', '01', 1, '003', 3, 800.0, 3.0, 1, 1, '2026-04-24 16:35:50', '2026-04-24 16:35:50', 0, 0, NULL, 1, NULL),
(109, 'WH0002-C-004', 2, 'C', '01', '01', 1, '004', 3, 800.0, 3.0, 1, 1, '2026-04-24 16:35:50', '2026-04-24 16:35:50', 0, 0, NULL, 1, NULL),
(110, 'WH0002-C-005', 2, 'C', '01', '01', 1, '005', 3, 800.0, 3.0, 1, 1, '2026-04-24 16:35:50', '2026-04-24 16:35:50', 0, 0, NULL, 1, NULL),
(111, 'WH0003-A-001', 3, 'A', '01', '01', 1, '001', 1, 500.0, 2.0, 1, 1, '2026-04-24 16:35:50', '2026-04-24 16:35:50', 0, 0, NULL, 1, NULL),
(112, 'WH0003-A-002', 3, 'A', '01', '02', 1, '002', 1, 500.0, 2.0, 1, 1, '2026-04-24 16:35:50', '2026-04-24 16:35:50', 0, 0, NULL, 1, NULL),
(113, 'WH0003-A-003', 3, 'A', '01', '03', 1, '003', 1, 500.0, 2.0, 1, 1, '2026-04-24 16:35:50', '2026-04-24 16:35:50', 0, 0, NULL, 1, NULL),
(114, 'WH0003-A-004', 3, 'A', '01', '04', 3, '004', 1, 500.0, 2.0, 1, 1, '2026-04-24 16:35:50', '2026-04-24 16:35:50', 0, 0, NULL, 1, NULL),
(115, 'WH0003-A-005', 3, 'A', '01', '05', 2, '005', 1, 500.0, 2.0, 1, 1, '2026-04-24 16:35:50', '2026-04-24 16:35:50', 0, 0, NULL, 1, NULL),
(116, 'WH0003-A-006', 3, 'A', '02', '01', 2, '006', 1, 500.0, 2.0, 1, 1, '2026-04-24 16:35:50', '2026-04-24 16:35:50', 0, 0, NULL, 1, NULL),
(117, 'WH0003-A-007', 3, 'A', '02', '02', 4, '007', 1, 500.0, 2.0, 1, 1, '2026-04-24 16:35:50', '2026-04-24 16:35:50', 0, 0, NULL, 1, NULL),
(118, 'WH0003-A-008', 3, 'A', '02', '03', 3, '008', 1, 500.0, 2.0, 1, 1, '2026-04-24 16:35:50', '2026-04-24 16:35:50', 0, 0, NULL, 1, NULL),
(119, 'WH0003-A-009', 3, 'A', '02', '04', 4, '009', 1, 500.0, 2.0, 1, 1, '2026-04-24 16:35:50', '2026-04-24 16:35:50', 0, 0, NULL, 1, NULL),
(120, 'WH0003-A-010', 3, 'A', '02', '05', 4, '010', 1, 500.0, 2.0, 1, 1, '2026-04-24 16:35:50', '2026-04-24 16:35:50', 0, 0, NULL, 1, NULL),
(121, 'WH0003-A-011', 3, 'A', '03', '01', 2, '011', 1, 500.0, 2.0, 1, 1, '2026-04-24 16:35:50', '2026-04-24 16:35:50', 0, 0, NULL, 1, NULL),
(122, 'WH0003-A-012', 3, 'A', '03', '02', 3, '012', 1, 500.0, 2.0, 1, 1, '2026-04-24 16:35:50', '2026-04-24 16:35:50', 0, 0, NULL, 1, NULL),
(123, 'WH0003-A-013', 3, 'A', '03', '03', 1, '013', 1, 500.0, 2.0, 1, 1, '2026-04-24 16:35:50', '2026-04-24 16:35:50', 0, 0, NULL, 1, NULL),
(124, 'WH0003-A-014', 3, 'A', '03', '04', 4, '014', 1, 500.0, 2.0, 1, 1, '2026-04-24 16:35:50', '2026-04-24 16:35:50', 0, 0, NULL, 1, NULL),
(125, 'WH0003-A-015', 3, 'A', '03', '05', 1, '015', 1, 500.0, 2.0, 1, 1, '2026-04-24 16:35:50', '2026-04-24 16:35:50', 0, 0, NULL, 1, NULL),
(126, 'WH0003-A-016', 3, 'A', '04', '01', 3, '016', 1, 500.0, 2.0, 1, 1, '2026-04-24 16:35:50', '2026-04-24 16:35:50', 0, 0, NULL, 1, NULL),
(127, 'WH0003-A-017', 3, 'A', '04', '02', 4, '017', 1, 500.0, 2.0, 1, 1, '2026-04-24 16:35:50', '2026-04-24 16:35:50', 0, 0, NULL, 1, NULL),
(128, 'WH0003-A-018', 3, 'A', '04', '03', 1, '018', 1, 500.0, 2.0, 1, 1, '2026-04-24 16:35:50', '2026-04-24 16:35:50', 0, 0, NULL, 1, NULL),
(129, 'WH0003-A-019', 3, 'A', '04', '04', 1, '019', 1, 500.0, 2.0, 1, 1, '2026-04-24 16:35:50', '2026-04-24 16:35:50', 0, 0, NULL, 1, NULL),
(130, 'WH0003-A-020', 3, 'A', '04', '05', 2, '020', 1, 500.0, 2.0, 1, 1, '2026-04-24 16:35:50', '2026-04-24 16:35:50', 0, 0, NULL, 1, NULL),
(131, 'WH0003-B-001', 3, 'B', '01', '01', 3, '001', 2, 2000.0, 8.0, 1, 1, '2026-04-24 16:35:50', '2026-04-24 16:35:50', 0, 0, NULL, 1, NULL),
(132, 'WH0003-B-002', 3, 'B', '01', '02', 3, '002', 2, 2000.0, 8.0, 1, 1, '2026-04-24 16:35:50', '2026-04-24 16:35:50', 0, 0, NULL, 1, NULL),
(133, 'WH0003-B-003', 3, 'B', '01', '03', 3, '003', 2, 2000.0, 8.0, 1, 1, '2026-04-24 16:35:50', '2026-04-24 16:35:50', 0, 0, NULL, 1, NULL),
(134, 'WH0003-B-004', 3, 'B', '01', '04', 4, '004', 2, 2000.0, 8.0, 1, 1, '2026-04-24 16:35:50', '2026-04-24 16:35:50', 0, 0, NULL, 1, NULL),
(135, 'WH0003-B-005', 3, 'B', '01', '05', 2, '005', 2, 2000.0, 8.0, 1, 1, '2026-04-24 16:35:50', '2026-04-24 16:35:50', 0, 0, NULL, 1, NULL),
(136, 'WH0003-B-006', 3, 'B', '01', '06', 5, '006', 2, 2000.0, 8.0, 1, 1, '2026-04-24 16:35:50', '2026-04-24 16:35:50', 0, 0, NULL, 1, NULL),
(137, 'WH0003-B-007', 3, 'B', '02', '01', 4, '007', 2, 2000.0, 8.0, 1, 1, '2026-04-24 16:35:50', '2026-04-24 16:35:50', 0, 0, NULL, 1, NULL),
(138, 'WH0003-B-008', 3, 'B', '02', '02', 3, '008', 2, 2000.0, 8.0, 1, 1, '2026-04-24 16:35:50', '2026-04-24 16:35:50', 0, 0, NULL, 1, NULL),
(139, 'WH0003-B-009', 3, 'B', '02', '03', 4, '009', 2, 2000.0, 8.0, 1, 1, '2026-04-24 16:35:50', '2026-04-24 16:35:50', 0, 0, NULL, 1, NULL),
(140, 'WH0003-B-010', 3, 'B', '02', '04', 1, '010', 2, 2000.0, 8.0, 1, 1, '2026-04-24 16:35:50', '2026-04-24 16:35:50', 0, 0, NULL, 1, NULL),
(141, 'WH0003-B-011', 3, 'B', '02', '05', 4, '011', 2, 2000.0, 8.0, 1, 1, '2026-04-24 16:35:50', '2026-04-24 16:35:50', 0, 0, NULL, 1, NULL),
(142, 'WH0003-B-012', 3, 'B', '02', '06', 4, '012', 2, 2000.0, 8.0, 1, 1, '2026-04-24 16:35:50', '2026-04-24 16:35:50', 0, 0, NULL, 1, NULL),
(143, 'WH0003-B-013', 3, 'B', '03', '01', 3, '013', 2, 2000.0, 8.0, 1, 1, '2026-04-24 16:35:50', '2026-04-24 16:35:50', 0, 0, NULL, 1, NULL),
(144, 'WH0003-B-014', 3, 'B', '03', '02', 1, '014', 2, 2000.0, 8.0, 1, 1, '2026-04-24 16:35:50', '2026-04-24 16:35:50', 0, 0, NULL, 1, NULL),
(145, 'WH0003-B-015', 3, 'B', '03', '03', 3, '015', 2, 2000.0, 8.0, 1, 1, '2026-04-24 16:35:50', '2026-04-24 16:35:50', 0, 0, NULL, 1, NULL),
(146, 'WH0003-B-016', 3, 'B', '03', '04', 1, '016', 2, 2000.0, 8.0, 1, 1, '2026-04-24 16:35:50', '2026-04-24 16:35:50', 0, 0, NULL, 1, NULL),
(147, 'WH0003-B-017', 3, 'B', '03', '05', 1, '017', 2, 2000.0, 8.0, 1, 1, '2026-04-24 16:35:50', '2026-04-24 16:35:50', 0, 0, NULL, 1, NULL),
(148, 'WH0003-B-018', 3, 'B', '03', '06', 1, '018', 2, 2000.0, 8.0, 1, 1, '2026-04-24 16:35:50', '2026-04-24 16:35:50', 0, 0, NULL, 1, NULL),
(149, 'WH0003-B-019', 3, 'B', '04', '01', 3, '019', 2, 2000.0, 8.0, 1, 1, '2026-04-24 16:35:50', '2026-04-24 16:35:50', 0, 0, NULL, 1, NULL),
(150, 'WH0003-B-020', 3, 'B', '04', '02', 1, '020', 2, 2000.0, 8.0, 1, 1, '2026-04-24 16:35:50', '2026-04-24 16:35:50', 0, 0, NULL, 1, NULL),
(151, 'WH0003-B-021', 3, 'B', '04', '03', 2, '021', 2, 2000.0, 8.0, 1, 1, '2026-04-24 16:35:50', '2026-04-24 16:35:50', 0, 0, NULL, 1, NULL),
(152, 'WH0003-B-022', 3, 'B', '04', '04', 2, '022', 2, 2000.0, 8.0, 1, 1, '2026-04-24 16:35:50', '2026-04-24 16:35:50', 0, 0, NULL, 1, NULL),
(153, 'WH0003-B-023', 3, 'B', '04', '05', 5, '023', 2, 2000.0, 8.0, 1, 1, '2026-04-24 16:35:50', '2026-04-24 16:35:50', 0, 0, NULL, 1, NULL),
(154, 'WH0003-B-024', 3, 'B', '04', '06', 2, '024', 2, 2000.0, 8.0, 1, 1, '2026-04-24 16:35:50', '2026-04-24 16:35:50', 0, 0, NULL, 1, NULL),
(155, 'WH0003-B-025', 3, 'B', '05', '01', 5, '025', 2, 2000.0, 8.0, 1, 1, '2026-04-24 16:35:50', '2026-04-24 16:35:50', 0, 0, NULL, 1, NULL),
(156, 'WH0003-B-026', 3, 'B', '05', '02', 2, '026', 2, 2000.0, 8.0, 1, 1, '2026-04-24 16:35:50', '2026-04-24 16:35:50', 0, 0, NULL, 1, NULL),
(157, 'WH0003-B-027', 3, 'B', '05', '03', 3, '027', 2, 2000.0, 8.0, 1, 1, '2026-04-24 16:35:50', '2026-04-24 16:35:50', 0, 0, NULL, 1, NULL),
(158, 'WH0003-B-028', 3, 'B', '05', '04', 5, '028', 2, 2000.0, 8.0, 1, 1, '2026-04-24 16:35:50', '2026-04-24 16:35:50', 0, 0, NULL, 1, NULL),
(159, 'WH0003-B-029', 3, 'B', '05', '05', 4, '029', 2, 2000.0, 8.0, 1, 1, '2026-04-24 16:35:50', '2026-04-24 16:35:50', 0, 0, NULL, 1, NULL),
(160, 'WH0003-B-030', 3, 'B', '05', '06', 4, '030', 2, 2000.0, 8.0, 1, 1, '2026-04-24 16:35:50', '2026-04-24 16:35:50', 0, 0, NULL, 1, NULL),
(161, 'WH0003-C-001', 3, 'C', '01', '01', 1, '001', 3, 800.0, 3.0, 1, 1, '2026-04-24 16:35:50', '2026-04-24 16:35:50', 0, 0, NULL, 1, NULL),
(162, 'WH0003-C-002', 3, 'C', '01', '01', 1, '002', 3, 800.0, 3.0, 1, 1, '2026-04-24 16:35:50', '2026-04-24 16:35:50', 0, 0, NULL, 1, NULL),
(163, 'WH0003-C-003', 3, 'C', '01', '01', 1, '003', 3, 800.0, 3.0, 1, 1, '2026-04-24 16:35:50', '2026-04-24 16:35:50', 0, 0, NULL, 1, NULL),
(164, 'WH0003-C-004', 3, 'C', '01', '01', 1, '004', 3, 800.0, 3.0, 1, 1, '2026-04-24 16:35:50', '2026-04-24 16:35:50', 0, 0, NULL, 1, NULL),
(165, 'WH0003-C-005', 3, 'C', '01', '01', 1, '005', 3, 800.0, 3.0, 1, 1, '2026-04-24 16:35:50', '2026-04-24 16:35:50', 0, 0, NULL, 1, NULL),
(166, 'WH0004-A-001', 4, 'A', '01', '01', 2, '001', 1, 500.0, 2.0, 1, 1, '2026-04-24 16:35:50', '2026-04-24 16:35:50', 0, 0, NULL, 1, NULL),
(167, 'WH0004-A-002', 4, 'A', '01', '02', 4, '002', 1, 500.0, 2.0, 1, 1, '2026-04-24 16:35:50', '2026-04-24 16:35:50', 0, 0, NULL, 1, NULL),
(168, 'WH0004-A-003', 4, 'A', '01', '03', 2, '003', 1, 500.0, 2.0, 1, 1, '2026-04-24 16:35:50', '2026-04-24 16:35:50', 0, 0, NULL, 1, NULL),
(169, 'WH0004-A-004', 4, 'A', '01', '04', 2, '004', 1, 500.0, 2.0, 1, 1, '2026-04-24 16:35:50', '2026-04-24 16:35:50', 0, 0, NULL, 1, NULL),
(170, 'WH0004-A-005', 4, 'A', '01', '05', 4, '005', 1, 500.0, 2.0, 1, 1, '2026-04-24 16:35:50', '2026-04-24 16:35:50', 0, 0, NULL, 1, NULL),
(171, 'WH0004-A-006', 4, 'A', '02', '01', 4, '006', 1, 500.0, 2.0, 1, 1, '2026-04-24 16:35:50', '2026-04-24 16:35:50', 0, 0, NULL, 1, NULL),
(172, 'WH0004-A-007', 4, 'A', '02', '02', 1, '007', 1, 500.0, 2.0, 1, 1, '2026-04-24 16:35:50', '2026-04-24 16:35:50', 0, 0, NULL, 1, NULL),
(173, 'WH0004-A-008', 4, 'A', '02', '03', 2, '008', 1, 500.0, 2.0, 1, 1, '2026-04-24 16:35:50', '2026-04-24 16:35:50', 0, 0, NULL, 1, NULL),
(174, 'WH0004-A-009', 4, 'A', '02', '04', 4, '009', 1, 500.0, 2.0, 1, 1, '2026-04-24 16:35:50', '2026-04-24 16:35:50', 0, 0, NULL, 1, NULL),
(175, 'WH0004-A-010', 4, 'A', '02', '05', 4, '010', 1, 500.0, 2.0, 1, 1, '2026-04-24 16:35:50', '2026-04-24 16:35:50', 0, 0, NULL, 1, NULL),
(176, 'WH0004-A-011', 4, 'A', '03', '01', 4, '011', 1, 500.0, 2.0, 1, 1, '2026-04-24 16:35:50', '2026-04-24 16:35:50', 0, 0, NULL, 1, NULL),
(177, 'WH0004-A-012', 4, 'A', '03', '02', 1, '012', 1, 500.0, 2.0, 1, 1, '2026-04-24 16:35:50', '2026-04-24 16:35:50', 0, 0, NULL, 1, NULL),
(178, 'WH0004-A-013', 4, 'A', '03', '03', 2, '013', 1, 500.0, 2.0, 1, 1, '2026-04-24 16:35:50', '2026-04-24 16:35:50', 0, 0, NULL, 1, NULL),
(179, 'WH0004-A-014', 4, 'A', '03', '04', 2, '014', 1, 500.0, 2.0, 1, 1, '2026-04-24 16:35:50', '2026-04-24 16:35:50', 0, 0, NULL, 1, NULL),
(180, 'WH0004-A-015', 4, 'A', '03', '05', 3, '015', 1, 500.0, 2.0, 1, 1, '2026-04-24 16:35:50', '2026-04-24 16:35:50', 0, 0, NULL, 1, NULL),
(181, 'WH0004-A-016', 4, 'A', '04', '01', 1, '016', 1, 500.0, 2.0, 1, 1, '2026-04-24 16:35:50', '2026-04-24 16:35:50', 0, 0, NULL, 1, NULL),
(182, 'WH0004-A-017', 4, 'A', '04', '02', 1, '017', 1, 500.0, 2.0, 1, 1, '2026-04-24 16:35:50', '2026-04-24 16:35:50', 0, 0, NULL, 1, NULL),
(183, 'WH0004-A-018', 4, 'A', '04', '03', 2, '018', 1, 500.0, 2.0, 1, 1, '2026-04-24 16:35:50', '2026-04-24 16:35:50', 0, 0, NULL, 1, NULL),
(184, 'WH0004-A-019', 4, 'A', '04', '04', 3, '019', 1, 500.0, 2.0, 1, 1, '2026-04-24 16:35:50', '2026-04-24 16:35:50', 0, 0, NULL, 1, NULL),
(185, 'WH0004-A-020', 4, 'A', '04', '05', 3, '020', 1, 500.0, 2.0, 1, 1, '2026-04-24 16:35:50', '2026-04-24 16:35:50', 0, 0, NULL, 1, NULL),
(186, 'WH0004-B-001', 4, 'B', '01', '01', 2, '001', 2, 2000.0, 8.0, 1, 1, '2026-04-24 16:35:50', '2026-04-24 16:35:50', 0, 0, NULL, 1, NULL),
(187, 'WH0004-B-002', 4, 'B', '01', '02', 4, '002', 2, 2000.0, 8.0, 1, 1, '2026-04-24 16:35:50', '2026-04-24 16:35:50', 0, 0, NULL, 1, NULL),
(188, 'WH0004-B-003', 4, 'B', '01', '03', 1, '003', 2, 2000.0, 8.0, 1, 1, '2026-04-24 16:35:50', '2026-04-24 16:35:50', 0, 0, NULL, 1, NULL),
(189, 'WH0004-B-004', 4, 'B', '01', '04', 3, '004', 2, 2000.0, 8.0, 1, 1, '2026-04-24 16:35:50', '2026-04-24 16:35:50', 0, 0, NULL, 1, NULL),
(190, 'WH0004-B-005', 4, 'B', '01', '05', 4, '005', 2, 2000.0, 8.0, 1, 1, '2026-04-24 16:35:50', '2026-04-24 16:35:50', 0, 0, NULL, 1, NULL),
(191, 'WH0004-B-006', 4, 'B', '01', '06', 5, '006', 2, 2000.0, 8.0, 1, 1, '2026-04-24 16:35:50', '2026-04-24 16:35:50', 0, 0, NULL, 1, NULL),
(192, 'WH0004-B-007', 4, 'B', '02', '01', 3, '007', 2, 2000.0, 8.0, 1, 1, '2026-04-24 16:35:50', '2026-04-24 16:35:50', 0, 0, NULL, 1, NULL),
(193, 'WH0004-B-008', 4, 'B', '02', '02', 5, '008', 2, 2000.0, 8.0, 1, 1, '2026-04-24 16:35:50', '2026-04-24 16:35:50', 0, 0, NULL, 1, NULL),
(194, 'WH0004-B-009', 4, 'B', '02', '03', 4, '009', 2, 2000.0, 8.0, 1, 1, '2026-04-24 16:35:50', '2026-04-24 16:35:50', 0, 0, NULL, 1, NULL),
(195, 'WH0004-B-010', 4, 'B', '02', '04', 5, '010', 2, 2000.0, 8.0, 1, 1, '2026-04-24 16:35:50', '2026-04-24 16:35:50', 0, 0, NULL, 1, NULL),
(196, 'WH0004-B-011', 4, 'B', '02', '05', 4, '011', 2, 2000.0, 8.0, 1, 1, '2026-04-24 16:35:50', '2026-04-24 16:35:50', 0, 0, NULL, 1, NULL),
(197, 'WH0004-B-012', 4, 'B', '02', '06', 5, '012', 2, 2000.0, 8.0, 1, 1, '2026-04-24 16:35:50', '2026-04-24 16:35:50', 0, 0, NULL, 1, NULL),
(198, 'WH0004-B-013', 4, 'B', '03', '01', 1, '013', 2, 2000.0, 8.0, 1, 1, '2026-04-24 16:35:50', '2026-04-24 16:35:50', 0, 0, NULL, 1, NULL),
(199, 'WH0004-B-014', 4, 'B', '03', '02', 3, '014', 2, 2000.0, 8.0, 1, 1, '2026-04-24 16:35:50', '2026-04-24 16:35:50', 0, 0, NULL, 1, NULL),
(200, 'WH0004-B-015', 4, 'B', '03', '03', 3, '015', 2, 2000.0, 8.0, 1, 1, '2026-04-24 16:35:50', '2026-04-24 16:35:50', 0, 0, NULL, 1, NULL),
(201, 'WH0004-B-016', 4, 'B', '03', '04', 4, '016', 2, 2000.0, 8.0, 1, 1, '2026-04-24 16:35:50', '2026-04-24 16:35:50', 0, 0, NULL, 1, NULL),
(202, 'WH0004-B-017', 4, 'B', '03', '05', 5, '017', 2, 2000.0, 8.0, 1, 1, '2026-04-24 16:35:50', '2026-04-24 16:35:50', 0, 0, NULL, 1, NULL),
(203, 'WH0004-B-018', 4, 'B', '03', '06', 2, '018', 2, 2000.0, 8.0, 1, 1, '2026-04-24 16:35:50', '2026-04-24 16:35:50', 0, 0, NULL, 1, NULL),
(204, 'WH0004-B-019', 4, 'B', '04', '01', 3, '019', 2, 2000.0, 8.0, 1, 1, '2026-04-24 16:35:50', '2026-04-24 16:35:50', 0, 0, NULL, 1, NULL),
(205, 'WH0004-B-020', 4, 'B', '04', '02', 5, '020', 2, 2000.0, 8.0, 1, 1, '2026-04-24 16:35:50', '2026-04-24 16:35:50', 0, 0, NULL, 1, NULL),
(206, 'WH0004-B-021', 4, 'B', '04', '03', 5, '021', 2, 2000.0, 8.0, 1, 1, '2026-04-24 16:35:50', '2026-04-24 16:35:50', 0, 0, NULL, 1, NULL),
(207, 'WH0004-B-022', 4, 'B', '04', '04', 1, '022', 2, 2000.0, 8.0, 1, 1, '2026-04-24 16:35:50', '2026-04-24 16:35:50', 0, 0, NULL, 1, NULL),
(208, 'WH0004-B-023', 4, 'B', '04', '05', 2, '023', 2, 2000.0, 8.0, 1, 1, '2026-04-24 16:35:50', '2026-04-24 16:35:50', 0, 0, NULL, 1, NULL),
(209, 'WH0004-B-024', 4, 'B', '04', '06', 3, '024', 2, 2000.0, 8.0, 1, 1, '2026-04-24 16:35:50', '2026-04-24 16:35:50', 0, 0, NULL, 1, NULL),
(210, 'WH0004-B-025', 4, 'B', '05', '01', 1, '025', 2, 2000.0, 8.0, 1, 1, '2026-04-24 16:35:50', '2026-04-24 16:35:50', 0, 0, NULL, 1, NULL),
(211, 'WH0004-B-026', 4, 'B', '05', '02', 2, '026', 2, 2000.0, 8.0, 1, 1, '2026-04-24 16:35:50', '2026-04-24 16:35:50', 0, 0, NULL, 1, NULL),
(212, 'WH0004-B-027', 4, 'B', '05', '03', 3, '027', 2, 2000.0, 8.0, 1, 1, '2026-04-24 16:35:50', '2026-04-24 16:35:50', 0, 0, NULL, 1, NULL),
(213, 'WH0004-B-028', 4, 'B', '05', '04', 1, '028', 2, 2000.0, 8.0, 1, 1, '2026-04-24 16:35:50', '2026-04-24 16:35:50', 0, 0, NULL, 1, NULL),
(214, 'WH0004-B-029', 4, 'B', '05', '05', 2, '029', 2, 2000.0, 8.0, 1, 1, '2026-04-24 16:35:50', '2026-04-24 16:35:50', 0, 0, NULL, 1, NULL),
(215, 'WH0004-B-030', 4, 'B', '05', '06', 3, '030', 2, 2000.0, 8.0, 1, 1, '2026-04-24 16:35:50', '2026-04-24 16:35:50', 0, 0, NULL, 1, NULL),
(216, 'WH0004-C-001', 4, 'C', '01', '01', 1, '001', 3, 800.0, 3.0, 1, 1, '2026-04-24 16:35:50', '2026-04-24 16:35:50', 0, 0, NULL, 1, NULL),
(217, 'WH0004-C-002', 4, 'C', '01', '01', 1, '002', 3, 800.0, 3.0, 1, 1, '2026-04-24 16:35:50', '2026-04-24 16:35:50', 0, 0, NULL, 1, NULL),
(218, 'WH0004-C-003', 4, 'C', '01', '01', 1, '003', 3, 800.0, 3.0, 1, 1, '2026-04-24 16:35:50', '2026-04-24 16:35:50', 0, 0, NULL, 1, NULL),
(219, 'WH0004-C-004', 4, 'C', '01', '01', 1, '004', 3, 800.0, 3.0, 1, 1, '2026-04-24 16:35:50', '2026-04-24 16:35:50', 0, 0, NULL, 1, NULL),
(220, 'WH0004-C-005', 4, 'C', '01', '01', 1, '005', 3, 800.0, 3.0, 1, 1, '2026-04-24 16:35:50', '2026-04-24 16:35:50', 0, 0, NULL, 1, NULL),
(221, 'WH0005-A-001', 5, 'A', '01', '01', 2, '001', 1, 500.0, 2.0, 1, 1, '2026-04-24 16:35:50', '2026-04-24 16:35:50', 0, 0, NULL, 1, NULL),
(222, 'WH0005-A-002', 5, 'A', '01', '02', 4, '002', 1, 500.0, 2.0, 1, 1, '2026-04-24 16:35:50', '2026-04-24 16:35:50', 0, 0, NULL, 1, NULL),
(223, 'WH0005-A-003', 5, 'A', '01', '03', 4, '003', 1, 500.0, 2.0, 1, 1, '2026-04-24 16:35:50', '2026-04-24 16:35:50', 0, 0, NULL, 1, NULL),
(224, 'WH0005-A-004', 5, 'A', '01', '04', 2, '004', 1, 500.0, 2.0, 1, 1, '2026-04-24 16:35:50', '2026-04-24 16:35:50', 0, 0, NULL, 1, NULL),
(225, 'WH0005-A-005', 5, 'A', '01', '05', 4, '005', 1, 500.0, 2.0, 1, 1, '2026-04-24 16:35:50', '2026-04-24 16:35:50', 0, 0, NULL, 1, NULL),
(226, 'WH0005-A-006', 5, 'A', '02', '01', 4, '006', 1, 500.0, 2.0, 1, 1, '2026-04-24 16:35:50', '2026-04-24 16:35:50', 0, 0, NULL, 1, NULL),
(227, 'WH0005-A-007', 5, 'A', '02', '02', 2, '007', 1, 500.0, 2.0, 1, 1, '2026-04-24 16:35:50', '2026-04-24 16:35:50', 0, 0, NULL, 1, NULL),
(228, 'WH0005-A-008', 5, 'A', '02', '03', 4, '008', 1, 500.0, 2.0, 1, 1, '2026-04-24 16:35:50', '2026-04-24 16:35:50', 0, 0, NULL, 1, NULL),
(229, 'WH0005-A-009', 5, 'A', '02', '04', 2, '009', 1, 500.0, 2.0, 1, 1, '2026-04-24 16:35:50', '2026-04-24 16:35:50', 0, 0, NULL, 1, NULL),
(230, 'WH0005-A-010', 5, 'A', '02', '05', 2, '010', 1, 500.0, 2.0, 1, 1, '2026-04-24 16:35:50', '2026-04-24 16:35:50', 0, 0, NULL, 1, NULL),
(231, 'WH0005-A-011', 5, 'A', '03', '01', 4, '011', 1, 500.0, 2.0, 1, 1, '2026-04-24 16:35:50', '2026-04-24 16:35:50', 0, 0, NULL, 1, NULL),
(232, 'WH0005-A-012', 5, 'A', '03', '02', 3, '012', 1, 500.0, 2.0, 1, 1, '2026-04-24 16:35:50', '2026-04-24 16:35:50', 0, 0, NULL, 1, NULL),
(233, 'WH0005-A-013', 5, 'A', '03', '03', 2, '013', 1, 500.0, 2.0, 1, 1, '2026-04-24 16:35:50', '2026-04-24 16:35:50', 0, 0, NULL, 1, NULL),
(234, 'WH0005-A-014', 5, 'A', '03', '04', 2, '014', 1, 500.0, 2.0, 1, 1, '2026-04-24 16:35:50', '2026-04-24 16:35:50', 0, 0, NULL, 1, NULL),
(235, 'WH0005-A-015', 5, 'A', '03', '05', 3, '015', 1, 500.0, 2.0, 1, 1, '2026-04-24 16:35:50', '2026-04-24 16:35:50', 0, 0, NULL, 1, NULL),
(236, 'WH0005-A-016', 5, 'A', '04', '01', 4, '016', 1, 500.0, 2.0, 1, 1, '2026-04-24 16:35:50', '2026-04-24 16:35:50', 0, 0, NULL, 1, NULL),
(237, 'WH0005-A-017', 5, 'A', '04', '02', 1, '017', 1, 500.0, 2.0, 1, 1, '2026-04-24 16:35:50', '2026-04-24 16:35:50', 0, 0, NULL, 1, NULL),
(238, 'WH0005-A-018', 5, 'A', '04', '03', 3, '018', 1, 500.0, 2.0, 1, 1, '2026-04-24 16:35:50', '2026-04-24 16:35:50', 0, 0, NULL, 1, NULL),
(239, 'WH0005-A-019', 5, 'A', '04', '04', 1, '019', 1, 500.0, 2.0, 1, 1, '2026-04-24 16:35:50', '2026-04-24 16:35:50', 0, 0, NULL, 1, NULL),
(240, 'WH0005-A-020', 5, 'A', '04', '05', 4, '020', 1, 500.0, 2.0, 1, 1, '2026-04-24 16:35:50', '2026-04-24 16:35:50', 0, 0, NULL, 1, NULL),
(241, 'WH0005-B-001', 5, 'B', '01', '01', 2, '001', 2, 2000.0, 8.0, 1, 1, '2026-04-24 16:35:50', '2026-04-24 16:35:50', 0, 0, NULL, 1, NULL),
(242, 'WH0005-B-002', 5, 'B', '01', '02', 2, '002', 2, 2000.0, 8.0, 1, 1, '2026-04-24 16:35:50', '2026-04-24 16:35:50', 0, 0, NULL, 1, NULL),
(243, 'WH0005-B-003', 5, 'B', '01', '03', 4, '003', 2, 2000.0, 8.0, 1, 1, '2026-04-24 16:35:50', '2026-04-24 16:35:50', 0, 0, NULL, 1, NULL),
(244, 'WH0005-B-004', 5, 'B', '01', '04', 5, '004', 2, 2000.0, 8.0, 1, 1, '2026-04-24 16:35:50', '2026-04-24 16:35:50', 0, 0, NULL, 1, NULL),
(245, 'WH0005-B-005', 5, 'B', '01', '05', 5, '005', 2, 2000.0, 8.0, 1, 1, '2026-04-24 16:35:50', '2026-04-24 16:35:50', 0, 0, NULL, 1, NULL),
(246, 'WH0005-B-006', 5, 'B', '01', '06', 4, '006', 2, 2000.0, 8.0, 1, 1, '2026-04-24 16:35:50', '2026-04-24 16:35:50', 0, 0, NULL, 1, NULL),
(247, 'WH0005-B-007', 5, 'B', '02', '01', 4, '007', 2, 2000.0, 8.0, 1, 1, '2026-04-24 16:35:50', '2026-04-24 16:35:50', 0, 0, NULL, 1, NULL),
(248, 'WH0005-B-008', 5, 'B', '02', '02', 4, '008', 2, 2000.0, 8.0, 1, 1, '2026-04-24 16:35:50', '2026-04-24 16:35:50', 0, 0, NULL, 1, NULL),
(249, 'WH0005-B-009', 5, 'B', '02', '03', 4, '009', 2, 2000.0, 8.0, 1, 1, '2026-04-24 16:35:50', '2026-04-24 16:35:50', 0, 0, NULL, 1, NULL),
(250, 'WH0005-B-010', 5, 'B', '02', '04', 4, '010', 2, 2000.0, 8.0, 1, 1, '2026-04-24 16:35:50', '2026-04-24 16:35:50', 0, 0, NULL, 1, NULL),
(251, 'WH0005-B-011', 5, 'B', '02', '05', 4, '011', 2, 2000.0, 8.0, 1, 1, '2026-04-24 16:35:50', '2026-04-24 16:35:50', 0, 0, NULL, 1, NULL),
(252, 'WH0005-B-012', 5, 'B', '02', '06', 2, '012', 2, 2000.0, 8.0, 1, 1, '2026-04-24 16:35:50', '2026-04-24 16:35:50', 0, 0, NULL, 1, NULL),
(253, 'WH0005-B-013', 5, 'B', '03', '01', 1, '013', 2, 2000.0, 8.0, 1, 1, '2026-04-24 16:35:50', '2026-04-24 16:35:50', 0, 0, NULL, 1, NULL),
(254, 'WH0005-B-014', 5, 'B', '03', '02', 5, '014', 2, 2000.0, 8.0, 1, 1, '2026-04-24 16:35:50', '2026-04-24 16:35:50', 0, 0, NULL, 1, NULL),
(255, 'WH0005-B-015', 5, 'B', '03', '03', 1, '015', 2, 2000.0, 8.0, 1, 1, '2026-04-24 16:35:50', '2026-04-24 16:35:50', 0, 0, NULL, 1, NULL),
(256, 'WH0005-B-016', 5, 'B', '03', '04', 2, '016', 2, 2000.0, 8.0, 1, 1, '2026-04-24 16:35:50', '2026-04-24 16:35:50', 0, 0, NULL, 1, NULL),
(257, 'WH0005-B-017', 5, 'B', '03', '05', 3, '017', 2, 2000.0, 8.0, 1, 1, '2026-04-24 16:35:50', '2026-04-24 16:35:50', 0, 0, NULL, 1, NULL),
(258, 'WH0005-B-018', 5, 'B', '03', '06', 1, '018', 2, 2000.0, 8.0, 1, 1, '2026-04-24 16:35:50', '2026-04-24 16:35:50', 0, 0, NULL, 1, NULL),
(259, 'WH0005-B-019', 5, 'B', '04', '01', 3, '019', 2, 2000.0, 8.0, 1, 1, '2026-04-24 16:35:50', '2026-04-24 16:35:50', 0, 0, NULL, 1, NULL),
(260, 'WH0005-B-020', 5, 'B', '04', '02', 2, '020', 2, 2000.0, 8.0, 1, 1, '2026-04-24 16:35:50', '2026-04-24 16:35:50', 0, 0, NULL, 1, NULL),
(261, 'WH0005-B-021', 5, 'B', '04', '03', 5, '021', 2, 2000.0, 8.0, 1, 1, '2026-04-24 16:35:50', '2026-04-24 16:35:50', 0, 0, NULL, 1, NULL),
(262, 'WH0005-B-022', 5, 'B', '04', '04', 3, '022', 2, 2000.0, 8.0, 1, 1, '2026-04-24 16:35:50', '2026-04-24 16:35:50', 0, 0, NULL, 1, NULL),
(263, 'WH0005-B-023', 5, 'B', '04', '05', 2, '023', 2, 2000.0, 8.0, 1, 1, '2026-04-24 16:35:50', '2026-04-24 16:35:50', 0, 0, NULL, 1, NULL),
(264, 'WH0005-B-024', 5, 'B', '04', '06', 4, '024', 2, 2000.0, 8.0, 1, 1, '2026-04-24 16:35:50', '2026-04-24 16:35:50', 0, 0, NULL, 1, NULL),
(265, 'WH0005-B-025', 5, 'B', '05', '01', 5, '025', 2, 2000.0, 8.0, 1, 1, '2026-04-24 16:35:50', '2026-04-24 16:35:50', 0, 0, NULL, 1, NULL),
(266, 'WH0005-B-026', 5, 'B', '05', '02', 4, '026', 2, 2000.0, 8.0, 1, 1, '2026-04-24 16:35:50', '2026-04-24 16:35:50', 0, 0, NULL, 1, NULL),
(267, 'WH0005-B-027', 5, 'B', '05', '03', 5, '027', 2, 2000.0, 8.0, 1, 1, '2026-04-24 16:35:50', '2026-04-24 16:35:50', 0, 0, NULL, 1, NULL),
(268, 'WH0005-B-028', 5, 'B', '05', '04', 5, '028', 2, 2000.0, 8.0, 1, 1, '2026-04-24 16:35:50', '2026-04-24 16:35:50', 0, 0, NULL, 1, NULL),
(269, 'WH0005-B-029', 5, 'B', '05', '05', 1, '029', 2, 2000.0, 8.0, 1, 1, '2026-04-24 16:35:50', '2026-04-24 16:35:50', 0, 0, NULL, 1, NULL),
(270, 'WH0005-B-030', 5, 'B', '05', '06', 5, '030', 2, 2000.0, 8.0, 1, 1, '2026-04-24 16:35:50', '2026-04-24 16:35:50', 0, 0, NULL, 1, NULL),
(271, 'WH0005-C-001', 5, 'C', '01', '01', 1, '001', 3, 800.0, 3.0, 1, 1, '2026-04-24 16:35:50', '2026-04-24 16:35:50', 0, 0, NULL, 1, NULL),
(272, 'WH0005-C-002', 5, 'C', '01', '01', 1, '002', 3, 800.0, 3.0, 1, 1, '2026-04-24 16:35:50', '2026-04-24 16:35:50', 0, 0, NULL, 1, NULL),
(273, 'WH0005-C-003', 5, 'C', '01', '01', 1, '003', 3, 800.0, 3.0, 1, 1, '2026-04-24 16:35:50', '2026-04-24 16:35:50', 0, 0, NULL, 1, NULL),
(274, 'WH0005-C-004', 5, 'C', '01', '01', 1, '004', 3, 800.0, 3.0, 1, 1, '2026-04-24 16:35:50', '2026-04-24 16:35:50', 0, 0, NULL, 1, NULL),
(275, 'WH0005-C-005', 5, 'C', '01', '01', 1, '005', 3, 800.0, 3.0, 1, 1, '2026-04-24 16:35:50', '2026-04-24 16:35:50', 0, 0, NULL, 1, NULL),
(276, 'WH0006-A-001', 6, 'A', '01', '01', 1, '001', 1, 500.0, 2.0, 1, 1, '2026-04-24 16:35:50', '2026-04-24 16:35:50', 0, 0, NULL, 1, NULL),
(277, 'WH0006-A-002', 6, 'A', '01', '02', 3, '002', 1, 500.0, 2.0, 1, 1, '2026-04-24 16:35:50', '2026-04-24 16:35:50', 0, 0, NULL, 1, NULL),
(278, 'WH0006-A-003', 6, 'A', '01', '03', 3, '003', 1, 500.0, 2.0, 1, 1, '2026-04-24 16:35:50', '2026-04-24 16:35:50', 0, 0, NULL, 1, NULL),
(279, 'WH0006-A-004', 6, 'A', '01', '04', 1, '004', 1, 500.0, 2.0, 1, 1, '2026-04-24 16:35:50', '2026-04-24 16:35:50', 0, 0, NULL, 1, NULL),
(280, 'WH0006-A-005', 6, 'A', '01', '05', 4, '005', 1, 500.0, 2.0, 1, 1, '2026-04-24 16:35:50', '2026-04-24 16:35:50', 0, 0, NULL, 1, NULL),
(281, 'WH0006-A-006', 6, 'A', '02', '01', 2, '006', 1, 500.0, 2.0, 1, 1, '2026-04-24 16:35:50', '2026-04-24 16:35:50', 0, 0, NULL, 1, NULL),
(282, 'WH0006-A-007', 6, 'A', '02', '02', 4, '007', 1, 500.0, 2.0, 1, 1, '2026-04-24 16:35:50', '2026-04-24 16:35:50', 0, 0, NULL, 1, NULL),
(283, 'WH0006-A-008', 6, 'A', '02', '03', 1, '008', 1, 500.0, 2.0, 1, 1, '2026-04-24 16:35:50', '2026-04-24 16:35:50', 0, 0, NULL, 1, NULL),
(284, 'WH0006-A-009', 6, 'A', '02', '04', 2, '009', 1, 500.0, 2.0, 1, 1, '2026-04-24 16:35:50', '2026-04-24 16:35:50', 0, 0, NULL, 1, NULL),
(285, 'WH0006-A-010', 6, 'A', '02', '05', 3, '010', 1, 500.0, 2.0, 1, 1, '2026-04-24 16:35:50', '2026-04-24 16:35:50', 0, 0, NULL, 1, NULL),
(286, 'WH0006-A-011', 6, 'A', '03', '01', 1, '011', 1, 500.0, 2.0, 1, 1, '2026-04-24 16:35:50', '2026-04-24 16:35:50', 0, 0, NULL, 1, NULL),
(287, 'WH0006-A-012', 6, 'A', '03', '02', 4, '012', 1, 500.0, 2.0, 1, 1, '2026-04-24 16:35:50', '2026-04-24 16:35:50', 0, 0, NULL, 1, NULL),
(288, 'WH0006-A-013', 6, 'A', '03', '03', 3, '013', 1, 500.0, 2.0, 1, 1, '2026-04-24 16:35:50', '2026-04-24 16:35:50', 0, 0, NULL, 1, NULL),
(289, 'WH0006-A-014', 6, 'A', '03', '04', 3, '014', 1, 500.0, 2.0, 1, 1, '2026-04-24 16:35:50', '2026-04-24 16:35:50', 0, 0, NULL, 1, NULL),
(290, 'WH0006-A-015', 6, 'A', '03', '05', 1, '015', 1, 500.0, 2.0, 1, 1, '2026-04-24 16:35:50', '2026-04-24 16:35:50', 0, 0, NULL, 1, NULL),
(291, 'WH0006-A-016', 6, 'A', '04', '01', 4, '016', 1, 500.0, 2.0, 1, 1, '2026-04-24 16:35:50', '2026-04-24 16:35:50', 0, 0, NULL, 1, NULL),
(292, 'WH0006-A-017', 6, 'A', '04', '02', 1, '017', 1, 500.0, 2.0, 1, 1, '2026-04-24 16:35:50', '2026-04-24 16:35:50', 0, 0, NULL, 1, NULL),
(293, 'WH0006-A-018', 6, 'A', '04', '03', 2, '018', 1, 500.0, 2.0, 1, 1, '2026-04-24 16:35:50', '2026-04-24 16:35:50', 0, 0, NULL, 1, NULL),
(294, 'WH0006-A-019', 6, 'A', '04', '04', 2, '019', 1, 500.0, 2.0, 1, 1, '2026-04-24 16:35:50', '2026-04-24 16:35:50', 0, 0, NULL, 1, NULL),
(295, 'WH0006-A-020', 6, 'A', '04', '05', 3, '020', 1, 500.0, 2.0, 1, 1, '2026-04-24 16:35:50', '2026-04-24 16:35:50', 0, 0, NULL, 1, NULL),
(296, 'WH0006-B-001', 6, 'B', '01', '01', 5, '001', 2, 2000.0, 8.0, 1, 1, '2026-04-24 16:35:50', '2026-04-24 16:35:50', 0, 0, NULL, 1, NULL),
(297, 'WH0006-B-002', 6, 'B', '01', '02', 4, '002', 2, 2000.0, 8.0, 1, 1, '2026-04-24 16:35:50', '2026-04-24 16:35:50', 0, 0, NULL, 1, NULL),
(298, 'WH0006-B-003', 6, 'B', '01', '03', 2, '003', 2, 2000.0, 8.0, 1, 1, '2026-04-24 16:35:50', '2026-04-24 16:35:50', 0, 0, NULL, 1, NULL),
(299, 'WH0006-B-004', 6, 'B', '01', '04', 5, '004', 2, 2000.0, 8.0, 1, 1, '2026-04-24 16:35:50', '2026-04-24 16:35:50', 0, 0, NULL, 1, NULL),
(300, 'WH0006-B-005', 6, 'B', '01', '05', 2, '005', 2, 2000.0, 8.0, 1, 1, '2026-04-24 16:35:50', '2026-04-24 16:35:50', 0, 0, NULL, 1, NULL),
(301, 'WH0006-B-006', 6, 'B', '01', '06', 2, '006', 2, 2000.0, 8.0, 1, 1, '2026-04-24 16:35:50', '2026-04-24 16:35:50', 0, 0, NULL, 1, NULL),
(302, 'WH0006-B-007', 6, 'B', '02', '01', 2, '007', 2, 2000.0, 8.0, 1, 1, '2026-04-24 16:35:50', '2026-04-24 16:35:50', 0, 0, NULL, 1, NULL),
(303, 'WH0006-B-008', 6, 'B', '02', '02', 1, '008', 2, 2000.0, 8.0, 1, 1, '2026-04-24 16:35:50', '2026-04-24 16:35:50', 0, 0, NULL, 1, NULL),
(304, 'WH0006-B-009', 6, 'B', '02', '03', 5, '009', 2, 2000.0, 8.0, 1, 1, '2026-04-24 16:35:50', '2026-04-24 16:35:50', 0, 0, NULL, 1, NULL),
(305, 'WH0006-B-010', 6, 'B', '02', '04', 3, '010', 2, 2000.0, 8.0, 1, 1, '2026-04-24 16:35:50', '2026-04-24 16:35:50', 0, 0, NULL, 1, NULL),
(306, 'WH0006-B-011', 6, 'B', '02', '05', 5, '011', 2, 2000.0, 8.0, 1, 1, '2026-04-24 16:35:50', '2026-04-24 16:35:50', 0, 0, NULL, 1, NULL),
(307, 'WH0006-B-012', 6, 'B', '02', '06', 3, '012', 2, 2000.0, 8.0, 1, 1, '2026-04-24 16:35:50', '2026-04-24 16:35:50', 0, 0, NULL, 1, NULL),
(308, 'WH0006-B-013', 6, 'B', '03', '01', 5, '013', 2, 2000.0, 8.0, 1, 1, '2026-04-24 16:35:50', '2026-04-24 16:35:50', 0, 0, NULL, 1, NULL),
(309, 'WH0006-B-014', 6, 'B', '03', '02', 5, '014', 2, 2000.0, 8.0, 1, 1, '2026-04-24 16:35:50', '2026-04-24 16:35:50', 0, 0, NULL, 1, NULL),
(310, 'WH0006-B-015', 6, 'B', '03', '03', 2, '015', 2, 2000.0, 8.0, 1, 1, '2026-04-24 16:35:50', '2026-04-24 16:35:50', 0, 0, NULL, 1, NULL),
(311, 'WH0006-B-016', 6, 'B', '03', '04', 3, '016', 2, 2000.0, 8.0, 1, 1, '2026-04-24 16:35:50', '2026-04-24 16:35:50', 0, 0, NULL, 1, NULL),
(312, 'WH0006-B-017', 6, 'B', '03', '05', 3, '017', 2, 2000.0, 8.0, 1, 1, '2026-04-24 16:35:50', '2026-04-24 16:35:50', 0, 0, NULL, 1, NULL),
(313, 'WH0006-B-018', 6, 'B', '03', '06', 3, '018', 2, 2000.0, 8.0, 1, 1, '2026-04-24 16:35:50', '2026-04-24 16:35:50', 0, 0, NULL, 1, NULL),
(314, 'WH0006-B-019', 6, 'B', '04', '01', 5, '019', 2, 2000.0, 8.0, 1, 1, '2026-04-24 16:35:50', '2026-04-24 16:35:50', 0, 0, NULL, 1, NULL),
(315, 'WH0006-B-020', 6, 'B', '04', '02', 3, '020', 2, 2000.0, 8.0, 1, 1, '2026-04-24 16:35:50', '2026-04-24 16:35:50', 0, 0, NULL, 1, NULL),
(316, 'WH0006-B-021', 6, 'B', '04', '03', 5, '021', 2, 2000.0, 8.0, 1, 1, '2026-04-24 16:35:50', '2026-04-24 16:35:50', 0, 0, NULL, 1, NULL),
(317, 'WH0006-B-022', 6, 'B', '04', '04', 1, '022', 2, 2000.0, 8.0, 1, 1, '2026-04-24 16:35:50', '2026-04-24 16:35:50', 0, 0, NULL, 1, NULL),
(318, 'WH0006-B-023', 6, 'B', '04', '05', 2, '023', 2, 2000.0, 8.0, 1, 1, '2026-04-24 16:35:50', '2026-04-24 16:35:50', 0, 0, NULL, 1, NULL),
(319, 'WH0006-B-024', 6, 'B', '04', '06', 4, '024', 2, 2000.0, 8.0, 1, 1, '2026-04-24 16:35:50', '2026-04-24 16:35:50', 0, 0, NULL, 1, NULL),
(320, 'WH0006-B-025', 6, 'B', '05', '01', 1, '025', 2, 2000.0, 8.0, 1, 1, '2026-04-24 16:35:50', '2026-04-24 16:35:50', 0, 0, NULL, 1, NULL),
(321, 'WH0006-B-026', 6, 'B', '05', '02', 3, '026', 2, 2000.0, 8.0, 1, 1, '2026-04-24 16:35:50', '2026-04-24 16:35:50', 0, 0, NULL, 1, NULL),
(322, 'WH0006-B-027', 6, 'B', '05', '03', 2, '027', 2, 2000.0, 8.0, 1, 1, '2026-04-24 16:35:50', '2026-04-24 16:35:50', 0, 0, NULL, 1, NULL),
(323, 'WH0006-B-028', 6, 'B', '05', '04', 2, '028', 2, 2000.0, 8.0, 1, 1, '2026-04-24 16:35:50', '2026-04-24 16:35:50', 0, 0, NULL, 1, NULL),
(324, 'WH0006-B-029', 6, 'B', '05', '05', 2, '029', 2, 2000.0, 8.0, 1, 1, '2026-04-24 16:35:50', '2026-04-24 16:35:50', 0, 0, NULL, 1, NULL),
(325, 'WH0006-B-030', 6, 'B', '05', '06', 2, '030', 2, 2000.0, 8.0, 1, 1, '2026-04-24 16:35:50', '2026-04-24 16:35:50', 0, 0, NULL, 1, NULL),
(326, 'WH0006-C-001', 6, 'C', '01', '01', 1, '001', 3, 800.0, 3.0, 1, 1, '2026-04-24 16:35:50', '2026-04-24 16:35:50', 0, 0, NULL, 1, NULL),
(327, 'WH0006-C-002', 6, 'C', '01', '01', 1, '002', 3, 800.0, 3.0, 1, 1, '2026-04-24 16:35:50', '2026-04-24 16:35:50', 0, 0, NULL, 1, NULL),
(328, 'WH0006-C-003', 6, 'C', '01', '01', 1, '003', 3, 800.0, 3.0, 1, 1, '2026-04-24 16:35:50', '2026-04-24 16:35:50', 0, 0, NULL, 1, NULL),
(329, 'WH0006-C-004', 6, 'C', '01', '01', 1, '004', 3, 800.0, 3.0, 1, 1, '2026-04-24 16:35:50', '2026-04-24 16:35:50', 0, 0, NULL, 1, NULL),
(330, 'WH0006-C-005', 6, 'C', '01', '01', 1, '005', 3, 800.0, 3.0, 1, 1, '2026-04-24 16:35:50', '2026-04-24 16:35:50', 0, 0, NULL, 1, NULL);


-- customer_level
INSERT INTO customer_level (id, level_code, level_name, min_amount, max_amount, discount_rate, credit_limit, credit_days, status, created_at, updated_at, created_by, updated_by, deleted_at, version, remark) VALUES
(1, 'LV01', '普通会员', 0.0, 9999.99, 100.0, 5000.0, 30, 1, '2026-04-24 16:35:50', '2026-04-24 16:35:50', 0, 0, NULL, 1, NULL),
(2, 'LV02', '银卡会员', 10000.0, 49999.99, 95.0, 20000.0, 60, 1, '2026-04-24 16:35:50', '2026-04-24 16:35:50', 0, 0, NULL, 1, NULL),
(3, 'LV03', '金卡会员', 50000.0, 199999.99, 90.0, 50000.0, 90, 1, '2026-04-24 16:35:50', '2026-04-24 16:35:50', 0, 0, NULL, 1, NULL),
(4, 'LV04', '钻石会员', 200000.0, NULL, 85.0, 200000.0, 120, 1, '2026-04-24 16:35:50', '2026-04-24 16:35:50', 0, 0, NULL, 1, NULL);


-- customer
INSERT INTO customer (id, customer_code, customer_name, customer_type, level_id, credit_limit, credit_used, credit_days, contact_name, contact_phone, contact_email, province, city, district, address, tax_no, bank_name, bank_account, sales_rep_id, first_deal_date, last_deal_date, total_deal_amount, total_deal_count, status, created_at, updated_at, created_by, updated_by, deleted_at, version, remark) VALUES
(1, 'CUST0001', '阿里巴巴集团', 1, 4, 200000.0, 85000.0, 120, '马经理', '18732831663', 'ma@alibaba.com', '浙江省', '杭州市', '余杭区', '文一西路969号', '9133010079965XXXXX', '中国工商银行杭州分行', '1202020011112222', 3, '2015-03-15', '2025-04-10', 2850000.0, 152, 1, '2026-04-24 16:35:50', '2026-04-24 16:35:50', 0, 0, NULL, 1, '电商大客户'),
(2, 'CUST0002', '腾讯科技有限公司', 1, 4, 200000.0, 120000.0, 120, '张经理', '13968052939', 'zhang@tencent.com', '广东省', '深圳市', '南山区', '科技园', '9144030019238AAAA', '招商银行深圳分行', '7555010011113333', 4, '2016-06-20', '2025-04-15', 4200000.0, 210, 1, '2026-04-24 16:35:50', '2026-04-24 16:35:50', 0, 0, NULL, 1, '互联网巨头'),
(3, 'CUST0003', '美团点评有限公司', 1, 3, 50000.0, 32000.0, 90, '李采购', '15058809668', 'li@meituan.com', '北京市', '朝阳区', '望京', '望京街', '9111010839966BBBB', '中国银行北京分行', '1101010011114444', 5, '2017-09-10', '2025-04-12', 680000.0, 85, 1, '2026-04-24 16:35:50', '2026-04-24 16:35:50', 0, 0, NULL, 1, '本地生活平台'),
(4, 'CUST0004', '字节跳动科技有限公司', 1, 4, 200000.0, 95000.0, 120, '王采购', '18852422835', 'wang@bytedance.com', '北京市', '海淀区', '知春路', '中航广场', '9111010859967CCCC', '建设银行北京分行', '1101080011115555', 6, '2018-01-05', '2025-04-18', 3100000.0, 168, 1, '2026-04-24 16:35:50', '2026-04-24 16:35:50', 0, 0, NULL, 1, '内容平台巨头'),
(5, 'CUST0005', '拼多多有限公司', 1, 3, 50000.0, 28000.0, 90, '赵经理', '15987870680', 'zhao@pinduoduo.com', '上海市', '长宁区', '娄山关路', '金虹桥国际中心', '9131000039968DDDD', '浦发银行上海分行', '3101050011116666', 7, '2019-04-22', '2025-04-08', 520000.0, 72, 1, '2026-04-24 16:35:50', '2026-04-24 16:35:50', 0, 0, NULL, 1, '社交电商'),
(6, 'CUST0006', '苏宁易购集团股份有限公司', 1, 3, 50000.0, 45000.0, 90, '孙采购', '13640926161', 'sun@suning.com', '江苏省', '南京市', '玄武区', '苏宁大道', '9132000013222EEEE', '南京银行', '3201020011117777', 8, '2014-08-18', '2025-04-14', 890000.0, 110, 1, '2026-04-24 16:35:50', '2026-04-24 16:35:50', 0, 0, NULL, 1, '零售连锁'),
(7, 'CUST0007', '永辉超市股份有限公司', 1, 2, 20000.0, 15000.0, 60, '周经理', '13503066067', 'zhou@yonghui.com.cn', '福建省', '福州市', '鼓楼区', '西二环中路', '9135000013222FFFF', '兴业银行福州分行', '3501020011118888', 9, '2013-05-30', '2025-04-11', 320000.0, 65, 1, '2026-04-24 16:35:50', '2026-04-24 16:35:50', 0, 0, NULL, 1, '连锁超市'),
(8, 'CUST0008', '京东七鲜超市', 3, 2, 20000.0, 12000.0, 60, '吴采购', '18826704126', 'wu@7fresh.com', '北京市', '大兴区', '亦庄', '科创街', '9111030213222GGGG', '招商银行北京分行', '1101010011119999', 3, '2020-02-14', '2025-04-16', 280000.0, 58, 1, '2026-04-24 16:35:50', '2026-04-24 16:35:50', 0, 0, NULL, 1, '新零售'),
(9, 'CUST0009', '盒马鲜生', 3, 2, 20000.0, 18000.0, 60, '郑经理', '13803186420', 'zheng@hema.com', '上海市', '浦东新区', '陆家嘴', '世纪大道', '9131000013222HHHH', '上海银行', '3101150011110000', 4, '2019-07-01', '2025-04-09', 350000.0, 70, 1, '2026-04-24 16:35:50', '2026-04-24 16:35:50', 0, 0, NULL, 1, '新零售'),
(10, 'CUST0010', '大润发流通事业股份有限公司', 1, 2, 20000.0, 22000.0, 60, '钱采购', '18813817719', 'qian@rt-mart.com.cn', '台湾省', '台北市', '中山区', '中山北路', '9135000013222IIII', '中国信托商业银行', '3501020011111111', 5, '2012-11-08', '2025-04-13', 410000.0, 82, 1, '2026-04-24 16:35:50', '2026-04-24 16:35:50', 0, 0, NULL, 1, '大卖场'),
(11, 'CUST0011', '华润万家有限公司', 1, 2, 20000.0, 19000.0, 60, '冯经理', '13605613279', 'feng@vanguard.com.cn', '广东省', '深圳市', '罗湖区', '深南东路', '9144030013222JJJJ', '平安银行深圳分行', '4403010011112222', 6, '2011-09-25', '2025-04-17', 380000.0, 78, 1, '2026-04-24 16:35:50', '2026-04-24 16:35:50', 0, 0, NULL, 1, '连锁超市'),
(12, 'CUST0012', '天虹数科商业股份有限公司', 1, 2, 20000.0, 8000.0, 60, '陈采购', '15968017539', 'chen@rainbow.cn', '广东省', '深圳市', '福田区', '福华三路', '9144030013222KKKK', '招商银行深圳分行', '4403040011113333', 7, '2010-04-12', '2025-04-07', 190000.0, 45, 1, '2026-04-24 16:35:50', '2026-04-24 16:35:50', 0, 0, NULL, 1, '百货零售'),
(13, 'CUST0013', '步步高商业连锁股份有限公司', 1, 1, 5000.0, 3500.0, 30, '褚经理', '15072626729', 'chu@betterbuy.com', '湖南省', '湘潭市', '雨湖区', '建设北路', '9143030013222LLLL', '长沙银行', '4303020011114444', 8, '2015-06-18', '2025-04-06', 85000.0, 32, 1, '2026-04-24 16:35:50', '2026-04-24 16:35:50', 0, 0, NULL, 1, '区域零售'),
(14, 'CUST0014', '联华超市股份有限公司', 1, 1, 5000.0, 4200.0, 30, '卫采购', '13886355720', 'wei@lianhua.com.cn', '上海市', '黄浦区', '南京东路', '南京东路800号', '9131000013222MMMM', '上海银行', '3101010011115555', 9, '2014-02-28', '2025-04-19', 95000.0, 38, 1, '2026-04-24 16:35:50', '2026-04-24 16:35:50', 0, 0, NULL, 1, '连锁超市'),
(15, 'CUST0015', '家乐福中国', 1, 2, 20000.0, 25000.0, 60, '蒋经理', '18894145599', 'jiang@carrefour.com.cn', '上海市', '徐汇区', '肇嘉浜路', '肇嘉浜路1288号', '9131000013222NNNN', '汇丰银行上海分行', '3101040011116666', 3, '2009-12-01', '2025-04-05', 450000.0, 90, 1, '2026-04-24 16:35:50', '2026-04-24 16:35:50', 0, 0, NULL, 1, '外资大卖场'),
(16, 'CUST0016', '物美科技集团有限公司', 1, 2, 20000.0, 16000.0, 60, '沈采购', '15018536797', 'shen@wumart.com', '北京市', '石景山区', '石景山路', '石景山路22号', '9111000013222OOOO', '北京银行', '1101070011117777', 4, '2013-08-08', '2025-04-04', 310000.0, 68, 1, '2026-04-24 16:35:50', '2026-04-24 16:35:50', 0, 0, NULL, 1, '连锁超市'),
(17, 'CUST0017', '叮咚买菜', 4, 1, 5000.0, 2800.0, 30, '韩经理', '13850299327', 'han@ddmc.com', '上海市', '浦东新区', '张江', '盛夏路', '9131000013222PPPP', '招商银行上海分行', '3101150011118888', 5, '2020-06-01', '2025-04-03', 72000.0, 28, 1, '2026-04-24 16:35:50', '2026-04-24 16:35:50', 0, 0, NULL, 1, '前置仓电商'),
(18, 'CUST0018', '每日优鲜', 4, 1, 5000.0, 1200.0, 30, '杨采购', '18847056235', 'yang@missfresh.com', '北京市', '朝阳区', '望京', '望京街', '9111010513222QQQQ', '建设银行北京分行', '1101050011119999', 6, '2019-03-15', '2025-03-28', 35000.0, 18, 1, '2026-04-24 16:35:50', '2026-04-24 16:35:50', 0, 0, NULL, 1, '生鲜电商'),
(19, 'CUST0019', '中石化易捷销售有限公司', 1, 3, 50000.0, 38000.0, 90, '朱经理', '13791357663', 'zhu@sinopec.com', '北京市', '朝阳区', '朝阳门', '朝阳门北大街22号', '9111000013222RRRR', '工商银行北京分行', '1101050022220000', 7, '2016-01-20', '2025-04-02', 650000.0, 95, 1, '2026-04-24 16:35:50', '2026-04-24 16:35:50', 0, 0, NULL, 1, '便利店'),
(20, 'CUST0020', '中石油昆仑好客有限公司', 1, 3, 50000.0, 32000.0, 90, '秦采购', '15178004463', 'qin@petrochina.com.cn', '北京市', '西城区', '金融街', '金融大街1号', '9111000013222SSSS', '中国银行北京分行', '1101020022221111', 8, '2017-04-10', '2025-04-01', 580000.0, 88, 1, '2026-04-24 16:35:50', '2026-04-24 16:35:50', 0, 0, NULL, 1, '便利店');


-- purchase_request
INSERT INTO purchase_request (id, request_no, org_id, requester_id, request_date, expect_date, total_amount, total_qty, currency, priority, approval_status, status, created_at, updated_at, created_by, updated_by, deleted_at, version, remark) VALUES
(1, 'PR20240001', 4, 12, '2026-04-13', '2026-05-04', 112622, 125, 'CNY', 3, 2, 2, '2026-04-24 16:35:50', '2026-04-24 16:35:50', 0, 0, NULL, 1, '常规采购申请1'),
(2, 'PR20240002', 4, 12, '2025-12-11', '2026-05-04', 244966, 359, 'CNY', 3, 2, 3, '2026-04-24 16:35:50', '2026-04-24 16:35:50', 0, 0, NULL, 1, '常规采购申请2'),
(3, 'PR20240003', 4, 5, '2025-12-12', '2026-05-21', 352331, 1385, 'CNY', 2, 3, 1, '2026-04-24 16:35:50', '2026-04-24 16:35:50', 0, 0, NULL, 1, '常规采购申请3'),
(4, 'PR20240004', 2, 12, '2026-03-27', '2026-05-22', 110468, 567, 'CNY', 1, 0, 1, '2026-04-24 16:35:50', '2026-04-24 16:35:50', 0, 0, NULL, 1, '常规采购申请4'),
(5, 'PR20240005', 2, 5, '2025-10-15', '2026-05-16', 471063, 1971, 'CNY', 1, 2, 4, '2026-04-24 16:35:50', '2026-04-24 16:35:50', 0, 0, NULL, 1, '常规采购申请5'),
(6, 'PR20240006', 3, 5, '2026-02-11', '2026-05-20', 77615, 467, 'CNY', 3, 2, 2, '2026-04-24 16:35:50', '2026-04-24 16:35:50', 0, 0, NULL, 1, '常规采购申请6'),
(7, 'PR20240007', 3, 8, '2025-10-28', '2026-05-16', 289466, 116, 'CNY', 1, 2, 3, '2026-04-24 16:35:50', '2026-04-24 16:35:50', 0, 0, NULL, 1, '常规采购申请7'),
(8, 'PR20240008', 3, 5, '2026-04-11', '2026-05-16', 448711, 1730, 'CNY', 1, 2, 2, '2026-04-24 16:35:50', '2026-04-24 16:35:50', 0, 0, NULL, 1, '常规采购申请8'),
(9, 'PR20240009', 3, 12, '2026-04-01', '2026-04-29', 225645, 102, 'CNY', 3, 2, 4, '2026-04-24 16:35:50', '2026-04-24 16:35:50', 0, 0, NULL, 1, '常规采购申请9'),
(10, 'PR20240010', 2, 12, '2025-12-16', '2026-05-01', 73016, 1986, 'CNY', 3, 2, 2, '2026-04-24 16:35:50', '2026-04-24 16:35:50', 0, 0, NULL, 1, '常规采购申请10'),
(11, 'PR20240011', 2, 12, '2026-01-14', '2026-05-01', 360323, 1262, 'CNY', 3, 3, 1, '2026-04-24 16:35:50', '2026-04-24 16:35:50', 0, 0, NULL, 1, '常规采购申请11'),
(12, 'PR20240012', 3, 12, '2026-04-12', '2026-05-09', 216753, 1027, 'CNY', 1, 2, 3, '2026-04-24 16:35:50', '2026-04-24 16:35:50', 0, 0, NULL, 1, '常规采购申请12'),
(13, 'PR20240013', 2, 5, '2026-01-29', '2026-05-13', 214643, 932, 'CNY', 1, 2, 1, '2026-04-24 16:35:50', '2026-04-24 16:35:50', 0, 0, NULL, 1, '常规采购申请13'),
(14, 'PR20240014', 4, 8, '2026-04-04', '2026-05-21', 366304, 182, 'CNY', 2, 2, 2, '2026-04-24 16:35:50', '2026-04-24 16:35:50', 0, 0, NULL, 1, '常规采购申请14'),
(15, 'PR20240015', 3, 12, '2025-10-18', '2026-05-20', 206678, 632, 'CNY', 1, 2, 2, '2026-04-24 16:35:50', '2026-04-24 16:35:50', 0, 0, NULL, 1, '常规采购申请15');


-- purchase_request_item
INSERT INTO purchase_request_item (id, request_id, sku_id, qty, unit_price, amount, reason, status, created_at, updated_at, created_by, updated_by, deleted_at, version, remark) VALUES
(1, 1, 42, 137, 106, 14522, NULL, 1, '2026-04-24 16:35:50', '2026-04-24 16:35:50', 0, 0, NULL, 1, NULL),
(2, 1, 89, 143, 4994, 714142, NULL, 1, '2026-04-24 16:35:50', '2026-04-24 16:35:50', 0, 0, NULL, 1, NULL),
(3, 2, 8, 95, 7162, 680390, NULL, 1, '2026-04-24 16:35:50', '2026-04-24 16:35:50', 0, 0, NULL, 1, NULL),
(4, 2, 110, 79, 211, 16669, NULL, 1, '2026-04-24 16:35:50', '2026-04-24 16:35:50', 0, 0, NULL, 1, NULL),
(5, 3, 93, 24, 20001, 480024, NULL, 1, '2026-04-24 16:35:50', '2026-04-24 16:35:50', 0, 0, NULL, 1, NULL),
(6, 3, 128, 155, 67, 10385, NULL, 1, '2026-04-24 16:35:50', '2026-04-24 16:35:50', 0, 0, NULL, 1, NULL),
(7, 3, 43, 104, 101, 10504, NULL, 1, '2026-04-24 16:35:50', '2026-04-24 16:35:50', 0, 0, NULL, 1, NULL),
(8, 3, 41, 75, 1429, 107175, NULL, 1, '2026-04-24 16:35:50', '2026-04-24 16:35:50', 0, 0, NULL, 1, NULL),
(9, 4, 12, 130, 7272, 945360, NULL, 1, '2026-04-24 16:35:50', '2026-04-24 16:35:50', 0, 0, NULL, 1, NULL),
(10, 4, 94, 108, 19994, 2159352, NULL, 1, '2026-04-24 16:35:50', '2026-04-24 16:35:50', 0, 0, NULL, 1, NULL),
(11, 5, 64, 116, 916, 106256, NULL, 1, '2026-04-24 16:35:50', '2026-04-24 16:35:50', 0, 0, NULL, 1, NULL),
(12, 5, 82, 79, 118, 9322, NULL, 1, '2026-04-24 16:35:50', '2026-04-24 16:35:50', 0, 0, NULL, 1, NULL),
(13, 5, 20, 156, 10255, 1599780, NULL, 1, '2026-04-24 16:35:50', '2026-04-24 16:35:50', 0, 0, NULL, 1, NULL),
(14, 6, 103, 27, 210, 5670, NULL, 1, '2026-04-24 16:35:50', '2026-04-24 16:35:50', 0, 0, NULL, 1, NULL),
(15, 6, 120, 82, 48, 3936, NULL, 1, '2026-04-24 16:35:50', '2026-04-24 16:35:50', 0, 0, NULL, 1, NULL),
(16, 7, 145, 87, 391, 34017, NULL, 1, '2026-04-24 16:35:50', '2026-04-24 16:35:50', 0, 0, NULL, 1, NULL),
(17, 7, 63, 128, 914, 116992, NULL, 1, '2026-04-24 16:35:50', '2026-04-24 16:35:50', 0, 0, NULL, 1, NULL),
(18, 7, 95, 161, 204, 32844, NULL, 1, '2026-04-24 16:35:50', '2026-04-24 16:35:50', 0, 0, NULL, 1, NULL),
(19, 8, 105, 16, 222, 3552, NULL, 1, '2026-04-24 16:35:50', '2026-04-24 16:35:50', 0, 0, NULL, 1, NULL),
(20, 8, 60, 148, 921, 136308, NULL, 1, '2026-04-24 16:35:50', '2026-04-24 16:35:50', 0, 0, NULL, 1, NULL),
(21, 9, 79, 36, 104, 3744, NULL, 1, '2026-04-24 16:35:50', '2026-04-24 16:35:50', 0, 0, NULL, 1, NULL),
(22, 9, 53, 145, 51, 7395, NULL, 1, '2026-04-24 16:35:50', '2026-04-24 16:35:50', 0, 0, NULL, 1, NULL),
(23, 9, 61, 117, 907, 106119, NULL, 1, '2026-04-24 16:35:50', '2026-04-24 16:35:50', 0, 0, NULL, 1, NULL),
(24, 9, 126, 25, 34, 850, NULL, 1, '2026-04-24 16:35:50', '2026-04-24 16:35:50', 0, 0, NULL, 1, NULL),
(25, 10, 96, 127, 202, 25654, NULL, 1, '2026-04-24 16:35:50', '2026-04-24 16:35:50', 0, 0, NULL, 1, NULL),
(26, 10, 22, 158, 10281, 1624398, NULL, 1, '2026-04-24 16:35:50', '2026-04-24 16:35:50', 0, 0, NULL, 1, NULL),
(27, 10, 25, 139, 4105, 570595, NULL, 1, '2026-04-24 16:35:50', '2026-04-24 16:35:50', 0, 0, NULL, 1, NULL),
(28, 11, 61, 84, 907, 76188, NULL, 1, '2026-04-24 16:35:50', '2026-04-24 16:35:50', 0, 0, NULL, 1, NULL),
(29, 11, 67, 90, 929, 83610, NULL, 1, '2026-04-24 16:35:50', '2026-04-24 16:35:50', 0, 0, NULL, 1, NULL),
(30, 12, 52, 44, 54, 2376, NULL, 1, '2026-04-24 16:35:50', '2026-04-24 16:35:50', 0, 0, NULL, 1, NULL),
(31, 12, 28, 49, 4265, 208985, NULL, 1, '2026-04-24 16:35:50', '2026-04-24 16:35:50', 0, 0, NULL, 1, NULL),
(32, 13, 79, 128, 104, 13312, NULL, 1, '2026-04-24 16:35:50', '2026-04-24 16:35:50', 0, 0, NULL, 1, NULL),
(33, 13, 68, 40, 908, 36320, NULL, 1, '2026-04-24 16:35:50', '2026-04-24 16:35:50', 0, 0, NULL, 1, NULL),
(34, 13, 24, 50, 9994, 499700, NULL, 1, '2026-04-24 16:35:50', '2026-04-24 16:35:50', 0, 0, NULL, 1, NULL),
(35, 14, 24, 192, 9994, 1918848, NULL, 1, '2026-04-24 16:35:50', '2026-04-24 16:35:50', 0, 0, NULL, 1, NULL),
(36, 14, 64, 101, 916, 92516, NULL, 1, '2026-04-24 16:35:50', '2026-04-24 16:35:50', 0, 0, NULL, 1, NULL),
(37, 15, 116, 152, 48, 7296, NULL, 1, '2026-04-24 16:35:50', '2026-04-24 16:35:50', 0, 0, NULL, 1, NULL),
(38, 15, 141, 73, 408, 29784, NULL, 1, '2026-04-24 16:35:50', '2026-04-24 16:35:50', 0, 0, NULL, 1, NULL),
(39, 15, 25, 128, 4105, 525440, NULL, 1, '2026-04-24 16:35:50', '2026-04-24 16:35:50', 0, 0, NULL, 1, NULL);


-- purchase_order
INSERT INTO purchase_order (id, order_no, request_id, supplier_id, org_id, buyer_id, order_date, expect_date, arrive_date, total_amount, total_qty, discount_amount, tax_amount, payable_amount, currency, payment_terms, payment_days, warehouse_id, delivery_address, receive_status, pay_status, invoice_status, status, created_at, updated_at, created_by, updated_by, deleted_at, version, remark) VALUES
(1, 'PO20240001', 2, 13, 4, 5, '2025-11-26', '2026-04-29', NULL, 62332, 535, 1070, 7964.06, 69226.06, 'CNY', 1, 60, 2, '', 1, 2, 2, 4, '2026-04-24 16:35:50', '2026-04-24 16:35:50', 0, 0, NULL, 1, '采购订单1'),
(2, 'PO20240002', 15, 11, 3, 8, '2025-11-27', '2026-05-01', NULL, 203827, 330, 349, 26452.14, 229930.14, 'CNY', 2, 90, 4, '', 0, 0, 0, 1, '2026-04-24 16:35:50', '2026-04-24 16:35:50', 0, 0, NULL, 1, '采购订单2'),
(3, 'PO20240003', 5, 5, 2, 8, '2025-12-03', '2026-04-30', NULL, 351968, 1348, 2013, 45494.15, 395449.15, 'CNY', 4, 30, 6, '', 1, 1, 2, 3, '2026-04-24 16:35:50', '2026-04-24 16:35:50', 0, 0, NULL, 1, '采购订单3'),
(4, 'PO20240004', 7, 4, 3, 12, '2026-03-09', '2026-05-06', NULL, 360696, 1193, 159, 46869.81, 407406.81, 'CNY', 3, 60, 4, '', 1, 2, 1, 3, '2026-04-24 16:35:50', '2026-04-24 16:35:50', 0, 0, NULL, 1, '采购订单4'),
(5, 'PO20240005', 15, 13, 3, 8, '2025-11-09', '2026-05-24', NULL, 277298, 1164, 2928, 35668.1, 310038.1, 'CNY', 1, 45, 5, '', 0, 0, 0, 2, '2026-04-24 16:35:50', '2026-04-24 16:35:50', 0, 0, NULL, 1, '采购订单5'),
(6, 'PO20240006', 3, 4, 4, 12, '2026-01-15', '2026-05-24', NULL, 395757, 814, 4846, 50818.43, 441729.43, 'CNY', 2, 90, 1, '', 2, 2, 0, 3, '2026-04-24 16:35:50', '2026-04-24 16:35:50', 0, 0, NULL, 1, '采购订单6'),
(7, 'PO20240007', 9, 8, 3, 5, '2026-01-18', '2026-05-18', NULL, 135625, 347, 2791, 17268.42, 150102.41999999998, 'CNY', 1, 30, 6, '', 1, 0, 0, 2, '2026-04-24 16:35:50', '2026-04-24 16:35:50', 0, 0, NULL, 1, '采购订单7'),
(8, 'PO20240008', 14, 6, 4, 5, '2026-01-29', '2026-05-21', NULL, 377151, 890, 4800, 48405.63, 420756.63, 'CNY', 2, 90, 1, '', 1, 1, 0, 3, '2026-04-24 16:35:50', '2026-04-24 16:35:50', 0, 0, NULL, 1, '采购订单8'),
(9, 'PO20240009', 12, 12, 3, 8, '2025-11-27', '2026-05-04', NULL, 30942, 1253, 3207, 3605.55, 31340.55, 'CNY', 2, 60, 5, '', 0, 0, 0, 1, '2026-04-24 16:35:50', '2026-04-24 16:35:50', 0, 0, NULL, 1, '采购订单9'),
(10, 'PO20240010', 6, 3, 3, 12, '2025-11-17', '2026-05-21', NULL, 381285, 1388, 2750, 49209.55, 427744.55, 'CNY', 3, 45, 4, '', 0, 0, 0, 1, '2026-04-24 16:35:50', '2026-04-24 16:35:50', 0, 0, NULL, 1, '采购订单10'),
(11, 'PO20240011', 13, 2, 2, 12, '2025-10-26', '2026-04-30', NULL, 232342, 977, 3437, 29757.65, 258662.65, 'CNY', 4, 30, 2, '', 1, 1, 1, 4, '2026-04-24 16:35:50', '2026-04-24 16:35:50', 0, 0, NULL, 1, '采购订单11'),
(12, 'PO20240012', 1, 6, 4, 8, '2025-11-21', '2026-05-01', NULL, 209205, 428, 3075, 26796.9, 232926.9, 'CNY', 1, 60, 2, '', 0, 0, 0, 1, '2026-04-24 16:35:50', '2026-04-24 16:35:50', 0, 0, NULL, 1, '采购订单12'),
(13, 'PO20240013', 4, 4, 2, 8, '2026-04-22', '2026-05-16', NULL, 313181, 623, 2306, 40413.75, 351288.75, 'CNY', 1, 90, 3, '', 0, 0, 0, 2, '2026-04-24 16:35:50', '2026-04-24 16:35:50', 0, 0, NULL, 1, '采购订单13'),
(14, 'PO20240014', 14, 11, 4, 12, '2026-03-28', '2026-05-14', NULL, 134687, 278, 210, 17482.01, 151959.01, 'CNY', 3, 30, 2, '', 2, 0, 0, 2, '2026-04-24 16:35:50', '2026-04-24 16:35:50', 0, 0, NULL, 1, '采购订单14'),
(15, 'PO20240015', 15, 11, 3, 8, '2025-11-18', '2026-05-19', NULL, 315278, 873, 1514, 40789.32, 354553.32, 'CNY', 1, 60, 3, '', 1, 0, 1, 4, '2026-04-24 16:35:50', '2026-04-24 16:35:50', 0, 0, NULL, 1, '采购订单15');


-- purchase_order_item
INSERT INTO purchase_order_item (id, order_id, request_item_id, sku_id, sku_name, sku_specs, qty, received_qty, returned_qty, unit_price, amount, tax_rate, tax_amount, discount_rate, delivery_date, status, created_at, updated_at, created_by, updated_by, deleted_at, version, remark) VALUES
(1, 1, NULL, 6, '华为Mate60 Pro智能手机 南糯紫/1TB', '{"颜色":"南糯紫","存储容量":"1TB"}', 36, 0, 0, 4320.0, 155520.0, 13.0, 20217.6, 0.0, '2026-05-05', 1, '2026-04-24 16:35:50', '2026-04-24 16:35:50', 0, 0, NULL, 1, NULL),
(2, 2, NULL, 102, '男士商务休闲衬衫 浅蓝/39', '{"颜色":"浅蓝","尺码":"39"}', 147, 0, 0, 129.6, 19051.2, 13.0, 2476.656, 0.0, '2026-04-29', 1, '2026-04-24 16:35:50', '2026-04-24 16:35:50', 0, 0, NULL, 1, NULL),
(3, 2, NULL, 98, '男士商务休闲衬衫 白色/41', '{"颜色":"白色","尺码":"41"}', 129, 0, 0, 117.0, 15093.0, 13.0, 1962.09, 0.0, '2026-05-04', 1, '2026-04-24 16:35:50', '2026-04-24 16:35:50', 0, 0, NULL, 1, NULL),
(4, 2, NULL, 91, '华为MatePad Pro平板 星河蓝/512GB', '{"颜色":"星河蓝","存储容量":"512GB"}', 74, 0, 0, 3005.4, 222399.6, 13.0, 28911.948, 0.0, '2026-05-04', 1, '2026-04-24 16:35:50', '2026-04-24 16:35:50', 0, 0, NULL, 1, NULL),
(5, 3, NULL, 72, '优衣库HEATTECH保暖内衣 黑色/M', '{"颜色":"黑色","尺码":"M"}', 118, 0, 0, 57.0, 6726.0, 13.0, 874.38, 0.0, '2026-05-03', 1, '2026-04-24 16:35:50', '2026-04-24 16:35:50', 0, 0, NULL, 1, NULL),
(6, 4, NULL, 70, '耐克Air Max运动鞋 白灰/44', '{"颜色":"白灰","尺码":"44"}', 66, 0, 0, 557.4, 36788.4, 13.0, 4782.492, 0.0, '2026-04-29', 1, '2026-04-24 16:35:50', '2026-04-24 16:35:50', 0, 0, NULL, 1, NULL),
(7, 4, NULL, 82, '优衣库HEATTECH保暖内衣 米色/XL', '{"颜色":"米色","尺码":"XL"}', 76, 0, 0, 70.8, 5380.8, 13.0, 699.504, 0.0, '2026-04-29', 1, '2026-04-24 16:35:50', '2026-04-24 16:35:50', 0, 0, NULL, 1, NULL),
(8, 5, NULL, 62, '耐克Air Max运动鞋 全黑/42', '{"颜色":"全黑","尺码":"42"}', 88, 0, 0, 547.8, 48206.399999999994, 13.0, 6266.832, 0.0, '2026-05-16', 1, '2026-04-24 16:35:50', '2026-04-24 16:35:50', 0, 0, NULL, 1, NULL),
(9, 5, NULL, 15, 'iPhone 15 Pro Max 原色钛金属/1TB', '{"颜色":"原色钛金属","存储容量":"1TB"}', 76, 0, 0, 6024.599999999999, 457869.6, 13.0, 59523.048, 0.0, '2026-05-17', 1, '2026-04-24 16:35:50', '2026-04-24 16:35:50', 0, 0, NULL, 1, NULL),
(10, 5, NULL, 100, '男士商务休闲衬衫 白色/43', '{"颜色":"白色","尺码":"43"}', 110, 0, 0, 137.4, 15114.0, 13.0, 1964.82, 0.0, '2026-05-04', 1, '2026-04-24 16:35:50', '2026-04-24 16:35:50', 0, 0, NULL, 1, NULL),
(11, 6, NULL, 80, '优衣库HEATTECH保暖内衣 米色/M', '{"颜色":"米色","尺码":"M"}', 64, 0, 0, 58.199999999999996, 3724.7999999999997, 13.0, 484.224, 0.0, '2026-05-14', 1, '2026-04-24 16:35:50', '2026-04-24 16:35:50', 0, 0, NULL, 1, NULL),
(12, 6, NULL, 10, '华为Mate60 Pro智能手机 雅丹黑/256GB', '{"颜色":"雅丹黑","存储容量":"256GB"}', 43, 0, 0, 4213.8, 181193.4, 13.0, 23555.142, 0.0, '2026-04-30', 1, '2026-04-24 16:35:50', '2026-04-24 16:35:50', 0, 0, NULL, 1, NULL),
(13, 6, NULL, 60, '耐克Air Max运动鞋 全黑/40', '{"颜色":"全黑","尺码":"40"}', 76, 0, 0, 552.6, 41997.6, 13.0, 5459.688, 0.0, '2026-04-29', 1, '2026-04-24 16:35:50', '2026-04-24 16:35:50', 0, 0, NULL, 1, NULL),
(14, 7, NULL, 37, '联想拯救者Y9000P i9-14900HX/32G/1T/RTX4090', '{"配置":"i9-14900HX/32G/1T/RTX4090"}', 48, 0, 0, 9001.199999999999, 432057.6, 13.0, 56167.488, 0.0, '2026-05-15', 1, '2026-04-24 16:35:50', '2026-04-24 16:35:50', 0, 0, NULL, 1, NULL),
(15, 8, NULL, 125, '舒肤佳沐浴露 芦荟水润/400ml', '{"香型":"芦荟水润","容量":"400ml"}', 101, 0, 0, 28.799999999999997, 2908.7999999999997, 13.0, 378.144, 0.0, '2026-05-04', 1, '2026-04-24 16:35:50', '2026-04-24 16:35:50', 0, 0, NULL, 1, NULL),
(16, 8, NULL, 144, '李宁运动跑步鞋 荧光绿/43', '{"颜色":"荧光绿","尺码":"43"}', 111, 0, 0, 255.0, 28305.0, 13.0, 3679.65, 0.0, '2026-05-06', 1, '2026-04-24 16:35:50', '2026-04-24 16:35:50', 0, 0, NULL, 1, NULL),
(17, 8, NULL, 45, '可口可乐330ml*24罐 原味', '{"口味":"原味"}', 116, 0, 0, 44.4, 5150.4, 13.0, 669.552, 0.0, '2026-05-08', 1, '2026-04-24 16:35:50', '2026-04-24 16:35:50', 0, 0, NULL, 1, NULL),
(18, 9, NULL, 57, '耐克Air Max运动鞋 黑白/43', '{"颜色":"黑白","尺码":"43"}', 46, 0, 0, 549.6, 25281.600000000002, 13.0, 3286.608, 0.0, '2026-05-14', 1, '2026-04-24 16:35:50', '2026-04-24 16:35:50', 0, 0, NULL, 1, NULL),
(19, 9, NULL, 37, '联想拯救者Y9000P i9-14900HX/32G/1T/RTX4090', '{"配置":"i9-14900HX/32G/1T/RTX4090"}', 104, 0, 0, 9001.199999999999, 936124.7999999999, 13.0, 121696.224, 0.0, '2026-05-22', 1, '2026-04-24 16:35:50', '2026-04-24 16:35:50', 0, 0, NULL, 1, NULL),
(20, 9, NULL, 20, 'iPhone 15 Pro Max 白色钛金属/512GB', '{"颜色":"白色钛金属","存储容量":"512GB"}', 80, 0, 0, 6153.0, 492240.0, 13.0, 63991.2, 0.0, '2026-05-10', 1, '2026-04-24 16:35:50', '2026-04-24 16:35:50', 0, 0, NULL, 1, NULL),
(21, 10, NULL, 18, 'iPhone 15 Pro Max 蓝色钛金属/1TB', '{"颜色":"蓝色钛金属","存储容量":"1TB"}', 109, 0, 0, 6087.0, 663483.0, 13.0, 86252.79, 0.0, '2026-05-07', 1, '2026-04-24 16:35:50', '2026-04-24 16:35:50', 0, 0, NULL, 1, NULL),
(22, 11, NULL, 58, '耐克Air Max运动鞋 黑白/44', '{"颜色":"黑白","尺码":"44"}', 61, 0, 0, 540.6, 32976.6, 13.0, 4286.958, 0.0, '2026-05-13', 1, '2026-04-24 16:35:50', '2026-04-24 16:35:50', 0, 0, NULL, 1, NULL),
(23, 11, NULL, 19, 'iPhone 15 Pro Max 白色钛金属/256GB', '{"颜色":"白色钛金属","存储容量":"256GB"}', 28, 0, 0, 5940.0, 166320.0, 13.0, 21621.6, 0.0, '2026-05-08', 1, '2026-04-24 16:35:50', '2026-04-24 16:35:50', 0, 0, NULL, 1, NULL),
(24, 12, NULL, 124, '舒肤佳沐浴露 柠檬清新/1L', '{"香型":"柠檬清新","容量":"1L"}', 27, 0, 0, 34.8, 939.5999999999999, 13.0, 122.148, 0.0, '2026-05-12', 1, '2026-04-24 16:35:50', '2026-04-24 16:35:50', 0, 0, NULL, 1, NULL),
(25, 12, NULL, 43, '每日坚果礼盒 500g家庭装', '{"规格":"500g家庭装"}', 131, 0, 0, 60.599999999999994, 7938.599999999999, 13.0, 1032.018, 0.0, '2026-05-04', 1, '2026-04-24 16:35:50', '2026-04-24 16:35:50', 0, 0, NULL, 1, NULL),
(26, 12, NULL, 14, 'iPhone 15 Pro Max 原色钛金属/512GB', '{"颜色":"原色钛金属","存储容量":"512GB"}', 45, 0, 0, 5997.599999999999, 269892.0, 13.0, 35085.96, 0.0, '2026-05-09', 1, '2026-04-24 16:35:50', '2026-04-24 16:35:50', 0, 0, NULL, 1, NULL),
(27, 13, NULL, 141, '李宁运动跑步鞋 荧光绿/40', '{"颜色":"荧光绿","尺码":"40"}', 145, 0, 0, 244.79999999999998, 35496.0, 13.0, 4614.48, 0.0, '2026-05-03', 1, '2026-04-24 16:35:50', '2026-04-24 16:35:50', 0, 0, NULL, 1, NULL),
(28, 13, NULL, 14, 'iPhone 15 Pro Max 原色钛金属/512GB', '{"颜色":"原色钛金属","存储容量":"512GB"}', 112, 0, 0, 5997.599999999999, 671731.2, 13.0, 87325.056, 0.0, '2026-04-29', 1, '2026-04-24 16:35:50', '2026-04-24 16:35:50', 0, 0, NULL, 1, NULL),
(29, 13, NULL, 110, '男士商务休闲衬衫 浅粉/41', '{"颜色":"浅粉","尺码":"41"}', 42, 0, 0, 126.6, 5317.2, 13.0, 691.236, 0.0, '2026-05-08', 1, '2026-04-24 16:35:50', '2026-04-24 16:35:50', 0, 0, NULL, 1, NULL),
(30, 14, NULL, 30, '小米14 白色/1TB', '{"颜色":"白色","存储容量":"1TB"}', 98, 0, 0, 2361.6, 231436.8, 13.0, 30086.784, 0.0, '2026-05-24', 1, '2026-04-24 16:35:50', '2026-04-24 16:35:50', 0, 0, NULL, 1, NULL),
(31, 14, NULL, 102, '男士商务休闲衬衫 浅蓝/39', '{"颜色":"浅蓝","尺码":"39"}', 140, 0, 0, 129.6, 18144.0, 13.0, 2358.72, 0.0, '2026-05-14', 1, '2026-04-24 16:35:50', '2026-04-24 16:35:50', 0, 0, NULL, 1, NULL),
(32, 15, NULL, 120, '舒肤佳沐浴露 纯白清香/720ml', '{"香型":"纯白清香","容量":"720ml"}', 87, 0, 0, 28.799999999999997, 2505.6, 13.0, 325.728, 0.0, '2026-05-06', 1, '2026-04-24 16:35:50', '2026-04-24 16:35:50', 0, 0, NULL, 1, NULL),
(33, 15, NULL, 69, '耐克Air Max运动鞋 白灰/43', '{"颜色":"白灰","尺码":"43"}', 35, 0, 0, 542.4, 18984.0, 13.0, 2467.92, 0.0, '2026-05-03', 1, '2026-04-24 16:35:50', '2026-04-24 16:35:50', 0, 0, NULL, 1, NULL);


-- purchase_in_stock
INSERT INTO purchase_in_stock (id, in_stock_no, order_id, supplier_id, warehouse_id, operator_id, in_stock_date, total_qty, total_amount, status, created_at, updated_at, created_by, updated_by, deleted_at, version, remark) VALUES
(2, 'RK20240001', 3, 5, 30, 13, '2026-04-12', 897, 139282, 2, '2026-04-24 16:35:50', '2026-04-24 16:35:50', 0, 0, NULL, 1, NULL),
(4, 'RK20240003', 5, 13, 45, 13, '2025-12-15', 941, 125863, 2, '2026-04-24 16:35:50', '2026-04-24 16:35:50', 0, 0, NULL, 1, NULL),
(6, 'RK20240005', 10, 3, 45, 13, '2026-04-11', 754, 235424, 3, '2026-04-24 16:35:50', '2026-04-24 16:35:50', 0, 0, NULL, 1, NULL),
(8, 'RK20240007', 13, 4, 90, 13, '2026-02-12', 624, 277750, 2, '2026-04-24 16:35:50', '2026-04-24 16:35:50', 0, 0, NULL, 1, NULL),
(10, 'RK20240009', 15, 11, 60, 7, '2026-03-09', 1042, 290795, 3, '2026-04-24 16:35:50', '2026-04-24 16:35:50', 0, 0, NULL, 1, NULL);


-- purchase_in_stock_item
INSERT INTO purchase_in_stock_item (id, in_stock_id, order_item_id, sku_id, sku_name, sku_specs, expect_qty, actual_qty, qualified_qty, unqualified_qty, unit_price, amount, location_id, batch_no, production_date, expiry_date, status, created_at, updated_at, created_by, updated_by, deleted_at, version, remark) VALUES
(1, 2, NULL, 134, '李宁运动跑步鞋 黑色/43', '{"颜色":"黑色","尺码":"43"}', 73, 70, 68, 2, 239.39999999999998, 16758.0, 121, 'BN2024488', '2025-11-13', '2026-08-22', 2, '2026-04-24 16:35:50', '2026-04-24 16:35:50', 0, 0, NULL, 1, NULL),
(2, 2, NULL, 102, '男士商务休闲衬衫 浅蓝/39', '{"颜色":"浅蓝","尺码":"39"}', 24, 23, 23, 0, 129.6, 2980.7999999999997, 230, 'BN2024178', '2025-10-27', '2026-09-25', 2, '2026-04-24 16:35:50', '2026-04-24 16:35:50', 0, 0, NULL, 1, NULL),
(3, 4, NULL, 67, '耐克Air Max运动鞋 白灰/41', '{"颜色":"白灰","尺码":"41"}', 60, 60, 60, 0, 557.4, 33444.0, 199, 'BN2024570', '2025-11-25', '2026-12-21', 2, '2026-04-24 16:35:50', '2026-04-24 16:35:50', 0, 0, NULL, 1, NULL),
(4, 4, NULL, 84, '伊利纯牛奶250ml*24盒 250ml*24盒', '{"规格":"250ml*24盒"}', 55, 52, 52, 0, 40.199999999999996, 2090.3999999999996, 320, 'BN2024602', '2025-12-11', '2027-02-18', 2, '2026-04-24 16:35:50', '2026-04-24 16:35:50', 0, 0, NULL, 1, NULL),
(5, 4, NULL, 108, '男士商务休闲衬衫 浅粉/39', '{"颜色":"浅粉","尺码":"39"}', 34, 31, 31, 0, 130.79999999999998, 4054.7999999999993, 76, 'BN2024581', '2025-12-20', '2026-12-29', 2, '2026-04-24 16:35:50', '2026-04-24 16:35:50', 0, 0, NULL, 1, NULL),
(6, 6, NULL, 125, '舒肤佳沐浴露 芦荟水润/400ml', '{"香型":"芦荟水润","容量":"400ml"}', 93, 90, 90, 0, 28.799999999999997, 2591.9999999999995, 89, 'BN2024283', '2025-11-26', '2026-09-07', 2, '2026-04-24 16:35:50', '2026-04-24 16:35:50', 0, 0, NULL, 1, NULL),
(7, 6, NULL, 103, '男士商务休闲衬衫 浅蓝/40', '{"颜色":"浅蓝","尺码":"40"}', 24, 21, 20, 1, 126.0, 2646.0, 122, 'BN2024051', '2026-01-09', '2026-12-01', 2, '2026-04-24 16:35:50', '2026-04-24 16:35:50', 0, 0, NULL, 1, NULL),
(8, 8, NULL, 35, '小米14 雪山粉/512GB', '{"颜色":"雪山粉","存储容量":"512GB"}', 58, 55, 54, 1, 2542.7999999999997, 139853.99999999997, 138, 'BN2024747', '2025-11-28', '2027-01-03', 2, '2026-04-24 16:35:50', '2026-04-24 16:35:50', 0, 0, NULL, 1, NULL),
(9, 10, NULL, 132, '李宁运动跑步鞋 黑色/41', '{"颜色":"黑色","尺码":"41"}', 40, 40, 39, 1, 256.8, 10272.0, 260, 'BN2024414', '2025-10-23', '2027-02-17', 2, '2026-04-24 16:35:50', '2026-04-24 16:35:50', 0, 0, NULL, 1, NULL);


-- purchase_return
INSERT INTO purchase_return (id, return_no, order_id, in_stock_id, supplier_id, warehouse_id, operator_id, return_date, return_reason, total_qty, total_amount, refund_status, status, created_at, updated_at, created_by, updated_by, deleted_at, version, remark) VALUES
(1, 'TH20240001', 14, NULL, 11, 30, 7, '2026-02-05', '质量问题', 17, 15154, 0, 2, '2026-04-24 16:35:50', '2026-04-24 16:35:50', 0, 0, NULL, 1, NULL),
(2, 'TH20240002', 6, NULL, 4, 90, 13, '2026-03-19', '包装破损', 30, 43642, 0, 2, '2026-04-24 16:35:50', '2026-04-24 16:35:50', 0, 0, NULL, 1, NULL),
(3, 'TH20240003', 14, NULL, 11, 30, 13, '2026-03-30', '数量差异', 40, 24921, 1, 2, '2026-04-24 16:35:50', '2026-04-24 16:35:50', 0, 0, NULL, 1, NULL),
(4, 'TH20240004', 7, NULL, 8, 30, 7, '2026-02-03', '包装破损', 41, 16045, 0, 2, '2026-04-24 16:35:50', '2026-04-24 16:35:50', 0, 0, NULL, 1, NULL),
(5, 'TH20240005', 8, NULL, 6, 90, 7, '2026-04-06', '数量差异', 16, 41396, 0, 2, '2026-04-24 16:35:50', '2026-04-24 16:35:50', 0, 0, NULL, 1, NULL);


-- purchase_return_item
INSERT INTO purchase_return_item (id, return_id, order_item_id, in_stock_item_id, sku_id, sku_name, sku_specs, return_qty, unit_price, amount, return_reason, batch_no, status, created_at, updated_at, created_by, updated_by, deleted_at, version, remark) VALUES
(1, 1, NULL, NULL, 13, 'iPhone 15 Pro Max 原色钛金属/256GB', '{"颜色":"原色钛金属","存储容量":"256GB"}', 16, 5958.0, 95328.0, '质量问题', NULL, 1, '2026-04-24 16:35:50', '2026-04-24 16:35:50', 0, 0, NULL, 1, NULL),
(2, 1, NULL, NULL, 51, '汰渍洗衣液3kg 薰衣草', '{"香型":"薰衣草"}', 13, 30.599999999999998, 397.79999999999995, '质量问题', NULL, 1, '2026-04-24 16:35:50', '2026-04-24 16:35:50', 0, 0, NULL, 1, NULL),
(3, 2, NULL, NULL, 126, '舒肤佳沐浴露 芦荟水润/720ml', '{"香型":"芦荟水润","容量":"720ml"}', 24, 20.4, 489.59999999999997, '包装破损', NULL, 1, '2026-04-24 16:35:50', '2026-04-24 16:35:50', 0, 0, NULL, 1, NULL),
(4, 2, NULL, NULL, 115, '奥利奥夹心饼干 草莓味', '{"口味":"草莓味"}', 10, 6.0, 60.0, '包装破损', NULL, 1, '2026-04-24 16:35:50', '2026-04-24 16:35:50', 0, 0, NULL, 1, NULL),
(5, 3, NULL, NULL, 73, '优衣库HEATTECH保暖内衣 黑色/L', '{"颜色":"黑色","尺码":"L"}', 5, 70.8, 354.0, '数量差异', NULL, 1, '2026-04-24 16:35:50', '2026-04-24 16:35:50', 0, 0, NULL, 1, NULL),
(6, 4, NULL, NULL, 105, '男士商务休闲衬衫 浅蓝/42', '{"颜色":"浅蓝","尺码":"42"}', 21, 133.2, 2797.2, '包装破损', NULL, 1, '2026-04-24 16:35:50', '2026-04-24 16:35:50', 0, 0, NULL, 1, NULL),
(7, 4, NULL, NULL, 6, '华为Mate60 Pro智能手机 南糯紫/1TB', '{"颜色":"南糯紫","存储容量":"1TB"}', 5, 4320.0, 21600.0, '包装破损', NULL, 1, '2026-04-24 16:35:50', '2026-04-24 16:35:50', 0, 0, NULL, 1, NULL),
(8, 5, NULL, NULL, 71, '耐克Air Max运动鞋 白灰/45', '{"颜色":"白灰","尺码":"45"}', 18, 548.4, 9871.199999999999, '数量差异', NULL, 1, '2026-04-24 16:35:50', '2026-04-24 16:35:50', 0, 0, NULL, 1, NULL),
(9, 5, NULL, NULL, 97, '男士商务休闲衬衫 白色/40', '{"颜色":"白色","尺码":"40"}', 16, 136.2, 2179.2, '数量差异', NULL, 1, '2026-04-24 16:35:50', '2026-04-24 16:35:50', 0, 0, NULL, 1, NULL);


-- inventory
INSERT INTO inventory (id, sku_id, warehouse_id, available_qty, frozen_qty, locked_qty, on_way_qty, total_qty, safety_stock, max_stock, cost_price, total_cost, status, created_at, updated_at, created_by, updated_by, deleted_at, version, remark) VALUES
(1, 1, 1, 111, 29, 9, 86, 235, 86, NULL, 4341.599999999999, 1020275.9999999999, 1, '2026-04-24 16:35:50', '2026-04-24 16:35:50', 0, 0, NULL, 1, NULL),
(2, 1, 3, 52, 0, 16, 84, 152, 67, NULL, 4341.599999999999, 659923.2, 1, '2026-04-24 16:35:50', '2026-04-24 16:35:50', 0, 0, NULL, 1, NULL),
(3, 1, 4, 304, 38, 9, 38, 389, 33, NULL, 4341.599999999999, 1688882.3999999997, 1, '2026-04-24 16:35:50', '2026-04-24 16:35:50', 0, 0, NULL, 1, NULL),
(4, 1, 5, 172, 17, 20, 41, 250, 55, NULL, 4341.599999999999, 1085399.9999999998, 1, '2026-04-24 16:35:50', '2026-04-24 16:35:50', 0, 0, NULL, 1, NULL),
(5, 1, 6, 364, 41, 9, 24, 438, 39, NULL, 4341.599999999999, 1901620.7999999998, 1, '2026-04-24 16:35:50', '2026-04-24 16:35:50', 0, 0, NULL, 1, NULL),
(6, 2, 1, 123, 3, 25, 76, 227, 71, NULL, 4325.4, 981865.7999999999, 1, '2026-04-24 16:35:50', '2026-04-24 16:35:50', 0, 0, NULL, 1, NULL),
(7, 3, 1, 214, 25, 12, 94, 345, 24, NULL, 4358.4, 1503647.9999999998, 1, '2026-04-24 16:35:50', '2026-04-24 16:35:50', 0, 0, NULL, 1, NULL),
(8, 3, 2, 292, 12, 10, 92, 406, 48, NULL, 4358.4, 1769510.4, 1, '2026-04-24 16:35:50', '2026-04-24 16:35:50', 0, 0, NULL, 1, NULL),
(9, 3, 5, 481, 42, 11, 64, 598, 58, NULL, 4358.4, 2606323.1999999997, 1, '2026-04-24 16:35:50', '2026-04-24 16:35:50', 0, 0, NULL, 1, NULL),
(10, 4, 3, 49, 30, 4, 94, 177, 53, NULL, 4273.8, 756462.6, 1, '2026-04-24 16:35:50', '2026-04-24 16:35:50', 0, 0, NULL, 1, NULL),
(11, 4, 5, 467, 11, 30, 87, 595, 62, NULL, 4273.8, 2542911.0, 1, '2026-04-24 16:35:50', '2026-04-24 16:35:50', 0, 0, NULL, 1, NULL),
(12, 5, 1, 114, 47, 27, 39, 227, 73, NULL, 4158.599999999999, 944002.1999999998, 1, '2026-04-24 16:35:50', '2026-04-24 16:35:50', 0, 0, NULL, 1, NULL),
(13, 5, 3, 133, 37, 9, 59, 238, 35, NULL, 4158.599999999999, 989746.7999999998, 1, '2026-04-24 16:35:50', '2026-04-24 16:35:50', 0, 0, NULL, 1, NULL),
(14, 5, 4, 443, 40, 18, 74, 575, 99, NULL, 4158.599999999999, 2391194.9999999995, 1, '2026-04-24 16:35:50', '2026-04-24 16:35:50', 0, 0, NULL, 1, NULL),
(15, 5, 5, 455, 12, 16, 15, 498, 68, NULL, 4158.599999999999, 2070982.7999999998, 1, '2026-04-24 16:35:50', '2026-04-24 16:35:50', 0, 0, NULL, 1, NULL),
(16, 5, 6, 211, 3, 27, 19, 260, 37, NULL, 4158.599999999999, 1081235.9999999998, 1, '2026-04-24 16:35:50', '2026-04-24 16:35:50', 0, 0, NULL, 1, NULL),
(17, 6, 2, 291, 29, 4, 40, 364, 43, NULL, 4320.0, 1572480.0, 1, '2026-04-24 16:35:50', '2026-04-24 16:35:50', 0, 0, NULL, 1, NULL),
(18, 6, 4, 323, 11, 10, 81, 425, 27, NULL, 4320.0, 1836000.0, 1, '2026-04-24 16:35:50', '2026-04-24 16:35:50', 0, 0, NULL, 1, NULL),
(19, 6, 5, 140, 13, 24, 99, 276, 41, NULL, 4320.0, 1192320.0, 1, '2026-04-24 16:35:50', '2026-04-24 16:35:50', 0, 0, NULL, 1, NULL),
(20, 6, 6, 81, 31, 25, 97, 234, 31, NULL, 4320.0, 1010880.0, 1, '2026-04-24 16:35:50', '2026-04-24 16:35:50', 0, 0, NULL, 1, NULL),
(21, 7, 1, 222, 40, 13, 51, 326, 74, NULL, 4157.4, 1355312.4, 1, '2026-04-24 16:35:50', '2026-04-24 16:35:50', 0, 0, NULL, 1, NULL),
(22, 7, 3, 19, 34, 6, 93, 152, 67, NULL, 4157.4, 631924.7999999999, 1, '2026-04-24 16:35:50', '2026-04-24 16:35:50', 0, 0, NULL, 1, NULL),
(23, 8, 1, 9, 43, 0, 80, 132, 51, NULL, 4297.2, 567230.4, 1, '2026-04-24 16:35:50', '2026-04-24 16:35:50', 0, 0, NULL, 1, NULL),
(24, 8, 2, 449, 22, 9, 16, 496, 33, NULL, 4297.2, 2131411.1999999997, 1, '2026-04-24 16:35:50', '2026-04-24 16:35:50', 0, 0, NULL, 1, NULL),
(25, 8, 3, 301, 19, 5, 8, 333, 25, NULL, 4297.2, 1430967.5999999999, 1, '2026-04-24 16:35:50', '2026-04-24 16:35:50', 0, 0, NULL, 1, NULL),
(26, 8, 4, 148, 29, 23, 66, 266, 96, NULL, 4297.2, 1143055.2, 1, '2026-04-24 16:35:50', '2026-04-24 16:35:50', 0, 0, NULL, 1, NULL),
(27, 8, 5, 222, 43, 4, 43, 312, 82, NULL, 4297.2, 1340726.4, 1, '2026-04-24 16:35:50', '2026-04-24 16:35:50', 0, 0, NULL, 1, NULL),
(28, 8, 6, 96, 10, 30, 51, 187, 22, NULL, 4297.2, 803576.4, 1, '2026-04-24 16:35:50', '2026-04-24 16:35:50', 0, 0, NULL, 1, NULL),
(29, 9, 1, 372, 8, 6, 93, 479, 22, NULL, 4305.0, 2062095.0, 1, '2026-04-24 16:35:50', '2026-04-24 16:35:50', 0, 0, NULL, 1, NULL),
(30, 9, 2, 86, 7, 11, 91, 195, 24, NULL, 4305.0, 839475.0, 1, '2026-04-24 16:35:50', '2026-04-24 16:35:50', 0, 0, NULL, 1, NULL),
(31, 9, 3, 327, 16, 24, 68, 435, 99, NULL, 4305.0, 1872675.0, 1, '2026-04-24 16:35:50', '2026-04-24 16:35:50', 0, 0, NULL, 1, NULL),
(32, 9, 4, 24, 42, 3, 83, 152, 22, NULL, 4305.0, 654360.0, 1, '2026-04-24 16:35:50', '2026-04-24 16:35:50', 0, 0, NULL, 1, NULL),
(33, 9, 5, 59, 26, 14, 48, 147, 35, NULL, 4305.0, 632835.0, 1, '2026-04-24 16:35:50', '2026-04-24 16:35:50', 0, 0, NULL, 1, NULL),
(34, 9, 6, 242, 44, 4, 26, 316, 100, NULL, 4305.0, 1360380.0, 1, '2026-04-24 16:35:50', '2026-04-24 16:35:50', 0, 0, NULL, 1, NULL),
(35, 10, 1, 215, 42, 3, 84, 344, 86, NULL, 4213.8, 1449547.2, 1, '2026-04-24 16:35:50', '2026-04-24 16:35:50', 0, 0, NULL, 1, NULL),
(36, 10, 2, 310, 44, 4, 53, 411, 33, NULL, 4213.8, 1731871.8, 1, '2026-04-24 16:35:50', '2026-04-24 16:35:50', 0, 0, NULL, 1, NULL),
(37, 10, 3, 316, 7, 9, 14, 346, 33, NULL, 4213.8, 1457974.8, 1, '2026-04-24 16:35:50', '2026-04-24 16:35:50', 0, 0, NULL, 1, NULL),
(38, 10, 4, 311, 12, 24, 33, 380, 86, NULL, 4213.8, 1601244.0, 1, '2026-04-24 16:35:50', '2026-04-24 16:35:50', 0, 0, NULL, 1, NULL),
(39, 10, 6, 209, 18, 5, 5, 237, 90, NULL, 4213.8, 998670.6000000001, 1, '2026-04-24 16:35:50', '2026-04-24 16:35:50', 0, 0, NULL, 1, NULL),
(40, 11, 1, 106, 44, 29, 61, 240, 62, NULL, 4341.599999999999, 1041983.9999999999, 1, '2026-04-24 16:35:50', '2026-04-24 16:35:50', 0, 0, NULL, 1, NULL),
(41, 11, 2, 6, 42, 2, 14, 64, 93, NULL, 4341.599999999999, 277862.39999999997, 1, '2026-04-24 16:35:50', '2026-04-24 16:35:50', 0, 0, NULL, 1, NULL),
(42, 11, 4, 46, 49, 16, 9, 120, 32, NULL, 4341.599999999999, 520991.99999999994, 1, '2026-04-24 16:35:50', '2026-04-24 16:35:50', 0, 0, NULL, 1, NULL),
(43, 12, 1, 500, 18, 8, 59, 585, 26, NULL, 4363.2, 2552472.0, 1, '2026-04-24 16:35:50', '2026-04-24 16:35:50', 0, 0, NULL, 1, NULL),
(44, 12, 2, 89, 2, 27, 37, 155, 66, NULL, 4363.2, 676296.0, 1, '2026-04-24 16:35:50', '2026-04-24 16:35:50', 0, 0, NULL, 1, NULL),
(45, 12, 4, 378, 7, 3, 97, 485, 25, NULL, 4363.2, 2116152.0, 1, '2026-04-24 16:35:50', '2026-04-24 16:35:50', 0, 0, NULL, 1, NULL),
(46, 12, 5, 70, 42, 20, 21, 153, 62, NULL, 4363.2, 667569.6, 1, '2026-04-24 16:35:50', '2026-04-24 16:35:50', 0, 0, NULL, 1, NULL),
(47, 12, 6, 224, 39, 8, 93, 364, 31, NULL, 4363.2, 1588204.8, 1, '2026-04-24 16:35:50', '2026-04-24 16:35:50', 0, 0, NULL, 1, NULL),
(48, 13, 1, 175, 11, 3, 51, 240, 71, NULL, 5958.0, 1429920.0, 1, '2026-04-24 16:35:50', '2026-04-24 16:35:50', 0, 0, NULL, 1, NULL),
(49, 13, 3, 197, 44, 27, 61, 329, 73, NULL, 5958.0, 1960182.0, 1, '2026-04-24 16:35:50', '2026-04-24 16:35:50', 0, 0, NULL, 1, NULL),
(50, 13, 6, 356, 46, 1, 20, 423, 33, NULL, 5958.0, 2520234.0, 1, '2026-04-24 16:35:50', '2026-04-24 16:35:50', 0, 0, NULL, 1, NULL),
(51, 14, 1, 302, 30, 25, 72, 429, 76, NULL, 5997.599999999999, 2572970.4, 1, '2026-04-24 16:35:50', '2026-04-24 16:35:50', 0, 0, NULL, 1, NULL),
(52, 14, 2, 194, 49, 11, 78, 332, 23, NULL, 5997.599999999999, 1991203.1999999997, 1, '2026-04-24 16:35:50', '2026-04-24 16:35:50', 0, 0, NULL, 1, NULL),
(53, 15, 1, 249, 7, 28, 52, 336, 76, NULL, 6024.599999999999, 2024265.5999999999, 1, '2026-04-24 16:35:50', '2026-04-24 16:35:50', 0, 0, NULL, 1, NULL),
(54, 15, 2, 133, 41, 10, 1, 185, 87, NULL, 6024.599999999999, 1114551.0, 1, '2026-04-24 16:35:50', '2026-04-24 16:35:50', 0, 0, NULL, 1, NULL),
(55, 15, 4, 289, 14, 30, 85, 418, 63, NULL, 6024.599999999999, 2518282.8, 1, '2026-04-24 16:35:50', '2026-04-24 16:35:50', 0, 0, NULL, 1, NULL),
(56, 15, 5, 352, 44, 19, 12, 427, 75, NULL, 6024.599999999999, 2572504.1999999997, 1, '2026-04-24 16:35:50', '2026-04-24 16:35:50', 0, 0, NULL, 1, NULL),
(57, 16, 1, 177, 42, 21, 82, 322, 69, NULL, 6108.0, 1966776.0, 1, '2026-04-24 16:35:50', '2026-04-24 16:35:50', 0, 0, NULL, 1, NULL),
(58, 16, 2, 423, 35, 28, 78, 564, 26, NULL, 6108.0, 3444912.0, 1, '2026-04-24 16:35:50', '2026-04-24 16:35:50', 0, 0, NULL, 1, NULL),
(59, 16, 3, 478, 10, 16, 60, 564, 83, NULL, 6108.0, 3444912.0, 1, '2026-04-24 16:35:50', '2026-04-24 16:35:50', 0, 0, NULL, 1, NULL),
(60, 16, 5, 251, 20, 7, 42, 320, 55, NULL, 6108.0, 1954560.0, 1, '2026-04-24 16:35:50', '2026-04-24 16:35:50', 0, 0, NULL, 1, NULL),
(61, 16, 6, 114, 35, 20, 48, 217, 71, NULL, 6108.0, 1325436.0, 1, '2026-04-24 16:35:50', '2026-04-24 16:35:50', 0, 0, NULL, 1, NULL),
(62, 17, 2, 227, 36, 14, 11, 288, 83, NULL, 5943.599999999999, 1711756.7999999998, 1, '2026-04-24 16:35:50', '2026-04-24 16:35:50', 0, 0, NULL, 1, NULL),
(63, 17, 3, 60, 31, 23, 83, 197, 22, NULL, 5943.599999999999, 1170889.2, 1, '2026-04-24 16:35:50', '2026-04-24 16:35:50', 0, 0, NULL, 1, NULL),
(64, 17, 4, 211, 2, 17, 70, 300, 20, NULL, 5943.599999999999, 1783079.9999999998, 1, '2026-04-24 16:35:50', '2026-04-24 16:35:50', 0, 0, NULL, 1, NULL),
(65, 18, 4, 335, 42, 14, 43, 434, 66, NULL, 6087.0, 2641758.0, 1, '2026-04-24 16:35:50', '2026-04-24 16:35:50', 0, 0, NULL, 1, NULL),
(66, 19, 2, 392, 39, 19, 60, 510, 66, NULL, 5940.0, 3029400.0, 1, '2026-04-24 16:35:50', '2026-04-24 16:35:50', 0, 0, NULL, 1, NULL),
(67, 19, 4, 388, 42, 7, 0, 437, 63, NULL, 5940.0, 2595780.0, 1, '2026-04-24 16:35:50', '2026-04-24 16:35:50', 0, 0, NULL, 1, NULL),
(68, 19, 5, 324, 18, 17, 66, 425, 67, NULL, 5940.0, 2524500.0, 1, '2026-04-24 16:35:50', '2026-04-24 16:35:50', 0, 0, NULL, 1, NULL),
(69, 20, 1, 84, 31, 4, 91, 210, 72, NULL, 6153.0, 1292130.0, 1, '2026-04-24 16:35:50', '2026-04-24 16:35:50', 0, 0, NULL, 1, NULL),
(70, 20, 2, 312, 12, 6, 15, 345, 70, NULL, 6153.0, 2122785.0, 1, '2026-04-24 16:35:50', '2026-04-24 16:35:50', 0, 0, NULL, 1, NULL),
(71, 20, 3, 422, 50, 6, 91, 569, 63, NULL, 6153.0, 3501057.0, 1, '2026-04-24 16:35:50', '2026-04-24 16:35:50', 0, 0, NULL, 1, NULL),
(72, 20, 4, 212, 2, 29, 81, 324, 95, NULL, 6153.0, 1993572.0, 1, '2026-04-24 16:35:50', '2026-04-24 16:35:50', 0, 0, NULL, 1, NULL),
(73, 20, 5, 456, 28, 14, 84, 582, 95, NULL, 6153.0, 3581046.0, 1, '2026-04-24 16:35:50', '2026-04-24 16:35:50', 0, 0, NULL, 1, NULL),
(74, 21, 1, 255, 0, 16, 94, 365, 26, NULL, 6030.0, 2200950.0, 1, '2026-04-24 16:35:50', '2026-04-24 16:35:50', 0, 0, NULL, 1, NULL),
(75, 21, 2, 221, 37, 15, 65, 338, 42, NULL, 6030.0, 2038140.0, 1, '2026-04-24 16:35:50', '2026-04-24 16:35:50', 0, 0, NULL, 1, NULL),
(76, 21, 4, 417, 8, 3, 49, 477, 96, NULL, 6030.0, 2876310.0, 1, '2026-04-24 16:35:50', '2026-04-24 16:35:50', 0, 0, NULL, 1, NULL),
(77, 21, 6, 451, 24, 13, 77, 565, 51, NULL, 6030.0, 3406950.0, 1, '2026-04-24 16:35:50', '2026-04-24 16:35:50', 0, 0, NULL, 1, NULL),
(78, 22, 1, 493, 21, 9, 57, 580, 37, NULL, 6168.599999999999, 3577787.9999999995, 1, '2026-04-24 16:35:50', '2026-04-24 16:35:50', 0, 0, NULL, 1, NULL),
(79, 22, 2, 308, 44, 28, 95, 475, 85, NULL, 6168.599999999999, 2930084.9999999995, 1, '2026-04-24 16:35:50', '2026-04-24 16:35:50', 0, 0, NULL, 1, NULL),
(80, 22, 3, 359, 35, 27, 40, 461, 90, NULL, 6168.599999999999, 2843724.5999999996, 1, '2026-04-24 16:35:50', '2026-04-24 16:35:50', 0, 0, NULL, 1, NULL),
(81, 22, 5, 319, 45, 9, 87, 460, 64, NULL, 6168.599999999999, 2837555.9999999995, 1, '2026-04-24 16:35:50', '2026-04-24 16:35:50', 0, 0, NULL, 1, NULL),
(82, 23, 1, 363, 41, 30, 22, 456, 84, NULL, 6093.599999999999, 2778681.5999999996, 1, '2026-04-24 16:35:50', '2026-04-24 16:35:50', 0, 0, NULL, 1, NULL),
(83, 23, 2, 326, 20, 22, 14, 382, 65, NULL, 6093.599999999999, 2327755.1999999997, 1, '2026-04-24 16:35:50', '2026-04-24 16:35:50', 0, 0, NULL, 1, NULL),
(84, 23, 3, 298, 36, 30, 85, 449, 73, NULL, 6093.599999999999, 2736026.4, 1, '2026-04-24 16:35:50', '2026-04-24 16:35:50', 0, 0, NULL, 1, NULL),
(85, 23, 6, 449, 27, 25, 1, 502, 86, NULL, 6093.599999999999, 3058987.1999999997, 1, '2026-04-24 16:35:50', '2026-04-24 16:35:50', 0, 0, NULL, 1, NULL),
(86, 24, 1, 195, 9, 1, 85, 290, 27, NULL, 5996.4, 1738956.0, 1, '2026-04-24 16:35:50', '2026-04-24 16:35:50', 0, 0, NULL, 1, NULL),
(87, 24, 2, 384, 50, 5, 36, 475, 52, NULL, 5996.4, 2848290.0, 1, '2026-04-24 16:35:50', '2026-04-24 16:35:50', 0, 0, NULL, 1, NULL),
(88, 24, 3, 31, 44, 25, 37, 137, 46, NULL, 5996.4, 821506.7999999999, 1, '2026-04-24 16:35:50', '2026-04-24 16:35:50', 0, 0, NULL, 1, NULL),
(89, 24, 5, 416, 28, 3, 78, 525, 91, NULL, 5996.4, 3148110.0, 1, '2026-04-24 16:35:50', '2026-04-24 16:35:50', 0, 0, NULL, 1, NULL),
(90, 25, 2, 121, 32, 25, 89, 267, 56, NULL, 2463.0, 657621.0, 1, '2026-04-24 16:35:50', '2026-04-24 16:35:50', 0, 0, NULL, 1, NULL),
(91, 25, 4, 195, 24, 13, 100, 332, 60, NULL, 2463.0, 817716.0, 1, '2026-04-24 16:35:50', '2026-04-24 16:35:50', 0, 0, NULL, 1, NULL),
(92, 25, 6, 380, 16, 6, 79, 481, 76, NULL, 2463.0, 1184703.0, 1, '2026-04-24 16:35:50', '2026-04-24 16:35:50', 0, 0, NULL, 1, NULL),
(93, 26, 6, 308, 12, 24, 92, 436, 44, NULL, 2351.4, 1025210.4, 1, '2026-04-24 16:35:50', '2026-04-24 16:35:50', 0, 0, NULL, 1, NULL),
(94, 27, 1, 90, 43, 2, 23, 158, 42, NULL, 2512.7999999999997, 397022.39999999997, 1, '2026-04-24 16:35:50', '2026-04-24 16:35:50', 0, 0, NULL, 1, NULL),
(95, 27, 3, 20, 27, 8, 71, 126, 53, NULL, 2512.7999999999997, 316612.8, 1, '2026-04-24 16:35:50', '2026-04-24 16:35:50', 0, 0, NULL, 1, NULL),
(96, 27, 4, 299, 16, 0, 42, 357, 79, NULL, 2512.7999999999997, 897069.5999999999, 1, '2026-04-24 16:35:50', '2026-04-24 16:35:50', 0, 0, NULL, 1, NULL),
(97, 27, 6, 78, 20, 19, 6, 123, 100, NULL, 2512.7999999999997, 309074.39999999997, 1, '2026-04-24 16:35:50', '2026-04-24 16:35:50', 0, 0, NULL, 1, NULL),
(98, 28, 3, 293, 35, 11, 9, 348, 60, NULL, 2559.0, 890532.0, 1, '2026-04-24 16:35:50', '2026-04-24 16:35:50', 0, 0, NULL, 1, NULL),
(99, 28, 4, 489, 11, 16, 8, 524, 84, NULL, 2559.0, 1340916.0, 1, '2026-04-24 16:35:50', '2026-04-24 16:35:50', 0, 0, NULL, 1, NULL),
(100, 28, 5, 278, 34, 12, 11, 335, 64, NULL, 2559.0, 857265.0, 1, '2026-04-24 16:35:50', '2026-04-24 16:35:50', 0, 0, NULL, 1, NULL),
(101, 28, 6, 109, 42, 10, 42, 203, 66, NULL, 2559.0, 519477.0, 1, '2026-04-24 16:35:50', '2026-04-24 16:35:50', 0, 0, NULL, 1, NULL),
(102, 29, 1, 486, 48, 19, 67, 620, 80, NULL, 2545.2, 1578024.0, 1, '2026-04-24 16:35:50', '2026-04-24 16:35:50', 0, 0, NULL, 1, NULL),
(103, 29, 5, 342, 22, 14, 30, 408, 98, NULL, 2545.2, 1038441.6, 1, '2026-04-24 16:35:50', '2026-04-24 16:35:50', 0, 0, NULL, 1, NULL),
(104, 30, 1, 20, 43, 28, 41, 132, 68, NULL, 2361.6, 311731.2, 1, '2026-04-24 16:35:50', '2026-04-24 16:35:50', 0, 0, NULL, 1, NULL),
(105, 30, 4, 276, 46, 9, 3, 334, 86, NULL, 2361.6, 788774.4, 1, '2026-04-24 16:35:50', '2026-04-24 16:35:50', 0, 0, NULL, 1, NULL),
(106, 30, 6, 411, 32, 14, 62, 519, 25, NULL, 2361.6, 1225670.4, 1, '2026-04-24 16:35:50', '2026-04-24 16:35:50', 0, 0, NULL, 1, NULL),
(107, 31, 1, 333, 12, 10, 65, 420, 30, NULL, 2361.6, 991872.0, 1, '2026-04-24 16:35:50', '2026-04-24 16:35:50', 0, 0, NULL, 1, NULL),
(108, 31, 3, 489, 49, 17, 68, 623, 20, NULL, 2361.6, 1471276.8, 1, '2026-04-24 16:35:50', '2026-04-24 16:35:50', 0, 0, NULL, 1, NULL),
(109, 31, 5, 322, 49, 6, 87, 464, 74, NULL, 2361.6, 1095782.4, 1, '2026-04-24 16:35:50', '2026-04-24 16:35:50', 0, 0, NULL, 1, NULL),
(110, 32, 1, 424, 44, 28, 94, 590, 75, NULL, 2446.2, 1443258.0, 1, '2026-04-24 16:35:50', '2026-04-24 16:35:50', 0, 0, NULL, 1, NULL),
(111, 32, 5, 235, 45, 10, 4, 294, 31, NULL, 2446.2, 719182.7999999999, 1, '2026-04-24 16:35:50', '2026-04-24 16:35:50', 0, 0, NULL, 1, NULL),
(112, 32, 6, 91, 50, 8, 71, 220, 29, NULL, 2446.2, 538164.0, 1, '2026-04-24 16:35:50', '2026-04-24 16:35:50', 0, 0, NULL, 1, NULL),
(113, 33, 1, 116, 16, 13, 49, 194, 77, NULL, 2473.7999999999997, 479917.19999999995, 1, '2026-04-24 16:35:50', '2026-04-24 16:35:50', 0, 0, NULL, 1, NULL),
(114, 33, 3, 8, 24, 21, 15, 68, 88, NULL, 2473.7999999999997, 168218.4, 1, '2026-04-24 16:35:50', '2026-04-24 16:35:50', 0, 0, NULL, 1, NULL),
(115, 33, 4, 368, 39, 2, 96, 505, 94, NULL, 2473.7999999999997, 1249268.9999999998, 1, '2026-04-24 16:35:50', '2026-04-24 16:35:50', 0, 0, NULL, 1, NULL),
(116, 33, 5, 434, 4, 11, 64, 513, 33, NULL, 2473.7999999999997, 1269059.4, 1, '2026-04-24 16:35:50', '2026-04-24 16:35:50', 0, 0, NULL, 1, NULL),
(117, 33, 6, 351, 19, 19, 11, 400, 56, NULL, 2473.7999999999997, 989519.9999999999, 1, '2026-04-24 16:35:50', '2026-04-24 16:35:50', 0, 0, NULL, 1, NULL),
(118, 34, 2, 202, 42, 0, 60, 304, 40, NULL, 2539.7999999999997, 772099.2, 1, '2026-04-24 16:35:50', '2026-04-24 16:35:50', 0, 0, NULL, 1, NULL),
(119, 34, 3, 69, 47, 12, 69, 197, 57, NULL, 2539.7999999999997, 500340.5999999999, 1, '2026-04-24 16:35:50', '2026-04-24 16:35:50', 0, 0, NULL, 1, NULL),
(120, 34, 5, 346, 50, 27, 93, 516, 67, NULL, 2539.7999999999997, 1310536.7999999998, 1, '2026-04-24 16:35:50', '2026-04-24 16:35:50', 0, 0, NULL, 1, NULL),
(121, 35, 1, 447, 35, 4, 15, 501, 25, NULL, 2542.7999999999997, 1273942.7999999998, 1, '2026-04-24 16:35:50', '2026-04-24 16:35:50', 0, 0, NULL, 1, NULL),
(122, 35, 2, 305, 25, 17, 70, 417, 30, NULL, 2542.7999999999997, 1060347.5999999999, 1, '2026-04-24 16:35:50', '2026-04-24 16:35:50', 0, 0, NULL, 1, NULL),
(123, 35, 3, 383, 47, 28, 92, 550, 64, NULL, 2542.7999999999997, 1398539.9999999998, 1, '2026-04-24 16:35:50', '2026-04-24 16:35:50', 0, 0, NULL, 1, NULL),
(124, 35, 4, 463, 41, 27, 65, 596, 38, NULL, 2542.7999999999997, 1515508.7999999998, 1, '2026-04-24 16:35:50', '2026-04-24 16:35:50', 0, 0, NULL, 1, NULL),
(125, 35, 5, 113, 39, 26, 32, 210, 44, NULL, 2542.7999999999997, 533988.0, 1, '2026-04-24 16:35:50', '2026-04-24 16:35:50', 0, 0, NULL, 1, NULL),
(126, 35, 6, 343, 36, 27, 6, 412, 90, NULL, 2542.7999999999997, 1047633.5999999999, 1, '2026-04-24 16:35:50', '2026-04-24 16:35:50', 0, 0, NULL, 1, NULL),
(127, 36, 1, 281, 4, 9, 85, 379, 28, NULL, 2567.4, 973044.6, 1, '2026-04-24 16:35:50', '2026-04-24 16:35:50', 0, 0, NULL, 1, NULL),
(128, 36, 2, 101, 46, 18, 62, 227, 62, NULL, 2567.4, 582799.8, 1, '2026-04-24 16:35:50', '2026-04-24 16:35:50', 0, 0, NULL, 1, NULL),
(129, 36, 3, 343, 41, 7, 12, 403, 56, NULL, 2567.4, 1034662.2000000001, 1, '2026-04-24 16:35:50', '2026-04-24 16:35:50', 0, 0, NULL, 1, NULL),
(130, 36, 6, 230, 21, 19, 84, 354, 59, NULL, 2567.4, 908859.6, 1, '2026-04-24 16:35:50', '2026-04-24 16:35:50', 0, 0, NULL, 1, NULL),
(131, 37, 2, 290, 23, 25, 40, 378, 74, NULL, 9001.199999999999, 3402453.5999999996, 1, '2026-04-24 16:35:50', '2026-04-24 16:35:50', 0, 0, NULL, 1, NULL),
(132, 37, 3, 160, 15, 25, 28, 228, 75, NULL, 9001.199999999999, 2052273.5999999999, 1, '2026-04-24 16:35:50', '2026-04-24 16:35:50', 0, 0, NULL, 1, NULL),
(133, 37, 4, 184, 8, 21, 93, 306, 62, NULL, 9001.199999999999, 2754367.1999999997, 1, '2026-04-24 16:35:50', '2026-04-24 16:35:50', 0, 0, NULL, 1, NULL),
(134, 37, 6, 183, 49, 9, 62, 303, 90, NULL, 9001.199999999999, 2727363.5999999996, 1, '2026-04-24 16:35:50', '2026-04-24 16:35:50', 0, 0, NULL, 1, NULL),
(135, 38, 1, 330, 38, 2, 35, 405, 37, NULL, 9046.8, 3663953.9999999995, 1, '2026-04-24 16:35:50', '2026-04-24 16:35:50', 0, 0, NULL, 1, NULL),
(136, 38, 3, 375, 40, 2, 93, 510, 29, NULL, 9046.8, 4613868.0, 1, '2026-04-24 16:35:50', '2026-04-24 16:35:50', 0, 0, NULL, 1, NULL),
(137, 39, 2, 393, 37, 6, 4, 440, 90, NULL, 9034.199999999999, 3975047.9999999995, 1, '2026-04-24 16:35:50', '2026-04-24 16:35:50', 0, 0, NULL, 1, NULL),
(138, 39, 3, 457, 34, 15, 83, 589, 39, NULL, 9034.199999999999, 5321143.8, 1, '2026-04-24 16:35:50', '2026-04-24 16:35:50', 0, 0, NULL, 1, NULL),
(139, 39, 4, 114, 49, 18, 93, 274, 57, NULL, 9034.199999999999, 2475370.8, 1, '2026-04-24 16:35:50', '2026-04-24 16:35:50', 0, 0, NULL, 1, NULL),
(140, 39, 5, 256, 32, 2, 50, 340, 66, NULL, 9034.199999999999, 3071627.9999999995, 1, '2026-04-24 16:35:50', '2026-04-24 16:35:50', 0, 0, NULL, 1, NULL),
(141, 39, 6, 339, 15, 27, 78, 459, 41, NULL, 9034.199999999999, 4146697.7999999993, 1, '2026-04-24 16:35:50', '2026-04-24 16:35:50', 0, 0, NULL, 1, NULL),
(142, 40, 2, 81, 11, 18, 72, 182, 38, NULL, 769.1999999999999, 139994.4, 1, '2026-04-24 16:35:50', '2026-04-24 16:35:50', 0, 0, NULL, 1, NULL),
(143, 40, 4, 183, 2, 7, 97, 289, 82, NULL, 769.1999999999999, 222298.8, 1, '2026-04-24 16:35:50', '2026-04-24 16:35:50', 0, 0, NULL, 1, NULL),
(144, 40, 5, 135, 23, 7, 5, 170, 46, NULL, 769.1999999999999, 130763.99999999999, 1, '2026-04-24 16:35:50', '2026-04-24 16:35:50', 0, 0, NULL, 1, NULL),
(145, 40, 6, 405, 23, 12, 60, 500, 78, NULL, 769.1999999999999, 384599.99999999994, 1, '2026-04-24 16:35:50', '2026-04-24 16:35:50', 0, 0, NULL, 1, NULL),
(146, 41, 2, 332, 20, 3, 90, 445, 86, NULL, 857.4, 381543.0, 1, '2026-04-24 16:35:50', '2026-04-24 16:35:50', 0, 0, NULL, 1, NULL),
(147, 41, 4, 379, 16, 18, 69, 482, 92, NULL, 857.4, 413266.8, 1, '2026-04-24 16:35:50', '2026-04-24 16:35:50', 0, 0, NULL, 1, NULL),
(148, 41, 5, 334, 24, 11, 75, 444, 29, NULL, 857.4, 380685.6, 1, '2026-04-24 16:35:50', '2026-04-24 16:35:50', 0, 0, NULL, 1, NULL),
(149, 41, 6, 192, 14, 16, 51, 273, 65, NULL, 857.4, 234070.19999999998, 1, '2026-04-24 16:35:50', '2026-04-24 16:35:50', 0, 0, NULL, 1, NULL),
(150, 42, 2, 405, 30, 28, 77, 540, 20, NULL, 63.599999999999994, 34344.0, 1, '2026-04-24 16:35:50', '2026-04-24 16:35:50', 0, 0, NULL, 1, NULL),
(151, 42, 3, 71, 28, 5, 29, 133, 29, NULL, 63.599999999999994, 8458.8, 1, '2026-04-24 16:35:50', '2026-04-24 16:35:50', 0, 0, NULL, 1, NULL),
(152, 42, 4, 143, 13, 4, 23, 183, 40, NULL, 63.599999999999994, 11638.8, 1, '2026-04-24 16:35:50', '2026-04-24 16:35:50', 0, 0, NULL, 1, NULL),
(153, 42, 5, 367, 7, 21, 29, 424, 73, NULL, 63.599999999999994, 26966.399999999998, 1, '2026-04-24 16:35:50', '2026-04-24 16:35:50', 0, 0, NULL, 1, NULL),
(154, 43, 2, 245, 30, 6, 75, 356, 40, NULL, 60.599999999999994, 21573.6, 1, '2026-04-24 16:35:50', '2026-04-24 16:35:50', 0, 0, NULL, 1, NULL),
(155, 43, 4, 124, 2, 4, 73, 203, 95, NULL, 60.599999999999994, 12301.8, 1, '2026-04-24 16:35:50', '2026-04-24 16:35:50', 0, 0, NULL, 1, NULL),
(156, 43, 5, 322, 32, 1, 73, 428, 38, NULL, 60.599999999999994, 25936.8, 1, '2026-04-24 16:35:50', '2026-04-24 16:35:50', 0, 0, NULL, 1, NULL),
(157, 43, 6, 132, 11, 16, 51, 210, 96, NULL, 60.599999999999994, 12725.999999999998, 1, '2026-04-24 16:35:50', '2026-04-24 16:35:50', 0, 0, NULL, 1, NULL),
(158, 45, 1, 310, 30, 27, 61, 428, 41, NULL, 44.4, 19003.2, 1, '2026-04-24 16:35:50', '2026-04-24 16:35:50', 0, 0, NULL, 1, NULL),
(159, 45, 2, 210, 38, 4, 74, 326, 43, NULL, 44.4, 14474.4, 1, '2026-04-24 16:35:50', '2026-04-24 16:35:50', 0, 0, NULL, 1, NULL),
(160, 45, 4, 85, 46, 21, 43, 195, 78, NULL, 44.4, 8658.0, 1, '2026-04-24 16:35:50', '2026-04-24 16:35:50', 0, 0, NULL, 1, NULL),
(161, 45, 5, 35, 14, 12, 49, 110, 36, NULL, 44.4, 4884.0, 1, '2026-04-24 16:35:50', '2026-04-24 16:35:50', 0, 0, NULL, 1, NULL),
(162, 45, 6, 103, 33, 27, 64, 227, 73, NULL, 44.4, 10078.8, 1, '2026-04-24 16:35:50', '2026-04-24 16:35:50', 0, 0, NULL, 1, NULL),
(163, 46, 3, 461, 39, 19, 4, 523, 88, NULL, 45.6, 23848.8, 1, '2026-04-24 16:35:50', '2026-04-24 16:35:50', 0, 0, NULL, 1, NULL),
(164, 46, 4, 60, 5, 15, 84, 164, 36, NULL, 45.6, 7478.400000000001, 1, '2026-04-24 16:35:50', '2026-04-24 16:35:50', 0, 0, NULL, 1, NULL),
(165, 46, 6, 0, 49, 21, 83, 153, 75, NULL, 45.6, 6976.8, 1, '2026-04-24 16:35:50', '2026-04-24 16:35:50', 0, 0, NULL, 1, NULL),
(166, 47, 1, 189, 2, 22, 67, 280, 74, NULL, 31.799999999999997, 8904.0, 1, '2026-04-24 16:35:50', '2026-04-24 16:35:50', 0, 0, NULL, 1, NULL),
(167, 47, 2, 410, 30, 25, 98, 563, 68, NULL, 31.799999999999997, 17903.399999999998, 1, '2026-04-24 16:35:50', '2026-04-24 16:35:50', 0, 0, NULL, 1, NULL),
(168, 47, 3, 411, 47, 29, 97, 584, 93, NULL, 31.799999999999997, 18571.199999999997, 1, '2026-04-24 16:35:50', '2026-04-24 16:35:50', 0, 0, NULL, 1, NULL),
(169, 47, 4, 68, 16, 15, 98, 197, 49, NULL, 31.799999999999997, 6264.599999999999, 1, '2026-04-24 16:35:50', '2026-04-24 16:35:50', 0, 0, NULL, 1, NULL),
(170, 47, 6, 306, 34, 13, 32, 385, 44, NULL, 31.799999999999997, 12242.999999999998, 1, '2026-04-24 16:35:50', '2026-04-24 16:35:50', 0, 0, NULL, 1, NULL),
(171, 48, 1, 380, 50, 0, 73, 503, 86, NULL, 39.0, 19617.0, 1, '2026-04-24 16:35:50', '2026-04-24 16:35:50', 0, 0, NULL, 1, NULL),
(172, 48, 2, 3, 24, 20, 26, 73, 60, NULL, 39.0, 2847.0, 1, '2026-04-24 16:35:50', '2026-04-24 16:35:50', 0, 0, NULL, 1, NULL),
(173, 48, 3, 54, 9, 13, 83, 159, 94, NULL, 39.0, 6201.0, 1, '2026-04-24 16:35:50', '2026-04-24 16:35:50', 0, 0, NULL, 1, NULL),
(174, 48, 4, 437, 34, 13, 72, 556, 66, NULL, 39.0, 21684.0, 1, '2026-04-24 16:35:50', '2026-04-24 16:35:50', 0, 0, NULL, 1, NULL),
(175, 49, 1, 104, 26, 17, 100, 247, 91, NULL, 31.2, 7706.4, 1, '2026-04-24 16:35:50', '2026-04-24 16:35:50', 0, 0, NULL, 1, NULL),
(176, 49, 2, 189, 35, 17, 61, 302, 52, NULL, 31.2, 9422.4, 1, '2026-04-24 16:35:50', '2026-04-24 16:35:50', 0, 0, NULL, 1, NULL),
(177, 49, 4, 396, 45, 12, 94, 547, 37, NULL, 31.2, 17066.399999999998, 1, '2026-04-24 16:35:50', '2026-04-24 16:35:50', 0, 0, NULL, 1, NULL),
(178, 50, 2, 358, 10, 3, 27, 398, 85, NULL, 32.4, 12895.199999999999, 1, '2026-04-24 16:35:50', '2026-04-24 16:35:50', 0, 0, NULL, 1, NULL),
(179, 50, 3, 173, 35, 19, 89, 316, 26, NULL, 32.4, 10238.4, 1, '2026-04-24 16:35:50', '2026-04-24 16:35:50', 0, 0, NULL, 1, NULL),
(180, 50, 4, 493, 40, 0, 11, 544, 38, NULL, 32.4, 17625.6, 1, '2026-04-24 16:35:50', '2026-04-24 16:35:50', 0, 0, NULL, 1, NULL),
(181, 50, 5, 307, 27, 2, 8, 344, 53, NULL, 32.4, 11145.6, 1, '2026-04-24 16:35:50', '2026-04-24 16:35:50', 0, 0, NULL, 1, NULL),
(182, 50, 6, 40, 38, 1, 92, 171, 69, NULL, 32.4, 5540.4, 1, '2026-04-24 16:35:50', '2026-04-24 16:35:50', 0, 0, NULL, 1, NULL),
(183, 51, 2, 335, 33, 9, 91, 468, 96, NULL, 30.599999999999998, 14320.8, 1, '2026-04-24 16:35:50', '2026-04-24 16:35:50', 0, 0, NULL, 1, NULL),
(184, 51, 3, 396, 11, 20, 63, 490, 76, NULL, 30.599999999999998, 14993.999999999998, 1, '2026-04-24 16:35:50', '2026-04-24 16:35:50', 0, 0, NULL, 1, NULL),
(185, 51, 4, 435, 42, 29, 66, 572, 56, NULL, 30.599999999999998, 17503.199999999997, 1, '2026-04-24 16:35:50', '2026-04-24 16:35:50', 0, 0, NULL, 1, NULL),
(186, 51, 5, 401, 38, 16, 66, 521, 49, NULL, 30.599999999999998, 15942.599999999999, 1, '2026-04-24 16:35:50', '2026-04-24 16:35:50', 0, 0, NULL, 1, NULL),
(187, 52, 2, 335, 0, 5, 11, 351, 55, NULL, 32.4, 11372.4, 1, '2026-04-24 16:35:50', '2026-04-24 16:35:50', 0, 0, NULL, 1, NULL),
(188, 52, 4, 202, 25, 18, 25, 270, 86, NULL, 32.4, 8748.0, 1, '2026-04-24 16:35:50', '2026-04-24 16:35:50', 0, 0, NULL, 1, NULL),
(189, 52, 5, 360, 4, 29, 11, 404, 90, NULL, 32.4, 13089.599999999999, 1, '2026-04-24 16:35:50', '2026-04-24 16:35:50', 0, 0, NULL, 1, NULL),
(190, 52, 6, 424, 35, 29, 74, 562, 64, NULL, 32.4, 18208.8, 1, '2026-04-24 16:35:50', '2026-04-24 16:35:50', 0, 0, NULL, 1, NULL),
(191, 53, 1, 417, 17, 7, 77, 518, 44, NULL, 30.599999999999998, 15850.8, 1, '2026-04-24 16:35:50', '2026-04-24 16:35:50', 0, 0, NULL, 1, NULL),
(192, 53, 2, 206, 36, 0, 33, 275, 42, NULL, 30.599999999999998, 8415.0, 1, '2026-04-24 16:35:50', '2026-04-24 16:35:50', 0, 0, NULL, 1, NULL),
(193, 53, 3, 54, 35, 2, 64, 155, 57, NULL, 30.599999999999998, 4743.0, 1, '2026-04-24 16:35:50', '2026-04-24 16:35:50', 0, 0, NULL, 1, NULL),
(194, 53, 4, 59, 32, 30, 32, 153, 88, NULL, 30.599999999999998, 4681.799999999999, 1, '2026-04-24 16:35:50', '2026-04-24 16:35:50', 0, 0, NULL, 1, NULL),
(195, 53, 6, 355, 28, 30, 48, 461, 92, NULL, 30.599999999999998, 14106.599999999999, 1, '2026-04-24 16:35:50', '2026-04-24 16:35:50', 0, 0, NULL, 1, NULL),
(196, 54, 1, 124, 48, 10, 99, 281, 78, NULL, 540.0, 151740.0, 1, '2026-04-24 16:35:50', '2026-04-24 16:35:50', 0, 0, NULL, 1, NULL),
(197, 54, 5, 132, 4, 12, 81, 229, 48, NULL, 540.0, 123660.0, 1, '2026-04-24 16:35:50', '2026-04-24 16:35:50', 0, 0, NULL, 1, NULL),
(198, 55, 1, 161, 26, 30, 45, 262, 86, NULL, 549.6, 143995.2, 1, '2026-04-24 16:35:50', '2026-04-24 16:35:50', 0, 0, NULL, 1, NULL),
(199, 55, 2, 358, 16, 7, 36, 417, 31, NULL, 549.6, 229183.2, 1, '2026-04-24 16:35:50', '2026-04-24 16:35:50', 0, 0, NULL, 1, NULL),
(200, 55, 3, 383, 21, 2, 70, 476, 42, NULL, 549.6, 261609.6, 1, '2026-04-24 16:35:50', '2026-04-24 16:35:50', 0, 0, NULL, 1, NULL),
(201, 55, 4, 181, 13, 28, 73, 295, 54, NULL, 549.6, 162132.0, 1, '2026-04-24 16:35:50', '2026-04-24 16:35:50', 0, 0, NULL, 1, NULL),
(202, 55, 5, 382, 43, 29, 24, 478, 83, NULL, 549.6, 262708.8, 1, '2026-04-24 16:35:50', '2026-04-24 16:35:50', 0, 0, NULL, 1, NULL),
(203, 56, 1, 123, 16, 6, 29, 174, 45, NULL, 537.6, 93542.40000000001, 1, '2026-04-24 16:35:50', '2026-04-24 16:35:50', 0, 0, NULL, 1, NULL),
(204, 56, 4, 398, 6, 3, 10, 417, 83, NULL, 537.6, 224179.2, 1, '2026-04-24 16:35:50', '2026-04-24 16:35:50', 0, 0, NULL, 1, NULL),
(205, 57, 1, 21, 30, 11, 79, 141, 60, NULL, 549.6, 77493.6, 1, '2026-04-24 16:35:50', '2026-04-24 16:35:50', 0, 0, NULL, 1, NULL),
(206, 57, 2, 451, 36, 27, 35, 549, 82, NULL, 549.6, 301730.4, 1, '2026-04-24 16:35:50', '2026-04-24 16:35:50', 0, 0, NULL, 1, NULL),
(207, 57, 3, 391, 32, 8, 50, 481, 48, NULL, 549.6, 264357.60000000003, 1, '2026-04-24 16:35:50', '2026-04-24 16:35:50', 0, 0, NULL, 1, NULL),
(208, 57, 5, 269, 27, 15, 69, 380, 24, NULL, 549.6, 208848.0, 1, '2026-04-24 16:35:50', '2026-04-24 16:35:50', 0, 0, NULL, 1, NULL),
(209, 57, 6, 201, 43, 24, 22, 290, 78, NULL, 549.6, 159384.0, 1, '2026-04-24 16:35:50', '2026-04-24 16:35:50', 0, 0, NULL, 1, NULL),
(210, 58, 3, 352, 0, 0, 86, 438, 46, NULL, 540.6, 236782.80000000002, 1, '2026-04-24 16:35:50', '2026-04-24 16:35:50', 0, 0, NULL, 1, NULL),
(211, 58, 4, 51, 20, 11, 78, 160, 53, NULL, 540.6, 86496.0, 1, '2026-04-24 16:35:50', '2026-04-24 16:35:50', 0, 0, NULL, 1, NULL),
(212, 58, 5, 134, 15, 8, 60, 217, 98, NULL, 540.6, 117310.20000000001, 1, '2026-04-24 16:35:50', '2026-04-24 16:35:50', 0, 0, NULL, 1, NULL),
(213, 58, 6, 94, 31, 13, 26, 164, 73, NULL, 540.6, 88658.40000000001, 1, '2026-04-24 16:35:50', '2026-04-24 16:35:50', 0, 0, NULL, 1, NULL),
(214, 59, 2, 437, 25, 8, 57, 527, 43, NULL, 556.8, 293433.6, 1, '2026-04-24 16:35:50', '2026-04-24 16:35:50', 0, 0, NULL, 1, NULL),
(215, 59, 3, 294, 43, 7, 12, 356, 54, NULL, 556.8, 198220.8, 1, '2026-04-24 16:35:50', '2026-04-24 16:35:50', 0, 0, NULL, 1, NULL),
(216, 59, 5, 438, 24, 6, 18, 486, 39, NULL, 556.8, 270604.8, 1, '2026-04-24 16:35:50', '2026-04-24 16:35:50', 0, 0, NULL, 1, NULL),
(217, 59, 6, 4, 11, 13, 63, 91, 37, NULL, 556.8, 50668.799999999996, 1, '2026-04-24 16:35:50', '2026-04-24 16:35:50', 0, 0, NULL, 1, NULL),
(218, 60, 3, 368, 20, 25, 62, 475, 58, NULL, 552.6, 262485.0, 1, '2026-04-24 16:35:50', '2026-04-24 16:35:50', 0, 0, NULL, 1, NULL),
(219, 60, 4, 439, 36, 1, 50, 526, 32, NULL, 552.6, 290667.60000000003, 1, '2026-04-24 16:35:50', '2026-04-24 16:35:50', 0, 0, NULL, 1, NULL),
(220, 60, 6, 416, 16, 15, 80, 527, 32, NULL, 552.6, 291220.2, 1, '2026-04-24 16:35:50', '2026-04-24 16:35:50', 0, 0, NULL, 1, NULL),
(221, 61, 1, 171, 16, 11, 46, 244, 91, NULL, 544.1999999999999, 132784.8, 1, '2026-04-24 16:35:50', '2026-04-24 16:35:50', 0, 0, NULL, 1, NULL),
(222, 61, 2, 414, 16, 11, 2, 443, 72, NULL, 544.1999999999999, 241080.59999999998, 1, '2026-04-24 16:35:50', '2026-04-24 16:35:50', 0, 0, NULL, 1, NULL),
(223, 61, 3, 444, 43, 30, 77, 594, 45, NULL, 544.1999999999999, 323254.8, 1, '2026-04-24 16:35:50', '2026-04-24 16:35:50', 0, 0, NULL, 1, NULL),
(224, 61, 4, 332, 41, 17, 22, 412, 56, NULL, 544.1999999999999, 224210.39999999997, 1, '2026-04-24 16:35:50', '2026-04-24 16:35:50', 0, 0, NULL, 1, NULL),
(225, 61, 5, 344, 32, 15, 99, 490, 77, NULL, 544.1999999999999, 266657.99999999994, 1, '2026-04-24 16:35:50', '2026-04-24 16:35:50', 0, 0, NULL, 1, NULL),
(226, 62, 1, 146, 29, 20, 18, 213, 41, NULL, 547.8, 116681.4, 1, '2026-04-24 16:35:50', '2026-04-24 16:35:50', 0, 0, NULL, 1, NULL),
(227, 62, 4, 313, 36, 12, 9, 370, 30, NULL, 547.8, 202685.99999999997, 1, '2026-04-24 16:35:50', '2026-04-24 16:35:50', 0, 0, NULL, 1, NULL),
(228, 62, 5, 116, 20, 10, 83, 229, 57, NULL, 547.8, 125446.19999999998, 1, '2026-04-24 16:35:50', '2026-04-24 16:35:50', 0, 0, NULL, 1, NULL),
(229, 63, 2, 454, 28, 24, 46, 552, 95, NULL, 548.4, 302716.8, 1, '2026-04-24 16:35:50', '2026-04-24 16:35:50', 0, 0, NULL, 1, NULL),
(230, 63, 3, 230, 26, 5, 23, 284, 22, NULL, 548.4, 155745.6, 1, '2026-04-24 16:35:50', '2026-04-24 16:35:50', 0, 0, NULL, 1, NULL),
(231, 63, 4, 120, 42, 8, 95, 265, 30, NULL, 548.4, 145326.0, 1, '2026-04-24 16:35:50', '2026-04-24 16:35:50', 0, 0, NULL, 1, NULL),
(232, 63, 5, 203, 6, 3, 8, 220, 80, NULL, 548.4, 120648.0, 1, '2026-04-24 16:35:50', '2026-04-24 16:35:50', 0, 0, NULL, 1, NULL),
(233, 63, 6, 13, 49, 12, 67, 141, 30, NULL, 548.4, 77324.4, 1, '2026-04-24 16:35:50', '2026-04-24 16:35:50', 0, 0, NULL, 1, NULL),
(234, 64, 1, 316, 9, 2, 83, 410, 69, NULL, 549.6, 225336.0, 1, '2026-04-24 16:35:50', '2026-04-24 16:35:50', 0, 0, NULL, 1, NULL),
(235, 64, 2, 126, 47, 9, 56, 238, 100, NULL, 549.6, 130804.8, 1, '2026-04-24 16:35:50', '2026-04-24 16:35:50', 0, 0, NULL, 1, NULL),
(236, 64, 3, 269, 10, 0, 4, 283, 65, NULL, 549.6, 155536.80000000002, 1, '2026-04-24 16:35:50', '2026-04-24 16:35:50', 0, 0, NULL, 1, NULL),
(237, 64, 5, 243, 29, 27, 69, 368, 54, NULL, 549.6, 202252.80000000002, 1, '2026-04-24 16:35:50', '2026-04-24 16:35:50', 0, 0, NULL, 1, NULL),
(238, 64, 6, 69, 44, 17, 22, 152, 95, NULL, 549.6, 83539.2, 1, '2026-04-24 16:35:50', '2026-04-24 16:35:50', 0, 0, NULL, 1, NULL),
(239, 65, 1, 323, 47, 20, 72, 462, 75, NULL, 550.1999999999999, 254192.39999999997, 1, '2026-04-24 16:35:50', '2026-04-24 16:35:50', 0, 0, NULL, 1, NULL),
(240, 65, 2, 327, 34, 9, 44, 414, 81, NULL, 550.1999999999999, 227782.79999999996, 1, '2026-04-24 16:35:50', '2026-04-24 16:35:50', 0, 0, NULL, 1, NULL),
(241, 65, 3, 412, 5, 14, 39, 470, 66, NULL, 550.1999999999999, 258593.99999999997, 1, '2026-04-24 16:35:50', '2026-04-24 16:35:50', 0, 0, NULL, 1, NULL),
(242, 65, 4, 79, 19, 0, 0, 98, 86, NULL, 550.1999999999999, 53919.59999999999, 1, '2026-04-24 16:35:50', '2026-04-24 16:35:50', 0, 0, NULL, 1, NULL),
(243, 66, 1, 240, 34, 0, 88, 362, 82, NULL, 539.4, 195262.8, 1, '2026-04-24 16:35:50', '2026-04-24 16:35:50', 0, 0, NULL, 1, NULL),
(244, 66, 3, 4, 49, 13, 37, 103, 96, NULL, 539.4, 55558.2, 1, '2026-04-24 16:35:50', '2026-04-24 16:35:50', 0, 0, NULL, 1, NULL),
(245, 66, 4, 3, 35, 11, 24, 73, 72, NULL, 539.4, 39376.2, 1, '2026-04-24 16:35:50', '2026-04-24 16:35:50', 0, 0, NULL, 1, NULL),
(246, 66, 6, 127, 10, 22, 94, 253, 69, NULL, 539.4, 136468.19999999998, 1, '2026-04-24 16:35:50', '2026-04-24 16:35:50', 0, 0, NULL, 1, NULL),
(247, 67, 2, 40, 27, 20, 30, 117, 86, NULL, 557.4, 65215.799999999996, 1, '2026-04-24 16:35:50', '2026-04-24 16:35:50', 0, 0, NULL, 1, NULL),
(248, 68, 1, 380, 34, 25, 34, 473, 72, NULL, 544.8, 257690.39999999997, 1, '2026-04-24 16:35:50', '2026-04-24 16:35:50', 0, 0, NULL, 1, NULL),
(249, 68, 2, 35, 11, 4, 37, 87, 34, NULL, 544.8, 47397.6, 1, '2026-04-24 16:35:50', '2026-04-24 16:35:50', 0, 0, NULL, 1, NULL),
(250, 68, 5, 318, 31, 6, 41, 396, 22, NULL, 544.8, 215740.8, 1, '2026-04-24 16:35:50', '2026-04-24 16:35:50', 0, 0, NULL, 1, NULL),
(251, 68, 6, 496, 34, 0, 23, 553, 33, NULL, 544.8, 301274.39999999997, 1, '2026-04-24 16:35:50', '2026-04-24 16:35:50', 0, 0, NULL, 1, NULL),
(252, 69, 1, 64, 45, 14, 93, 216, 21, NULL, 542.4, 117158.4, 1, '2026-04-24 16:35:50', '2026-04-24 16:35:50', 0, 0, NULL, 1, NULL),
(253, 69, 2, 77, 0, 15, 27, 119, 63, NULL, 542.4, 64545.6, 1, '2026-04-24 16:35:50', '2026-04-24 16:35:50', 0, 0, NULL, 1, NULL),
(254, 69, 3, 402, 31, 11, 59, 503, 24, NULL, 542.4, 272827.2, 1, '2026-04-24 16:35:50', '2026-04-24 16:35:50', 0, 0, NULL, 1, NULL),
(255, 69, 4, 431, 48, 30, 18, 527, 27, NULL, 542.4, 285844.8, 1, '2026-04-24 16:35:50', '2026-04-24 16:35:50', 0, 0, NULL, 1, NULL),
(256, 69, 5, 200, 4, 17, 60, 281, 43, NULL, 542.4, 152414.4, 1, '2026-04-24 16:35:50', '2026-04-24 16:35:50', 0, 0, NULL, 1, NULL),
(257, 69, 6, 430, 16, 26, 48, 520, 21, NULL, 542.4, 282048.0, 1, '2026-04-24 16:35:50', '2026-04-24 16:35:50', 0, 0, NULL, 1, NULL),
(258, 70, 1, 393, 45, 7, 49, 494, 76, NULL, 557.4, 275355.6, 1, '2026-04-24 16:35:50', '2026-04-24 16:35:50', 0, 0, NULL, 1, NULL),
(259, 70, 2, 17, 12, 14, 94, 137, 32, NULL, 557.4, 76363.8, 1, '2026-04-24 16:35:50', '2026-04-24 16:35:50', 0, 0, NULL, 1, NULL),
(260, 70, 3, 106, 30, 12, 87, 235, 59, NULL, 557.4, 130989.0, 1, '2026-04-24 16:35:50', '2026-04-24 16:35:50', 0, 0, NULL, 1, NULL),
(261, 70, 5, 372, 2, 23, 70, 467, 86, NULL, 557.4, 260305.8, 1, '2026-04-24 16:35:50', '2026-04-24 16:35:50', 0, 0, NULL, 1, NULL),
(262, 70, 6, 246, 40, 9, 25, 320, 66, NULL, 557.4, 178368.0, 1, '2026-04-24 16:35:50', '2026-04-24 16:35:50', 0, 0, NULL, 1, NULL),
(263, 71, 3, 57, 15, 20, 55, 147, 61, NULL, 548.4, 80614.8, 1, '2026-04-24 16:35:50', '2026-04-24 16:35:50', 0, 0, NULL, 1, NULL),
(264, 71, 4, 406, 17, 18, 15, 456, 70, NULL, 548.4, 250070.4, 1, '2026-04-24 16:35:50', '2026-04-24 16:35:50', 0, 0, NULL, 1, NULL),
(265, 71, 6, 21, 37, 25, 88, 171, 80, NULL, 548.4, 93776.4, 1, '2026-04-24 16:35:50', '2026-04-24 16:35:50', 0, 0, NULL, 1, NULL),
(266, 72, 2, 394, 5, 7, 20, 426, 83, NULL, 57.0, 24282.0, 1, '2026-04-24 16:35:50', '2026-04-24 16:35:50', 0, 0, NULL, 1, NULL),
(267, 72, 3, 316, 21, 29, 97, 463, 100, NULL, 57.0, 26391.0, 1, '2026-04-24 16:35:50', '2026-04-24 16:35:50', 0, 0, NULL, 1, NULL),
(268, 72, 4, 182, 41, 4, 89, 316, 88, NULL, 57.0, 18012.0, 1, '2026-04-24 16:35:50', '2026-04-24 16:35:50', 0, 0, NULL, 1, NULL),
(269, 72, 6, 119, 20, 17, 100, 256, 64, NULL, 57.0, 14592.0, 1, '2026-04-24 16:35:50', '2026-04-24 16:35:50', 0, 0, NULL, 1, NULL),
(270, 73, 2, 98, 1, 22, 48, 169, 65, NULL, 70.8, 11965.199999999999, 1, '2026-04-24 16:35:50', '2026-04-24 16:35:50', 0, 0, NULL, 1, NULL),
(271, 73, 4, 20, 31, 22, 56, 129, 91, NULL, 70.8, 9133.199999999999, 1, '2026-04-24 16:35:50', '2026-04-24 16:35:50', 0, 0, NULL, 1, NULL),
(272, 73, 5, 356, 31, 6, 72, 465, 43, NULL, 70.8, 32922.0, 1, '2026-04-24 16:35:50', '2026-04-24 16:35:50', 0, 0, NULL, 1, NULL),
(273, 73, 6, 165, 46, 14, 35, 260, 96, NULL, 70.8, 18408.0, 1, '2026-04-24 16:35:50', '2026-04-24 16:35:50', 0, 0, NULL, 1, NULL),
(274, 74, 2, 35, 33, 4, 57, 129, 57, NULL, 58.199999999999996, 7507.799999999999, 1, '2026-04-24 16:35:50', '2026-04-24 16:35:50', 0, 0, NULL, 1, NULL),
(275, 74, 4, 232, 0, 24, 81, 337, 84, NULL, 58.199999999999996, 19613.399999999998, 1, '2026-04-24 16:35:50', '2026-04-24 16:35:50', 0, 0, NULL, 1, NULL),
(276, 74, 5, 94, 1, 19, 46, 160, 99, NULL, 58.199999999999996, 9312.0, 1, '2026-04-24 16:35:50', '2026-04-24 16:35:50', 0, 0, NULL, 1, NULL),
(277, 74, 6, 369, 4, 21, 68, 462, 69, NULL, 58.199999999999996, 26888.399999999998, 1, '2026-04-24 16:35:50', '2026-04-24 16:35:50', 0, 0, NULL, 1, NULL),
(278, 75, 1, 349, 31, 24, 70, 474, 39, NULL, 65.39999999999999, 30999.599999999995, 1, '2026-04-24 16:35:50', '2026-04-24 16:35:50', 0, 0, NULL, 1, NULL),
(279, 75, 3, 328, 20, 3, 12, 363, 86, NULL, 65.39999999999999, 23740.199999999997, 1, '2026-04-24 16:35:50', '2026-04-24 16:35:50', 0, 0, NULL, 1, NULL),
(280, 75, 5, 480, 8, 5, 4, 497, 45, NULL, 65.39999999999999, 32503.799999999996, 1, '2026-04-24 16:35:50', '2026-04-24 16:35:50', 0, 0, NULL, 1, NULL),
(281, 75, 6, 98, 6, 1, 73, 178, 69, NULL, 65.39999999999999, 11641.199999999999, 1, '2026-04-24 16:35:50', '2026-04-24 16:35:50', 0, 0, NULL, 1, NULL),
(282, 76, 2, 359, 37, 8, 6, 410, 66, NULL, 74.39999999999999, 30503.999999999996, 1, '2026-04-24 16:35:50', '2026-04-24 16:35:50', 0, 0, NULL, 1, NULL),
(283, 76, 3, 367, 4, 0, 26, 397, 82, NULL, 74.39999999999999, 29536.799999999996, 1, '2026-04-24 16:35:50', '2026-04-24 16:35:50', 0, 0, NULL, 1, NULL),
(284, 76, 6, 327, 3, 11, 71, 412, 73, NULL, 74.39999999999999, 30652.799999999996, 1, '2026-04-24 16:35:50', '2026-04-24 16:35:50', 0, 0, NULL, 1, NULL),
(285, 77, 3, 315, 17, 16, 5, 353, 29, NULL, 62.4, 22027.2, 1, '2026-04-24 16:35:50', '2026-04-24 16:35:50', 0, 0, NULL, 1, NULL),
(286, 77, 5, 110, 33, 3, 12, 158, 49, NULL, 62.4, 9859.199999999999, 1, '2026-04-24 16:35:50', '2026-04-24 16:35:50', 0, 0, NULL, 1, NULL),
(287, 77, 6, 97, 12, 16, 84, 209, 51, NULL, 62.4, 13041.6, 1, '2026-04-24 16:35:50', '2026-04-24 16:35:50', 0, 0, NULL, 1, NULL),
(288, 78, 1, 485, 11, 17, 95, 608, 91, NULL, 62.4, 37939.2, 1, '2026-04-24 16:35:50', '2026-04-24 16:35:50', 0, 0, NULL, 1, NULL),
(289, 78, 2, 54, 49, 20, 73, 196, 65, NULL, 62.4, 12230.4, 1, '2026-04-24 16:35:50', '2026-04-24 16:35:50', 0, 0, NULL, 1, NULL),
(290, 78, 5, 53, 10, 25, 23, 111, 90, NULL, 62.4, 6926.4, 1, '2026-04-24 16:35:50', '2026-04-24 16:35:50', 0, 0, NULL, 1, NULL),
(291, 78, 6, 172, 42, 5, 68, 287, 96, NULL, 62.4, 17908.8, 1, '2026-04-24 16:35:50', '2026-04-24 16:35:50', 0, 0, NULL, 1, NULL),
(292, 79, 1, 180, 20, 17, 41, 258, 67, NULL, 62.4, 16099.199999999999, 1, '2026-04-24 16:35:50', '2026-04-24 16:35:50', 0, 0, NULL, 1, NULL),
(293, 79, 2, 324, 27, 26, 92, 469, 61, NULL, 62.4, 29265.6, 1, '2026-04-24 16:35:50', '2026-04-24 16:35:50', 0, 0, NULL, 1, NULL),
(294, 79, 4, 109, 24, 24, 70, 227, 52, NULL, 62.4, 14164.8, 1, '2026-04-24 16:35:50', '2026-04-24 16:35:50', 0, 0, NULL, 1, NULL),
(295, 79, 5, 231, 28, 30, 50, 339, 20, NULL, 62.4, 21153.6, 1, '2026-04-24 16:35:50', '2026-04-24 16:35:50', 0, 0, NULL, 1, NULL),
(296, 80, 2, 265, 8, 28, 38, 339, 20, NULL, 58.199999999999996, 19729.8, 1, '2026-04-24 16:35:50', '2026-04-24 16:35:50', 0, 0, NULL, 1, NULL),
(297, 80, 3, 113, 13, 27, 40, 193, 22, NULL, 58.199999999999996, 11232.599999999999, 1, '2026-04-24 16:35:50', '2026-04-24 16:35:50', 0, 0, NULL, 1, NULL),
(298, 81, 2, 292, 36, 4, 12, 344, 24, NULL, 61.199999999999996, 21052.8, 1, '2026-04-24 16:35:50', '2026-04-24 16:35:50', 0, 0, NULL, 1, NULL),
(299, 81, 3, 79, 8, 8, 46, 141, 94, NULL, 61.199999999999996, 8629.199999999999, 1, '2026-04-24 16:35:50', '2026-04-24 16:35:50', 0, 0, NULL, 1, NULL),
(300, 81, 4, 131, 19, 2, 73, 225, 71, NULL, 61.199999999999996, 13769.999999999998, 1, '2026-04-24 16:35:50', '2026-04-24 16:35:50', 0, 0, NULL, 1, NULL),
(301, 81, 5, 111, 46, 2, 92, 251, 61, NULL, 61.199999999999996, 15361.199999999999, 1, '2026-04-24 16:35:50', '2026-04-24 16:35:50', 0, 0, NULL, 1, NULL),
(302, 82, 1, 422, 44, 22, 73, 561, 32, NULL, 70.8, 39718.799999999996, 1, '2026-04-24 16:35:50', '2026-04-24 16:35:50', 0, 0, NULL, 1, NULL),
(303, 82, 2, 153, 2, 23, 73, 251, 68, NULL, 70.8, 17770.8, 1, '2026-04-24 16:35:50', '2026-04-24 16:35:50', 0, 0, NULL, 1, NULL),
(304, 82, 3, 28, 49, 10, 44, 131, 75, NULL, 70.8, 9274.8, 1, '2026-04-24 16:35:50', '2026-04-24 16:35:50', 0, 0, NULL, 1, NULL),
(305, 82, 4, 444, 7, 27, 98, 576, 49, NULL, 70.8, 40780.799999999996, 1, '2026-04-24 16:35:50', '2026-04-24 16:35:50', 0, 0, NULL, 1, NULL),
(306, 83, 4, 268, 2, 10, 69, 349, 92, NULL, 75.6, 26384.399999999998, 1, '2026-04-24 16:35:50', '2026-04-24 16:35:50', 0, 0, NULL, 1, NULL),
(307, 83, 5, 257, 44, 7, 19, 327, 26, NULL, 75.6, 24721.199999999997, 1, '2026-04-24 16:35:50', '2026-04-24 16:35:50', 0, 0, NULL, 1, NULL),
(308, 84, 4, 46, 14, 13, 37, 110, 70, NULL, 40.199999999999996, 4421.999999999999, 1, '2026-04-24 16:35:50', '2026-04-24 16:35:50', 0, 0, NULL, 1, NULL),
(309, 84, 5, 172, 5, 15, 73, 265, 26, NULL, 40.199999999999996, 10652.999999999998, 1, '2026-04-24 16:35:50', '2026-04-24 16:35:50', 0, 0, NULL, 1, NULL),
(310, 84, 6, 134, 5, 12, 64, 215, 75, NULL, 40.199999999999996, 8642.999999999998, 1, '2026-04-24 16:35:50', '2026-04-24 16:35:50', 0, 0, NULL, 1, NULL),
(311, 85, 2, 69, 30, 17, 25, 141, 82, NULL, 54.0, 7614.0, 1, '2026-04-24 16:35:50', '2026-04-24 16:35:50', 0, 0, NULL, 1, NULL),
(312, 85, 3, 292, 12, 17, 78, 399, 87, NULL, 54.0, 21546.0, 1, '2026-04-24 16:35:50', '2026-04-24 16:35:50', 0, 0, NULL, 1, NULL),
(313, 85, 4, 36, 17, 24, 55, 132, 61, NULL, 54.0, 7128.0, 1, '2026-04-24 16:35:50', '2026-04-24 16:35:50', 0, 0, NULL, 1, NULL),
(314, 85, 6, 57, 42, 13, 54, 166, 66, NULL, 54.0, 8964.0, 1, '2026-04-24 16:35:50', '2026-04-24 16:35:50', 0, 0, NULL, 1, NULL),
(315, 86, 1, 164, 22, 19, 83, 288, 23, NULL, 3003.6, 865036.7999999999, 1, '2026-04-24 16:35:50', '2026-04-24 16:35:50', 0, 0, NULL, 1, NULL),
(316, 86, 3, 179, 39, 26, 56, 300, 99, NULL, 3003.6, 901080.0, 1, '2026-04-24 16:35:50', '2026-04-24 16:35:50', 0, 0, NULL, 1, NULL),
(317, 86, 4, 22, 14, 6, 87, 129, 67, NULL, 3003.6, 387464.39999999997, 1, '2026-04-24 16:35:50', '2026-04-24 16:35:50', 0, 0, NULL, 1, NULL),
(318, 86, 5, 372, 5, 3, 94, 474, 26, NULL, 3003.6, 1423706.4, 1, '2026-04-24 16:35:50', '2026-04-24 16:35:50', 0, 0, NULL, 1, NULL),
(319, 86, 6, 317, 9, 27, 36, 389, 21, NULL, 3003.6, 1168400.4, 1, '2026-04-24 16:35:50', '2026-04-24 16:35:50', 0, 0, NULL, 1, NULL),
(320, 87, 1, 411, 7, 9, 57, 484, 80, NULL, 3008.4, 1456065.6, 1, '2026-04-24 16:35:50', '2026-04-24 16:35:50', 0, 0, NULL, 1, NULL),
(321, 87, 2, 107, 47, 17, 27, 198, 46, NULL, 3008.4, 595663.2000000001, 1, '2026-04-24 16:35:50', '2026-04-24 16:35:50', 0, 0, NULL, 1, NULL),
(322, 87, 3, 384, 16, 17, 61, 478, 99, NULL, 3008.4, 1438015.2, 1, '2026-04-24 16:35:50', '2026-04-24 16:35:50', 0, 0, NULL, 1, NULL),
(323, 87, 5, 357, 42, 0, 48, 447, 94, NULL, 3008.4, 1344754.8, 1, '2026-04-24 16:35:50', '2026-04-24 16:35:50', 0, 0, NULL, 1, NULL),
(324, 88, 1, 130, 10, 1, 36, 177, 45, NULL, 2994.0, 529938.0, 1, '2026-04-24 16:35:50', '2026-04-24 16:35:50', 0, 0, NULL, 1, NULL),
(325, 88, 4, 335, 0, 2, 49, 386, 54, NULL, 2994.0, 1155684.0, 1, '2026-04-24 16:35:50', '2026-04-24 16:35:50', 0, 0, NULL, 1, NULL),
(326, 89, 1, 55, 1, 9, 83, 148, 69, NULL, 2996.4, 443467.2, 1, '2026-04-24 16:35:50', '2026-04-24 16:35:50', 0, 0, NULL, 1, NULL),
(327, 89, 2, 194, 32, 22, 12, 260, 60, NULL, 2996.4, 779064.0, 1, '2026-04-24 16:35:50', '2026-04-24 16:35:50', 0, 0, NULL, 1, NULL),
(328, 89, 3, 305, 34, 2, 23, 364, 45, NULL, 2996.4, 1090689.6, 1, '2026-04-24 16:35:50', '2026-04-24 16:35:50', 0, 0, NULL, 1, NULL),
(329, 89, 4, 234, 35, 29, 91, 389, 22, NULL, 2996.4, 1165599.6, 1, '2026-04-24 16:35:50', '2026-04-24 16:35:50', 0, 0, NULL, 1, NULL),
(330, 89, 5, 472, 33, 9, 42, 556, 82, NULL, 2996.4, 1665998.4000000001, 1, '2026-04-24 16:35:50', '2026-04-24 16:35:50', 0, 0, NULL, 1, NULL),
(331, 89, 6, 80, 1, 11, 87, 179, 65, NULL, 2996.4, 536355.6, 1, '2026-04-24 16:35:50', '2026-04-24 16:35:50', 0, 0, NULL, 1, NULL),
(332, 90, 1, 154, 15, 16, 35, 220, 27, NULL, 2995.2, 658944.0, 1, '2026-04-24 16:35:50', '2026-04-24 16:35:50', 0, 0, NULL, 1, NULL),
(333, 90, 6, 284, 17, 7, 19, 327, 63, NULL, 2995.2, 979430.3999999999, 1, '2026-04-24 16:35:50', '2026-04-24 16:35:50', 0, 0, NULL, 1, NULL),
(334, 91, 3, 195, 33, 30, 86, 344, 98, NULL, 3005.4, 1033857.6, 1, '2026-04-24 16:35:50', '2026-04-24 16:35:50', 0, 0, NULL, 1, NULL),
(335, 91, 6, 293, 9, 13, 39, 354, 97, NULL, 3005.4, 1063911.6, 1, '2026-04-24 16:35:50', '2026-04-24 16:35:50', 0, 0, NULL, 1, NULL),
(336, 92, 1, 277, 8, 6, 83, 374, 37, NULL, 11997.6, 4487102.4, 1, '2026-04-24 16:35:50', '2026-04-24 16:35:50', 0, 0, NULL, 1, NULL),
(337, 92, 2, 350, 12, 27, 17, 406, 59, NULL, 11997.6, 4871025.600000001, 1, '2026-04-24 16:35:50', '2026-04-24 16:35:50', 0, 0, NULL, 1, NULL),
(338, 92, 6, 465, 49, 4, 83, 601, 92, NULL, 11997.6, 7210557.600000001, 1, '2026-04-24 16:35:50', '2026-04-24 16:35:50', 0, 0, NULL, 1, NULL),
(339, 93, 2, 285, 34, 30, 92, 441, 35, NULL, 12000.6, 5292264.600000001, 1, '2026-04-24 16:35:50', '2026-04-24 16:35:50', 0, 0, NULL, 1, NULL),
(340, 93, 3, 429, 9, 23, 3, 464, 60, NULL, 12000.6, 5568278.4, 1, '2026-04-24 16:35:50', '2026-04-24 16:35:50', 0, 0, NULL, 1, NULL),
(341, 93, 5, 210, 19, 14, 95, 338, 55, NULL, 12000.6, 4056202.8000000003, 1, '2026-04-24 16:35:50', '2026-04-24 16:35:50', 0, 0, NULL, 1, NULL),
(342, 93, 6, 96, 6, 4, 23, 129, 23, NULL, 12000.6, 1548077.4000000001, 1, '2026-04-24 16:35:50', '2026-04-24 16:35:50', 0, 0, NULL, 1, NULL),
(343, 94, 3, 290, 39, 7, 76, 412, 49, NULL, 11996.4, 4942516.8, 1, '2026-04-24 16:35:50', '2026-04-24 16:35:50', 0, 0, NULL, 1, NULL),
(344, 94, 4, 13, 22, 2, 88, 125, 81, NULL, 11996.4, 1499550.0, 1, '2026-04-24 16:35:50', '2026-04-24 16:35:50', 0, 0, NULL, 1, NULL),
(345, 94, 5, 433, 38, 15, 91, 577, 67, NULL, 11996.4, 6921922.8, 1, '2026-04-24 16:35:50', '2026-04-24 16:35:50', 0, 0, NULL, 1, NULL),
(346, 94, 6, 198, 31, 15, 17, 261, 40, NULL, 11996.4, 3131060.4, 1, '2026-04-24 16:35:50', '2026-04-24 16:35:50', 0, 0, NULL, 1, NULL),
(347, 95, 1, 16, 26, 24, 1, 67, 54, NULL, 122.39999999999999, 8200.8, 1, '2026-04-24 16:35:50', '2026-04-24 16:35:50', 0, 0, NULL, 1, NULL),
(348, 95, 3, 343, 12, 24, 26, 405, 28, NULL, 122.39999999999999, 49572.0, 1, '2026-04-24 16:35:50', '2026-04-24 16:35:50', 0, 0, NULL, 1, NULL),
(349, 95, 4, 488, 28, 27, 78, 621, 82, NULL, 122.39999999999999, 76010.4, 1, '2026-04-24 16:35:50', '2026-04-24 16:35:50', 0, 0, NULL, 1, NULL),
(350, 96, 2, 397, 2, 19, 94, 512, 68, NULL, 121.19999999999999, 62054.399999999994, 1, '2026-04-24 16:35:50', '2026-04-24 16:35:50', 0, 0, NULL, 1, NULL),
(351, 96, 4, 480, 47, 18, 76, 621, 88, NULL, 121.19999999999999, 75265.2, 1, '2026-04-24 16:35:50', '2026-04-24 16:35:50', 0, 0, NULL, 1, NULL),
(352, 96, 5, 448, 45, 25, 4, 522, 86, NULL, 121.19999999999999, 63266.399999999994, 1, '2026-04-24 16:35:50', '2026-04-24 16:35:50', 0, 0, NULL, 1, NULL),
(353, 96, 6, 233, 2, 28, 31, 294, 86, NULL, 121.19999999999999, 35632.799999999996, 1, '2026-04-24 16:35:50', '2026-04-24 16:35:50', 0, 0, NULL, 1, NULL),
(354, 97, 1, 376, 2, 17, 49, 444, 86, NULL, 136.2, 60472.799999999996, 1, '2026-04-24 16:35:50', '2026-04-24 16:35:50', 0, 0, NULL, 1, NULL),
(355, 97, 4, 225, 25, 28, 38, 316, 56, NULL, 136.2, 43039.2, 1, '2026-04-24 16:35:50', '2026-04-24 16:35:50', 0, 0, NULL, 1, NULL),
(356, 97, 5, 216, 18, 19, 6, 259, 86, NULL, 136.2, 35275.799999999996, 1, '2026-04-24 16:35:50', '2026-04-24 16:35:50', 0, 0, NULL, 1, NULL),
(357, 98, 1, 330, 28, 2, 92, 452, 84, NULL, 117.0, 52884.0, 1, '2026-04-24 16:35:50', '2026-04-24 16:35:50', 0, 0, NULL, 1, NULL),
(358, 98, 2, 398, 37, 30, 89, 554, 89, NULL, 117.0, 64818.0, 1, '2026-04-24 16:35:50', '2026-04-24 16:35:50', 0, 0, NULL, 1, NULL),
(359, 98, 3, 211, 20, 14, 3, 248, 42, NULL, 117.0, 29016.0, 1, '2026-04-24 16:35:50', '2026-04-24 16:35:50', 0, 0, NULL, 1, NULL),
(360, 98, 4, 459, 45, 28, 25, 557, 78, NULL, 117.0, 65169.0, 1, '2026-04-24 16:35:50', '2026-04-24 16:35:50', 0, 0, NULL, 1, NULL),
(361, 98, 5, 165, 44, 20, 91, 320, 40, NULL, 117.0, 37440.0, 1, '2026-04-24 16:35:50', '2026-04-24 16:35:50', 0, 0, NULL, 1, NULL),
(362, 99, 1, 58, 45, 14, 81, 198, 66, NULL, 127.8, 25304.399999999998, 1, '2026-04-24 16:35:50', '2026-04-24 16:35:50', 0, 0, NULL, 1, NULL),
(363, 99, 2, 362, 24, 23, 65, 474, 98, NULL, 127.8, 60577.2, 1, '2026-04-24 16:35:50', '2026-04-24 16:35:50', 0, 0, NULL, 1, NULL),
(364, 99, 4, 194, 2, 24, 21, 241, 62, NULL, 127.8, 30799.8, 1, '2026-04-24 16:35:50', '2026-04-24 16:35:50', 0, 0, NULL, 1, NULL),
(365, 99, 5, 337, 9, 5, 18, 369, 42, NULL, 127.8, 47158.2, 1, '2026-04-24 16:35:50', '2026-04-24 16:35:50', 0, 0, NULL, 1, NULL),
(366, 100, 1, 157, 19, 23, 98, 297, 77, NULL, 137.4, 40807.8, 1, '2026-04-24 16:35:50', '2026-04-24 16:35:50', 0, 0, NULL, 1, NULL),
(367, 100, 2, 92, 7, 28, 16, 143, 45, NULL, 137.4, 19648.2, 1, '2026-04-24 16:35:50', '2026-04-24 16:35:50', 0, 0, NULL, 1, NULL),
(368, 100, 3, 391, 16, 0, 58, 465, 83, NULL, 137.4, 63891.0, 1, '2026-04-24 16:35:50', '2026-04-24 16:35:50', 0, 0, NULL, 1, NULL),
(369, 100, 5, 2, 38, 28, 63, 131, 50, NULL, 137.4, 17999.4, 1, '2026-04-24 16:35:50', '2026-04-24 16:35:50', 0, 0, NULL, 1, NULL),
(370, 100, 6, 337, 30, 14, 52, 433, 76, NULL, 137.4, 59494.200000000004, 1, '2026-04-24 16:35:50', '2026-04-24 16:35:50', 0, 0, NULL, 1, NULL),
(371, 101, 1, 307, 0, 7, 70, 384, 55, NULL, 136.2, 52300.799999999996, 1, '2026-04-24 16:35:50', '2026-04-24 16:35:50', 0, 0, NULL, 1, NULL),
(372, 101, 3, 422, 13, 1, 23, 459, 38, NULL, 136.2, 62515.799999999996, 1, '2026-04-24 16:35:50', '2026-04-24 16:35:50', 0, 0, NULL, 1, NULL),
(373, 101, 4, 178, 2, 4, 4, 188, 93, NULL, 136.2, 25605.6, 1, '2026-04-24 16:35:50', '2026-04-24 16:35:50', 0, 0, NULL, 1, NULL),
(374, 101, 6, 471, 5, 1, 13, 490, 73, NULL, 136.2, 66738.0, 1, '2026-04-24 16:35:50', '2026-04-24 16:35:50', 0, 0, NULL, 1, NULL),
(375, 102, 2, 145, 39, 21, 88, 293, 96, NULL, 129.6, 37972.799999999996, 1, '2026-04-24 16:35:50', '2026-04-24 16:35:50', 0, 0, NULL, 1, NULL),
(376, 102, 3, 287, 11, 30, 58, 386, 94, NULL, 129.6, 50025.6, 1, '2026-04-24 16:35:50', '2026-04-24 16:35:50', 0, 0, NULL, 1, NULL),
(377, 102, 4, 18, 5, 24, 38, 85, 61, NULL, 129.6, 11016.0, 1, '2026-04-24 16:35:50', '2026-04-24 16:35:50', 0, 0, NULL, 1, NULL),
(378, 102, 5, 194, 4, 24, 54, 276, 90, NULL, 129.6, 35769.6, 1, '2026-04-24 16:35:50', '2026-04-24 16:35:50', 0, 0, NULL, 1, NULL),
(379, 102, 6, 241, 8, 3, 88, 340, 55, NULL, 129.6, 44064.0, 1, '2026-04-24 16:35:50', '2026-04-24 16:35:50', 0, 0, NULL, 1, NULL),
(380, 103, 1, 211, 33, 6, 89, 339, 46, NULL, 126.0, 42714.0, 1, '2026-04-24 16:35:50', '2026-04-24 16:35:50', 0, 0, NULL, 1, NULL),
(381, 103, 3, 373, 40, 16, 11, 440, 81, NULL, 126.0, 55440.0, 1, '2026-04-24 16:35:50', '2026-04-24 16:35:50', 0, 0, NULL, 1, NULL),
(382, 104, 2, 434, 20, 8, 67, 529, 93, NULL, 127.19999999999999, 67288.79999999999, 1, '2026-04-24 16:35:50', '2026-04-24 16:35:50', 0, 0, NULL, 1, NULL),
(383, 104, 4, 66, 39, 18, 63, 186, 86, NULL, 127.19999999999999, 23659.199999999997, 1, '2026-04-24 16:35:50', '2026-04-24 16:35:50', 0, 0, NULL, 1, NULL),
(384, 104, 6, 413, 11, 28, 78, 530, 49, NULL, 127.19999999999999, 67416.0, 1, '2026-04-24 16:35:50', '2026-04-24 16:35:50', 0, 0, NULL, 1, NULL),
(385, 105, 3, 12, 29, 20, 15, 76, 46, NULL, 133.2, 10123.199999999999, 1, '2026-04-24 16:35:50', '2026-04-24 16:35:50', 0, 0, NULL, 1, NULL),
(386, 105, 6, 170, 22, 17, 81, 290, 47, NULL, 133.2, 38628.0, 1, '2026-04-24 16:35:50', '2026-04-24 16:35:50', 0, 0, NULL, 1, NULL),
(387, 106, 1, 103, 44, 9, 32, 188, 28, NULL, 131.4, 24703.2, 1, '2026-04-24 16:35:50', '2026-04-24 16:35:50', 0, 0, NULL, 1, NULL),
(388, 106, 2, 259, 35, 10, 98, 402, 20, NULL, 131.4, 52822.8, 1, '2026-04-24 16:35:50', '2026-04-24 16:35:50', 0, 0, NULL, 1, NULL),
(389, 106, 3, 170, 21, 12, 92, 295, 92, NULL, 131.4, 38763.0, 1, '2026-04-24 16:35:50', '2026-04-24 16:35:50', 0, 0, NULL, 1, NULL),
(390, 106, 5, 89, 12, 10, 43, 154, 81, NULL, 131.4, 20235.600000000002, 1, '2026-04-24 16:35:50', '2026-04-24 16:35:50', 0, 0, NULL, 1, NULL),
(391, 107, 3, 321, 29, 28, 68, 446, 62, NULL, 122.39999999999999, 54590.399999999994, 1, '2026-04-24 16:35:50', '2026-04-24 16:35:50', 0, 0, NULL, 1, NULL),
(392, 107, 4, 416, 26, 29, 95, 566, 27, NULL, 122.39999999999999, 69278.4, 1, '2026-04-24 16:35:50', '2026-04-24 16:35:50', 0, 0, NULL, 1, NULL),
(393, 107, 6, 371, 43, 10, 71, 495, 88, NULL, 122.39999999999999, 60587.99999999999, 1, '2026-04-24 16:35:50', '2026-04-24 16:35:50', 0, 0, NULL, 1, NULL),
(394, 108, 1, 295, 43, 10, 45, 393, 28, NULL, 130.79999999999998, 51404.399999999994, 1, '2026-04-24 16:35:50', '2026-04-24 16:35:50', 0, 0, NULL, 1, NULL),
(395, 108, 3, 15, 21, 12, 80, 128, 88, NULL, 130.79999999999998, 16742.399999999998, 1, '2026-04-24 16:35:50', '2026-04-24 16:35:50', 0, 0, NULL, 1, NULL),
(396, 108, 5, 199, 11, 19, 14, 243, 59, NULL, 130.79999999999998, 31784.399999999994, 1, '2026-04-24 16:35:50', '2026-04-24 16:35:50', 0, 0, NULL, 1, NULL),
(397, 109, 1, 16, 17, 13, 11, 57, 83, NULL, 114.0, 6498.0, 1, '2026-04-24 16:35:50', '2026-04-24 16:35:50', 0, 0, NULL, 1, NULL),
(398, 109, 3, 424, 19, 6, 67, 516, 58, NULL, 114.0, 58824.0, 1, '2026-04-24 16:35:50', '2026-04-24 16:35:50', 0, 0, NULL, 1, NULL),
(399, 109, 4, 191, 50, 1, 99, 341, 45, NULL, 114.0, 38874.0, 1, '2026-04-24 16:35:50', '2026-04-24 16:35:50', 0, 0, NULL, 1, NULL),
(400, 109, 6, 12, 30, 28, 64, 134, 39, NULL, 114.0, 15276.0, 1, '2026-04-24 16:35:50', '2026-04-24 16:35:50', 0, 0, NULL, 1, NULL),
(401, 110, 1, 472, 30, 23, 67, 592, 59, NULL, 126.6, 74947.2, 1, '2026-04-24 16:35:50', '2026-04-24 16:35:50', 0, 0, NULL, 1, NULL),
(402, 110, 3, 446, 6, 26, 66, 544, 36, NULL, 126.6, 68870.4, 1, '2026-04-24 16:35:50', '2026-04-24 16:35:50', 0, 0, NULL, 1, NULL),
(403, 110, 4, 18, 29, 12, 91, 150, 86, NULL, 126.6, 18990.0, 1, '2026-04-24 16:35:50', '2026-04-24 16:35:50', 0, 0, NULL, 1, NULL),
(404, 110, 5, 159, 2, 21, 76, 258, 31, NULL, 126.6, 32662.8, 1, '2026-04-24 16:35:50', '2026-04-24 16:35:50', 0, 0, NULL, 1, NULL),
(405, 110, 6, 455, 2, 3, 66, 526, 59, NULL, 126.6, 66591.59999999999, 1, '2026-04-24 16:35:50', '2026-04-24 16:35:50', 0, 0, NULL, 1, NULL),
(406, 111, 1, 388, 19, 20, 26, 453, 61, NULL, 123.6, 55990.799999999996, 1, '2026-04-24 16:35:50', '2026-04-24 16:35:50', 0, 0, NULL, 1, NULL),
(407, 111, 2, 146, 17, 17, 40, 220, 76, NULL, 123.6, 27192.0, 1, '2026-04-24 16:35:50', '2026-04-24 16:35:50', 0, 0, NULL, 1, NULL),
(408, 111, 4, 80, 17, 3, 1, 101, 99, NULL, 123.6, 12483.599999999999, 1, '2026-04-24 16:35:50', '2026-04-24 16:35:50', 0, 0, NULL, 1, NULL),
(409, 111, 5, 52, 13, 17, 44, 126, 90, NULL, 123.6, 15573.599999999999, 1, '2026-04-24 16:35:50', '2026-04-24 16:35:50', 0, 0, NULL, 1, NULL),
(410, 111, 6, 72, 45, 25, 36, 178, 93, NULL, 123.6, 22000.8, 1, '2026-04-24 16:35:50', '2026-04-24 16:35:50', 0, 0, NULL, 1, NULL),
(411, 112, 1, 36, 19, 19, 43, 117, 89, NULL, 122.39999999999999, 14320.8, 1, '2026-04-24 16:35:50', '2026-04-24 16:35:50', 0, 0, NULL, 1, NULL),
(412, 112, 2, 66, 1, 15, 86, 168, 26, NULL, 122.39999999999999, 20563.199999999997, 1, '2026-04-24 16:35:50', '2026-04-24 16:35:50', 0, 0, NULL, 1, NULL),
(413, 112, 3, 27, 5, 13, 50, 95, 42, NULL, 122.39999999999999, 11628.0, 1, '2026-04-24 16:35:50', '2026-04-24 16:35:50', 0, 0, NULL, 1, NULL),
(414, 113, 2, 182, 19, 10, 25, 236, 88, NULL, 10.799999999999999, 2548.7999999999997, 1, '2026-04-24 16:35:50', '2026-04-24 16:35:50', 0, 0, NULL, 1, NULL),
(415, 113, 3, 472, 48, 24, 59, 603, 92, NULL, 10.799999999999999, 6512.4, 1, '2026-04-24 16:35:50', '2026-04-24 16:35:50', 0, 0, NULL, 1, NULL),
(416, 113, 4, 416, 44, 14, 12, 486, 78, NULL, 10.799999999999999, 5248.799999999999, 1, '2026-04-24 16:35:50', '2026-04-24 16:35:50', 0, 0, NULL, 1, NULL),
(417, 113, 5, 329, 45, 24, 59, 457, 80, NULL, 10.799999999999999, 4935.599999999999, 1, '2026-04-24 16:35:50', '2026-04-24 16:35:50', 0, 0, NULL, 1, NULL),
(418, 113, 6, 114, 9, 27, 78, 228, 53, NULL, 10.799999999999999, 2462.3999999999996, 1, '2026-04-24 16:35:50', '2026-04-24 16:35:50', 0, 0, NULL, 1, NULL),
(419, 114, 2, 358, 42, 10, 100, 510, 61, NULL, 1.7999999999999998, 917.9999999999999, 1, '2026-04-24 16:35:50', '2026-04-24 16:35:50', 0, 0, NULL, 1, NULL),
(420, 114, 3, 15, 4, 15, 14, 48, 64, NULL, 1.7999999999999998, 86.39999999999999, 1, '2026-04-24 16:35:50', '2026-04-24 16:35:50', 0, 0, NULL, 1, NULL),
(421, 114, 4, 433, 10, 9, 98, 550, 64, NULL, 1.7999999999999998, 989.9999999999999, 1, '2026-04-24 16:35:50', '2026-04-24 16:35:50', 0, 0, NULL, 1, NULL),
(422, 114, 6, 52, 25, 26, 91, 194, 33, NULL, 1.7999999999999998, 349.2, 1, '2026-04-24 16:35:50', '2026-04-24 16:35:50', 0, 0, NULL, 1, NULL),
(423, 115, 1, 332, 4, 25, 38, 399, 88, NULL, 6.0, 2394.0, 1, '2026-04-24 16:35:50', '2026-04-24 16:35:50', 0, 0, NULL, 1, NULL),
(424, 115, 2, 302, 26, 7, 79, 414, 51, NULL, 6.0, 2484.0, 1, '2026-04-24 16:35:50', '2026-04-24 16:35:50', 0, 0, NULL, 1, NULL),
(425, 115, 3, 498, 30, 12, 8, 548, 63, NULL, 6.0, 3288.0, 1, '2026-04-24 16:35:50', '2026-04-24 16:35:50', 0, 0, NULL, 1, NULL),
(426, 115, 4, 355, 37, 13, 100, 505, 75, NULL, 6.0, 3030.0, 1, '2026-04-24 16:35:50', '2026-04-24 16:35:50', 0, 0, NULL, 1, NULL),
(427, 115, 5, 175, 34, 22, 30, 261, 42, NULL, 6.0, 1566.0, 1, '2026-04-24 16:35:50', '2026-04-24 16:35:50', 0, 0, NULL, 1, NULL),
(428, 116, 1, 476, 45, 18, 62, 601, 34, NULL, 28.799999999999997, 17308.8, 1, '2026-04-24 16:35:50', '2026-04-24 16:35:50', 0, 0, NULL, 1, NULL),
(429, 116, 2, 237, 20, 17, 12, 286, 76, NULL, 28.799999999999997, 8236.8, 1, '2026-04-24 16:35:50', '2026-04-24 16:35:50', 0, 0, NULL, 1, NULL),
(430, 116, 3, 489, 25, 2, 76, 592, 33, NULL, 28.799999999999997, 17049.6, 1, '2026-04-24 16:35:50', '2026-04-24 16:35:50', 0, 0, NULL, 1, NULL),
(431, 116, 5, 419, 24, 10, 63, 516, 27, NULL, 28.799999999999997, 14860.8, 1, '2026-04-24 16:35:50', '2026-04-24 16:35:50', 0, 0, NULL, 1, NULL),
(432, 116, 6, 418, 8, 28, 74, 528, 20, NULL, 28.799999999999997, 15206.399999999998, 1, '2026-04-24 16:35:50', '2026-04-24 16:35:50', 0, 0, NULL, 1, NULL),
(433, 117, 3, 149, 24, 19, 73, 265, 77, NULL, 25.2, 6678.0, 1, '2026-04-24 16:35:50', '2026-04-24 16:35:50', 0, 0, NULL, 1, NULL),
(434, 117, 4, 348, 20, 9, 72, 449, 58, NULL, 25.2, 11314.8, 1, '2026-04-24 16:35:50', '2026-04-24 16:35:50', 0, 0, NULL, 1, NULL),
(435, 118, 4, 313, 32, 12, 16, 373, 57, NULL, 22.8, 8504.4, 1, '2026-04-24 16:35:50', '2026-04-24 16:35:50', 0, 0, NULL, 1, NULL),
(436, 118, 5, 461, 35, 30, 6, 532, 20, NULL, 22.8, 12129.6, 1, '2026-04-24 16:35:50', '2026-04-24 16:35:50', 0, 0, NULL, 1, NULL),
(437, 119, 2, 440, 18, 27, 3, 488, 50, NULL, 31.2, 15225.6, 1, '2026-04-24 16:35:50', '2026-04-24 16:35:50', 0, 0, NULL, 1, NULL),
(438, 119, 3, 302, 25, 20, 40, 387, 68, NULL, 31.2, 12074.4, 1, '2026-04-24 16:35:50', '2026-04-24 16:35:50', 0, 0, NULL, 1, NULL),
(439, 119, 4, 222, 34, 6, 84, 346, 42, NULL, 31.2, 10795.199999999999, 1, '2026-04-24 16:35:50', '2026-04-24 16:35:50', 0, 0, NULL, 1, NULL),
(440, 119, 5, 96, 35, 12, 46, 189, 73, NULL, 31.2, 5896.8, 1, '2026-04-24 16:35:50', '2026-04-24 16:35:50', 0, 0, NULL, 1, NULL),
(441, 119, 6, 446, 42, 4, 17, 509, 21, NULL, 31.2, 15880.8, 1, '2026-04-24 16:35:50', '2026-04-24 16:35:50', 0, 0, NULL, 1, NULL),
(442, 120, 1, 8, 9, 23, 62, 102, 75, NULL, 28.799999999999997, 2937.6, 1, '2026-04-24 16:35:50', '2026-04-24 16:35:50', 0, 0, NULL, 1, NULL),
(443, 120, 3, 70, 41, 25, 53, 189, 78, NULL, 28.799999999999997, 5443.2, 1, '2026-04-24 16:35:50', '2026-04-24 16:35:50', 0, 0, NULL, 1, NULL),
(444, 121, 2, 217, 35, 26, 57, 335, 69, NULL, 21.599999999999998, 7235.999999999999, 1, '2026-04-24 16:35:50', '2026-04-24 16:35:50', 0, 0, NULL, 1, NULL),
(445, 121, 3, 95, 27, 19, 0, 141, 93, NULL, 21.599999999999998, 3045.6, 1, '2026-04-24 16:35:50', '2026-04-24 16:35:50', 0, 0, NULL, 1, NULL),
(446, 121, 4, 374, 15, 22, 64, 475, 54, NULL, 21.599999999999998, 10259.999999999998, 1, '2026-04-24 16:35:50', '2026-04-24 16:35:50', 0, 0, NULL, 1, NULL),
(447, 121, 5, 279, 36, 11, 4, 330, 24, NULL, 21.599999999999998, 7127.999999999999, 1, '2026-04-24 16:35:50', '2026-04-24 16:35:50', 0, 0, NULL, 1, NULL),
(448, 121, 6, 360, 23, 3, 74, 460, 81, NULL, 21.599999999999998, 9935.999999999998, 1, '2026-04-24 16:35:50', '2026-04-24 16:35:50', 0, 0, NULL, 1, NULL),
(449, 122, 2, 373, 46, 16, 96, 531, 55, NULL, 17.4, 9239.4, 1, '2026-04-24 16:35:50', '2026-04-24 16:35:50', 0, 0, NULL, 1, NULL),
(450, 122, 3, 40, 33, 28, 78, 179, 31, NULL, 17.4, 3114.6, 1, '2026-04-24 16:35:50', '2026-04-24 16:35:50', 0, 0, NULL, 1, NULL),
(451, 122, 4, 322, 47, 21, 85, 475, 29, NULL, 17.4, 8265.0, 1, '2026-04-24 16:35:50', '2026-04-24 16:35:50', 0, 0, NULL, 1, NULL),
(452, 122, 6, 296, 19, 19, 6, 340, 63, NULL, 17.4, 5915.999999999999, 1, '2026-04-24 16:35:50', '2026-04-24 16:35:50', 0, 0, NULL, 1, NULL),
(453, 123, 1, 5, 30, 14, 65, 114, 80, NULL, 12.0, 1368.0, 1, '2026-04-24 16:35:50', '2026-04-24 16:35:50', 0, 0, NULL, 1, NULL),
(454, 123, 2, 169, 26, 11, 37, 243, 57, NULL, 12.0, 2916.0, 1, '2026-04-24 16:35:50', '2026-04-24 16:35:50', 0, 0, NULL, 1, NULL),
(455, 123, 3, 355, 38, 23, 38, 454, 92, NULL, 12.0, 5448.0, 1, '2026-04-24 16:35:50', '2026-04-24 16:35:50', 0, 0, NULL, 1, NULL),
(456, 123, 4, 322, 30, 18, 21, 391, 93, NULL, 12.0, 4692.0, 1, '2026-04-24 16:35:50', '2026-04-24 16:35:50', 0, 0, NULL, 1, NULL),
(457, 123, 5, 149, 47, 19, 3, 218, 56, NULL, 12.0, 2616.0, 1, '2026-04-24 16:35:50', '2026-04-24 16:35:50', 0, 0, NULL, 1, NULL),
(458, 123, 6, 64, 32, 2, 100, 198, 55, NULL, 12.0, 2376.0, 1, '2026-04-24 16:35:50', '2026-04-24 16:35:50', 0, 0, NULL, 1, NULL),
(459, 124, 1, 315, 17, 8, 32, 372, 21, NULL, 34.8, 12945.599999999999, 1, '2026-04-24 16:35:50', '2026-04-24 16:35:50', 0, 0, NULL, 1, NULL),
(460, 125, 1, 89, 16, 25, 89, 219, 50, NULL, 28.799999999999997, 6307.2, 1, '2026-04-24 16:35:50', '2026-04-24 16:35:50', 0, 0, NULL, 1, NULL),
(461, 125, 2, 409, 33, 27, 4, 473, 63, NULL, 28.799999999999997, 13622.399999999998, 1, '2026-04-24 16:35:50', '2026-04-24 16:35:50', 0, 0, NULL, 1, NULL),
(462, 125, 5, 420, 9, 26, 63, 518, 72, NULL, 28.799999999999997, 14918.399999999998, 1, '2026-04-24 16:35:50', '2026-04-24 16:35:50', 0, 0, NULL, 1, NULL),
(463, 126, 1, 225, 46, 20, 21, 312, 46, NULL, 20.4, 6364.799999999999, 1, '2026-04-24 16:35:50', '2026-04-24 16:35:50', 0, 0, NULL, 1, NULL),
(464, 126, 2, 431, 22, 1, 82, 536, 53, NULL, 20.4, 10934.4, 1, '2026-04-24 16:35:50', '2026-04-24 16:35:50', 0, 0, NULL, 1, NULL),
(465, 126, 4, 85, 29, 12, 60, 186, 58, NULL, 20.4, 3794.3999999999996, 1, '2026-04-24 16:35:50', '2026-04-24 16:35:50', 0, 0, NULL, 1, NULL),
(466, 126, 5, 485, 48, 29, 68, 630, 49, NULL, 20.4, 12852.0, 1, '2026-04-24 16:35:50', '2026-04-24 16:35:50', 0, 0, NULL, 1, NULL),
(467, 126, 6, 361, 24, 15, 33, 433, 38, NULL, 20.4, 8833.199999999999, 1, '2026-04-24 16:35:50', '2026-04-24 16:35:50', 0, 0, NULL, 1, NULL),
(468, 127, 1, 222, 0, 9, 57, 288, 68, NULL, 13.2, 3801.6, 1, '2026-04-24 16:35:50', '2026-04-24 16:35:50', 0, 0, NULL, 1, NULL),
(469, 127, 5, 469, 34, 20, 45, 568, 75, NULL, 13.2, 7497.599999999999, 1, '2026-04-24 16:35:50', '2026-04-24 16:35:50', 0, 0, NULL, 1, NULL),
(470, 128, 2, 138, 17, 25, 12, 192, 52, NULL, 40.199999999999996, 7718.4, 1, '2026-04-24 16:35:50', '2026-04-24 16:35:50', 0, 0, NULL, 1, NULL),
(471, 128, 4, 395, 43, 23, 30, 491, 95, NULL, 40.199999999999996, 19738.199999999997, 1, '2026-04-24 16:35:50', '2026-04-24 16:35:50', 0, 0, NULL, 1, NULL),
(472, 128, 6, 346, 44, 5, 40, 435, 90, NULL, 40.199999999999996, 17486.999999999996, 1, '2026-04-24 16:35:50', '2026-04-24 16:35:50', 0, 0, NULL, 1, NULL),
(473, 129, 1, 4, 4, 0, 52, 60, 32, NULL, 48.0, 2880.0, 1, '2026-04-24 16:35:50', '2026-04-24 16:35:50', 0, 0, NULL, 1, NULL),
(474, 129, 2, 350, 28, 11, 28, 417, 56, NULL, 48.0, 20016.0, 1, '2026-04-24 16:35:50', '2026-04-24 16:35:50', 0, 0, NULL, 1, NULL),
(475, 129, 3, 17, 1, 19, 11, 48, 27, NULL, 48.0, 2304.0, 1, '2026-04-24 16:35:50', '2026-04-24 16:35:50', 0, 0, NULL, 1, NULL),
(476, 130, 4, 438, 38, 4, 48, 528, 92, NULL, 52.199999999999996, 27561.6, 1, '2026-04-24 16:35:50', '2026-04-24 16:35:50', 0, 0, NULL, 1, NULL),
(477, 130, 6, 56, 44, 5, 32, 137, 57, NULL, 52.199999999999996, 7151.4, 1, '2026-04-24 16:35:50', '2026-04-24 16:35:50', 0, 0, NULL, 1, NULL),
(478, 131, 1, 479, 4, 20, 58, 561, 55, NULL, 255.6, 143391.6, 1, '2026-04-24 16:35:50', '2026-04-24 16:35:50', 0, 0, NULL, 1, NULL),
(479, 131, 6, 399, 4, 8, 99, 510, 27, NULL, 255.6, 130356.0, 1, '2026-04-24 16:35:50', '2026-04-24 16:35:50', 0, 0, NULL, 1, NULL),
(480, 132, 1, 170, 3, 8, 33, 214, 42, NULL, 256.8, 54955.200000000004, 1, '2026-04-24 16:35:50', '2026-04-24 16:35:50', 0, 0, NULL, 1, NULL),
(481, 132, 2, 251, 12, 19, 50, 332, 42, NULL, 256.8, 85257.6, 1, '2026-04-24 16:35:50', '2026-04-24 16:35:50', 0, 0, NULL, 1, NULL),
(482, 132, 4, 276, 49, 13, 27, 365, 98, NULL, 256.8, 93732.0, 1, '2026-04-24 16:35:50', '2026-04-24 16:35:50', 0, 0, NULL, 1, NULL),
(483, 133, 2, 37, 4, 18, 93, 152, 52, NULL, 236.39999999999998, 35932.799999999996, 1, '2026-04-24 16:35:50', '2026-04-24 16:35:50', 0, 0, NULL, 1, NULL),
(484, 133, 4, 254, 9, 20, 81, 364, 20, NULL, 236.39999999999998, 86049.59999999999, 1, '2026-04-24 16:35:50', '2026-04-24 16:35:50', 0, 0, NULL, 1, NULL),
(485, 134, 1, 358, 21, 28, 50, 457, 93, NULL, 239.39999999999998, 109405.79999999999, 1, '2026-04-24 16:35:50', '2026-04-24 16:35:50', 0, 0, NULL, 1, NULL),
(486, 134, 2, 362, 49, 15, 61, 487, 75, NULL, 239.39999999999998, 116587.79999999999, 1, '2026-04-24 16:35:50', '2026-04-24 16:35:50', 0, 0, NULL, 1, NULL),
(487, 134, 3, 372, 49, 25, 100, 546, 28, NULL, 239.39999999999998, 130712.4, 1, '2026-04-24 16:35:50', '2026-04-24 16:35:50', 0, 0, NULL, 1, NULL),
(488, 134, 4, 1, 24, 30, 88, 143, 81, NULL, 239.39999999999998, 34234.2, 1, '2026-04-24 16:35:50', '2026-04-24 16:35:50', 0, 0, NULL, 1, NULL),
(489, 134, 5, 274, 22, 10, 87, 393, 58, NULL, 239.39999999999998, 94084.2, 1, '2026-04-24 16:35:50', '2026-04-24 16:35:50', 0, 0, NULL, 1, NULL),
(490, 134, 6, 323, 41, 2, 46, 412, 88, NULL, 239.39999999999998, 98632.79999999999, 1, '2026-04-24 16:35:50', '2026-04-24 16:35:50', 0, 0, NULL, 1, NULL),
(491, 135, 2, 430, 29, 24, 98, 581, 57, NULL, 251.39999999999998, 146063.4, 1, '2026-04-24 16:35:50', '2026-04-24 16:35:50', 0, 0, NULL, 1, NULL),
(492, 135, 4, 20, 24, 21, 24, 89, 58, NULL, 251.39999999999998, 22374.6, 1, '2026-04-24 16:35:50', '2026-04-24 16:35:50', 0, 0, NULL, 1, NULL),
(493, 136, 2, 43, 40, 14, 94, 191, 44, NULL, 244.2, 46642.2, 1, '2026-04-24 16:35:50', '2026-04-24 16:35:50', 0, 0, NULL, 1, NULL),
(494, 136, 3, 98, 1, 23, 75, 197, 50, NULL, 244.2, 48107.399999999994, 1, '2026-04-24 16:35:50', '2026-04-24 16:35:50', 0, 0, NULL, 1, NULL),
(495, 136, 4, 32, 50, 17, 82, 181, 59, NULL, 244.2, 44200.2, 1, '2026-04-24 16:35:50', '2026-04-24 16:35:50', 0, 0, NULL, 1, NULL),
(496, 136, 5, 494, 28, 30, 2, 554, 24, NULL, 244.2, 135286.8, 1, '2026-04-24 16:35:50', '2026-04-24 16:35:50', 0, 0, NULL, 1, NULL),
(497, 136, 6, 172, 50, 23, 5, 250, 71, NULL, 244.2, 61050.0, 1, '2026-04-24 16:35:50', '2026-04-24 16:35:50', 0, 0, NULL, 1, NULL),
(498, 137, 1, 413, 41, 21, 66, 541, 78, NULL, 243.0, 131463.0, 1, '2026-04-24 16:35:50', '2026-04-24 16:35:50', 0, 0, NULL, 1, NULL),
(499, 137, 4, 379, 37, 7, 9, 432, 24, NULL, 243.0, 104976.0, 1, '2026-04-24 16:35:50', '2026-04-24 16:35:50', 0, 0, NULL, 1, NULL),
(500, 137, 6, 9, 30, 29, 79, 147, 25, NULL, 243.0, 35721.0, 1, '2026-04-24 16:35:50', '2026-04-24 16:35:50', 0, 0, NULL, 1, NULL),
(501, 138, 1, 332, 8, 0, 22, 362, 100, NULL, 237.6, 86011.2, 1, '2026-04-24 16:35:50', '2026-04-24 16:35:50', 0, 0, NULL, 1, NULL),
(502, 138, 2, 157, 50, 3, 58, 268, 98, NULL, 237.6, 63676.799999999996, 1, '2026-04-24 16:35:50', '2026-04-24 16:35:50', 0, 0, NULL, 1, NULL),
(503, 138, 3, 302, 4, 26, 13, 345, 34, NULL, 237.6, 81972.0, 1, '2026-04-24 16:35:50', '2026-04-24 16:35:50', 0, 0, NULL, 1, NULL),
(504, 138, 4, 409, 39, 7, 8, 463, 45, NULL, 237.6, 110008.8, 1, '2026-04-24 16:35:50', '2026-04-24 16:35:50', 0, 0, NULL, 1, NULL),
(505, 138, 5, 415, 47, 21, 51, 534, 61, NULL, 237.6, 126878.4, 1, '2026-04-24 16:35:50', '2026-04-24 16:35:50', 0, 0, NULL, 1, NULL),
(506, 138, 6, 350, 36, 17, 17, 420, 61, NULL, 237.6, 99792.0, 1, '2026-04-24 16:35:50', '2026-04-24 16:35:50', 0, 0, NULL, 1, NULL),
(507, 139, 4, 171, 4, 3, 35, 213, 38, NULL, 238.79999999999998, 50864.399999999994, 1, '2026-04-24 16:35:50', '2026-04-24 16:35:50', 0, 0, NULL, 1, NULL),
(508, 139, 6, 189, 35, 5, 56, 285, 51, NULL, 238.79999999999998, 68058.0, 1, '2026-04-24 16:35:50', '2026-04-24 16:35:50', 0, 0, NULL, 1, NULL),
(509, 140, 2, 51, 50, 27, 80, 208, 98, NULL, 255.0, 53040.0, 1, '2026-04-24 16:35:50', '2026-04-24 16:35:50', 0, 0, NULL, 1, NULL),
(510, 140, 3, 80, 1, 28, 62, 171, 30, NULL, 255.0, 43605.0, 1, '2026-04-24 16:35:50', '2026-04-24 16:35:50', 0, 0, NULL, 1, NULL),
(511, 140, 4, 91, 5, 22, 83, 201, 95, NULL, 255.0, 51255.0, 1, '2026-04-24 16:35:50', '2026-04-24 16:35:50', 0, 0, NULL, 1, NULL),
(512, 140, 6, 413, 50, 24, 60, 547, 36, NULL, 255.0, 139485.0, 1, '2026-04-24 16:35:50', '2026-04-24 16:35:50', 0, 0, NULL, 1, NULL),
(513, 141, 1, 327, 17, 16, 57, 417, 72, NULL, 244.79999999999998, 102081.59999999999, 1, '2026-04-24 16:35:50', '2026-04-24 16:35:50', 0, 0, NULL, 1, NULL),
(514, 141, 2, 89, 39, 22, 4, 154, 96, NULL, 244.79999999999998, 37699.2, 1, '2026-04-24 16:35:50', '2026-04-24 16:35:50', 0, 0, NULL, 1, NULL),
(515, 141, 3, 255, 39, 30, 11, 335, 100, NULL, 244.79999999999998, 82008.0, 1, '2026-04-24 16:35:50', '2026-04-24 16:35:50', 0, 0, NULL, 1, NULL),
(516, 141, 5, 214, 0, 17, 30, 261, 44, NULL, 244.79999999999998, 63892.799999999996, 1, '2026-04-24 16:35:50', '2026-04-24 16:35:50', 0, 0, NULL, 1, NULL),
(517, 141, 6, 271, 6, 19, 46, 342, 89, NULL, 244.79999999999998, 83721.59999999999, 1, '2026-04-24 16:35:50', '2026-04-24 16:35:50', 0, 0, NULL, 1, NULL),
(518, 142, 1, 237, 49, 20, 84, 390, 46, NULL, 252.0, 98280.0, 1, '2026-04-24 16:35:50', '2026-04-24 16:35:50', 0, 0, NULL, 1, NULL),
(519, 142, 2, 99, 7, 25, 19, 150, 80, NULL, 252.0, 37800.0, 1, '2026-04-24 16:35:50', '2026-04-24 16:35:50', 0, 0, NULL, 1, NULL),
(520, 142, 3, 81, 42, 29, 5, 157, 26, NULL, 252.0, 39564.0, 1, '2026-04-24 16:35:50', '2026-04-24 16:35:50', 0, 0, NULL, 1, NULL),
(521, 142, 5, 222, 16, 10, 78, 326, 78, NULL, 252.0, 82152.0, 1, '2026-04-24 16:35:50', '2026-04-24 16:35:50', 0, 0, NULL, 1, NULL),
(522, 142, 6, 379, 3, 29, 68, 479, 42, NULL, 252.0, 120708.0, 1, '2026-04-24 16:35:50', '2026-04-24 16:35:50', 0, 0, NULL, 1, NULL),
(523, 143, 1, 14, 31, 16, 14, 75, 29, NULL, 245.39999999999998, 18405.0, 1, '2026-04-24 16:35:50', '2026-04-24 16:35:50', 0, 0, NULL, 1, NULL),
(524, 143, 4, 166, 26, 6, 95, 293, 61, NULL, 245.39999999999998, 71902.2, 1, '2026-04-24 16:35:50', '2026-04-24 16:35:50', 0, 0, NULL, 1, NULL),
(525, 143, 5, 56, 20, 7, 12, 95, 50, NULL, 245.39999999999998, 23312.999999999996, 1, '2026-04-24 16:35:50', '2026-04-24 16:35:50', 0, 0, NULL, 1, NULL),
(526, 144, 2, 112, 4, 15, 74, 205, 82, NULL, 255.0, 52275.0, 1, '2026-04-24 16:35:50', '2026-04-24 16:35:50', 0, 0, NULL, 1, NULL),
(527, 144, 3, 223, 9, 6, 78, 316, 78, NULL, 255.0, 80580.0, 1, '2026-04-24 16:35:50', '2026-04-24 16:35:50', 0, 0, NULL, 1, NULL),
(528, 144, 4, 191, 8, 14, 92, 305, 44, NULL, 255.0, 77775.0, 1, '2026-04-24 16:35:50', '2026-04-24 16:35:50', 0, 0, NULL, 1, NULL),
(529, 145, 1, 65, 2, 22, 72, 161, 27, NULL, 234.6, 37770.6, 1, '2026-04-24 16:35:50', '2026-04-24 16:35:50', 0, 0, NULL, 1, NULL),
(530, 145, 2, 56, 29, 14, 53, 152, 41, NULL, 234.6, 35659.2, 1, '2026-04-24 16:35:50', '2026-04-24 16:35:50', 0, 0, NULL, 1, NULL),
(531, 145, 4, 151, 38, 5, 81, 275, 98, NULL, 234.6, 64515.0, 1, '2026-04-24 16:35:50', '2026-04-24 16:35:50', 0, 0, NULL, 1, NULL),
(532, 145, 6, 283, 14, 2, 52, 351, 86, NULL, 234.6, 82344.59999999999, 1, '2026-04-24 16:35:50', '2026-04-24 16:35:50', 0, 0, NULL, 1, NULL);


-- inventory_batch
INSERT INTO inventory_batch (id, inventory_id, sku_id, warehouse_id, location_id, batch_no, production_date, expiry_date, available_qty, frozen_qty, total_qty, cost_price, total_cost, status, created_at, updated_at, created_by, updated_by, deleted_at, version, remark) VALUES
(1, 1, 1, 1, 237, 'BN2024222', '2025-09-07', '2026-06-16', 105, 3, 108, 1020275.9999999999, 110189807.99999999, 1, '2026-04-24 16:35:50', '2026-04-24 16:35:50', 0, 0, NULL, 1, NULL),
(2, 2, 1, 3, 303, 'BN2024445', '2026-02-25', '2026-07-21', 43, 0, 43, 659923.2, 28376697.599999998, 1, '2026-04-24 16:35:50', '2026-04-24 16:35:50', 0, 0, NULL, 1, NULL),
(3, 3, 1, 4, NULL, 'BN2024046', '2025-10-26', '2026-12-17', 296, 0, 296, 1688882.3999999997, 499909190.3999999, 1, '2026-04-24 16:35:50', '2026-04-24 16:35:50', 0, 0, NULL, 1, NULL),
(4, 4, 1, 5, 51, 'BN2024404', '2025-10-21', '2026-10-17', 169, 1, 170, 1085399.9999999998, 184517999.99999997, 1, '2026-04-24 16:35:50', '2026-04-24 16:35:50', 0, 0, NULL, 1, NULL),
(5, 6, 2, 1, 112, 'BN2024750', '2025-07-31', '2026-09-12', 119, 3, 122, 981865.7999999999, 119787627.6, 1, '2026-04-24 16:35:50', '2026-04-24 16:35:50', 0, 0, NULL, 1, NULL),
(6, 8, 3, 2, 83, 'BN2024492', '2025-12-25', '2026-10-08', 283, 9, 292, 1769510.4, 516697036.79999995, 1, '2026-04-24 16:35:50', '2026-04-24 16:35:50', 0, 0, NULL, 1, NULL),
(7, 9, 3, 5, 71, 'BN2024466', '2026-02-06', '2026-12-10', 475, 2, 477, 2606323.1999999997, 1243216166.3999999, 1, '2026-04-24 16:35:50', '2026-04-24 16:35:50', 0, 0, NULL, 1, NULL),
(8, 11, 4, 5, 1, 'BN2024476', '2026-02-03', '2026-11-20', 466, 6, 472, 2542911.0, 1200253992.0, 1, '2026-04-24 16:35:50', '2026-04-24 16:35:50', 0, 0, NULL, 1, NULL),
(9, 13, 5, 3, NULL, 'BN2024034', '2026-01-06', '2026-08-21', 124, 8, 132, 989746.7999999998, 130646577.59999998, 1, '2026-04-24 16:35:50', '2026-04-24 16:35:50', 0, 0, NULL, 1, NULL),
(10, 15, 5, 5, NULL, 'BN2024702', '2026-02-08', '2026-09-06', 455, 8, 463, 2070982.7999999998, 958865036.3999999, 1, '2026-04-24 16:35:50', '2026-04-24 16:35:50', 0, 0, NULL, 1, NULL),
(11, 19, 6, 5, 21, 'BN2024375', '2025-09-29', '2026-09-14', 138, 10, 148, 1192320.0, 176463360.0, 1, '2026-04-24 16:35:50', '2026-04-24 16:35:50', 0, 0, NULL, 1, NULL),
(12, 21, 7, 1, 71, 'BN2024727', '2025-09-21', '2026-08-13', 214, 1, 215, 1355312.4, 291392166.0, 1, '2026-04-24 16:35:50', '2026-04-24 16:35:50', 0, 0, NULL, 1, NULL),
(13, 29, 9, 1, NULL, 'BN2024920', '2025-12-19', '2026-09-29', 368, 0, 368, 2062095.0, 758850960.0, 1, '2026-04-24 16:35:50', '2026-04-24 16:35:50', 0, 0, NULL, 1, NULL),
(14, 30, 9, 2, 257, 'BN2024354', '2025-11-09', '2027-01-11', 85, 7, 92, 839475.0, 77231700.0, 1, '2026-04-24 16:35:50', '2026-04-24 16:35:50', 0, 0, NULL, 1, NULL),
(15, 34, 9, 6, 34, 'BN2024636', '2025-08-15', '2027-01-27', 235, 1, 236, 1360380.0, 321049680.0, 1, '2026-04-24 16:35:50', '2026-04-24 16:35:50', 0, 0, NULL, 1, NULL),
(16, 35, 10, 1, NULL, 'BN2024920', '2026-02-28', '2027-02-12', 214, 1, 215, 1449547.2, 311652648.0, 1, '2026-04-24 16:35:50', '2026-04-24 16:35:50', 0, 0, NULL, 1, NULL),
(17, 36, 10, 2, 255, 'BN2024115', '2025-08-05', '2027-01-22', 307, 8, 315, 1731871.8, 545539617.0, 1, '2026-04-24 16:35:50', '2026-04-24 16:35:50', 0, 0, NULL, 1, NULL),
(18, 38, 10, 4, 278, 'BN2024427', '2026-02-21', '2026-07-16', 304, 5, 309, 1601244.0, 494784396.0, 1, '2026-04-24 16:35:50', '2026-04-24 16:35:50', 0, 0, NULL, 1, NULL),
(19, 39, 10, 6, 150, 'BN2024756', '2025-08-15', '2026-06-29', 209, 3, 212, 998670.6000000001, 211718167.20000002, 1, '2026-04-24 16:35:50', '2026-04-24 16:35:50', 0, 0, NULL, 1, NULL),
(20, 42, 11, 4, 168, 'BN2024593', '2025-10-30', '2026-11-11', 36, 8, 44, 520991.99999999994, 22923647.999999996, 1, '2026-04-24 16:35:50', '2026-04-24 16:35:50', 0, 0, NULL, 1, NULL),
(21, 44, 12, 2, 157, 'BN2024312', '2025-08-10', '2027-01-01', 85, 3, 88, 676296.0, 59514048.0, 1, '2026-04-24 16:35:50', '2026-04-24 16:35:50', 0, 0, NULL, 1, NULL),
(22, 45, 12, 4, NULL, 'BN2024995', '2026-01-30', '2026-06-25', 376, 5, 381, 2116152.0, 806253912.0, 1, '2026-04-24 16:35:50', '2026-04-24 16:35:50', 0, 0, NULL, 1, NULL),
(23, 46, 12, 5, NULL, 'BN2024980', '2026-02-19', '2026-07-24', 62, 4, 66, 667569.6, 44059593.6, 1, '2026-04-24 16:35:50', '2026-04-24 16:35:50', 0, 0, NULL, 1, NULL),
(24, 47, 12, 6, 79, 'BN2024180', '2025-08-08', '2026-08-12', 223, 0, 223, 1588204.8, 354169670.40000004, 1, '2026-04-24 16:35:50', '2026-04-24 16:35:50', 0, 0, NULL, 1, NULL),
(25, 50, 13, 6, NULL, 'BN2024379', '2025-11-18', '2026-12-11', 356, 10, 366, 2520234.0, 922405644.0, 1, '2026-04-24 16:35:50', '2026-04-24 16:35:50', 0, 0, NULL, 1, NULL),
(26, 51, 14, 1, NULL, 'BN2024353', '2025-10-20', '2026-10-29', 300, 8, 308, 2572970.4, 792474883.1999999, 1, '2026-04-24 16:35:50', '2026-04-24 16:35:50', 0, 0, NULL, 1, NULL),
(27, 52, 14, 2, NULL, 'BN2024943', '2026-02-21', '2026-10-18', 192, 7, 199, 1991203.1999999997, 396249436.79999995, 1, '2026-04-24 16:35:50', '2026-04-24 16:35:50', 0, 0, NULL, 1, NULL),
(28, 54, 15, 2, 260, 'BN2024994', '2025-09-20', '2026-11-25', 129, 7, 136, 1114551.0, 151578936.0, 1, '2026-04-24 16:35:50', '2026-04-24 16:35:50', 0, 0, NULL, 1, NULL),
(29, 63, 17, 3, 21, 'BN2024116', '2025-08-02', '2026-12-03', 52, 1, 53, 1170889.2, 62057127.599999994, 1, '2026-04-24 16:35:50', '2026-04-24 16:35:50', 0, 0, NULL, 1, NULL),
(30, 64, 17, 4, 113, 'BN2024412', '2025-10-20', '2026-09-12', 210, 5, 215, 1783079.9999999998, 383362199.99999994, 1, '2026-04-24 16:35:50', '2026-04-24 16:35:50', 0, 0, NULL, 1, NULL),
(31, 65, 18, 4, NULL, 'BN2024657', '2025-11-09', '2026-08-08', 331, 3, 334, 2641758.0, 882347172.0, 1, '2026-04-24 16:35:50', '2026-04-24 16:35:50', 0, 0, NULL, 1, NULL),
(32, 66, 19, 2, 45, 'BN2024552', '2026-03-04', '2026-10-22', 386, 3, 389, 3029400.0, 1178436600.0, 1, '2026-04-24 16:35:50', '2026-04-24 16:35:50', 0, 0, NULL, 1, NULL),
(33, 67, 19, 4, 29, 'BN2024618', '2026-02-15', '2026-11-30', 383, 6, 389, 2595780.0, 1009758420.0, 1, '2026-04-24 16:35:50', '2026-04-24 16:35:50', 0, 0, NULL, 1, NULL),
(34, 68, 19, 5, 198, 'BN2024875', '2025-10-01', '2026-06-16', 320, 5, 325, 2524500.0, 820462500.0, 1, '2026-04-24 16:35:50', '2026-04-24 16:35:50', 0, 0, NULL, 1, NULL),
(35, 69, 20, 1, 45, 'BN2024457', '2025-08-22', '2026-12-16', 77, 6, 83, 1292130.0, 107246790.0, 1, '2026-04-24 16:35:50', '2026-04-24 16:35:50', 0, 0, NULL, 1, NULL),
(36, 71, 20, 3, 218, 'BN2024826', '2025-12-31', '2027-01-28', 416, 2, 418, 3501057.0, 1463441826.0, 1, '2026-04-24 16:35:50', '2026-04-24 16:35:50', 0, 0, NULL, 1, NULL),
(37, 74, 21, 1, 269, 'BN2024311', '2025-09-21', '2026-06-29', 246, 6, 252, 2200950.0, 554639400.0, 1, '2026-04-24 16:35:50', '2026-04-24 16:35:50', 0, 0, NULL, 1, NULL),
(38, 75, 21, 2, 140, 'BN2024420', '2025-10-12', '2026-07-27', 213, 7, 220, 2038140.0, 448390800.0, 1, '2026-04-24 16:35:50', '2026-04-24 16:35:50', 0, 0, NULL, 1, NULL),
(39, 78, 22, 1, 149, 'BN2024191', '2025-11-16', '2026-10-16', 493, 4, 497, 3577787.9999999995, 1778160635.9999998, 1, '2026-04-24 16:35:50', '2026-04-24 16:35:50', 0, 0, NULL, 1, NULL),
(40, 80, 22, 3, 115, 'BN2024573', '2025-07-04', '2027-01-01', 359, 2, 361, 2843724.5999999996, 1026584580.5999999, 1, '2026-04-24 16:35:50', '2026-04-24 16:35:50', 0, 0, NULL, 1, NULL),
(41, 81, 22, 5, 326, 'BN2024979', '2025-10-26', '2026-07-14', 309, 10, 319, 2837555.9999999995, 905180363.9999999, 1, '2026-04-24 16:35:50', '2026-04-24 16:35:50', 0, 0, NULL, 1, NULL),
(42, 83, 23, 2, 126, 'BN2024504', '2025-07-05', '2026-07-13', 322, 7, 329, 2327755.1999999997, 765831460.8, 1, '2026-04-24 16:35:50', '2026-04-24 16:35:50', 0, 0, NULL, 1, NULL),
(43, 85, 23, 6, 247, 'BN2024764', '2025-11-19', '2026-10-02', 445, 10, 455, 3058987.1999999997, 1391839175.9999998, 1, '2026-04-24 16:35:50', '2026-04-24 16:35:50', 0, 0, NULL, 1, NULL),
(44, 89, 24, 5, 133, 'BN2024751', '2025-08-08', '2026-11-08', 416, 2, 418, 3148110.0, 1315909980.0, 1, '2026-04-24 16:35:50', '2026-04-24 16:35:50', 0, 0, NULL, 1, NULL),
(45, 90, 25, 2, 183, 'BN2024900', '2025-08-08', '2026-06-26', 117, 5, 122, 657621.0, 80229762.0, 1, '2026-04-24 16:35:50', '2026-04-24 16:35:50', 0, 0, NULL, 1, NULL),
(46, 91, 25, 4, 25, 'BN2024934', '2025-09-10', '2026-08-26', 187, 10, 197, 817716.0, 161090052.0, 1, '2026-04-24 16:35:50', '2026-04-24 16:35:50', 0, 0, NULL, 1, NULL),
(47, 95, 27, 3, 86, 'BN2024097', '2025-11-14', '2026-09-03', 15, 10, 25, 316612.8, 7915320.0, 1, '2026-04-24 16:35:50', '2026-04-24 16:35:50', 0, 0, NULL, 1, NULL),
(48, 97, 27, 6, 50, 'BN2024715', '2025-11-11', '2026-11-08', 73, 2, 75, 309074.39999999997, 23180579.999999996, 1, '2026-04-24 16:35:50', '2026-04-24 16:35:50', 0, 0, NULL, 1, NULL),
(49, 98, 28, 3, NULL, 'BN2024531', '2026-01-13', '2026-10-15', 287, 5, 292, 890532.0, 260035344.0, 1, '2026-04-24 16:35:50', '2026-04-24 16:35:50', 0, 0, NULL, 1, NULL),
(50, 100, 28, 5, NULL, 'BN2024224', '2025-08-23', '2027-01-11', 275, 8, 283, 857265.0, 242605995.0, 1, '2026-04-24 16:35:50', '2026-04-24 16:35:50', 0, 0, NULL, 1, NULL),
(51, 107, 31, 1, 60, 'BN2024472', '2026-01-23', '2026-07-16', 333, 7, 340, 991872.0, 337236480.0, 1, '2026-04-24 16:35:50', '2026-04-24 16:35:50', 0, 0, NULL, 1, NULL),
(52, 108, 31, 3, 227, 'BN2024708', '2026-02-10', '2026-11-12', 481, 5, 486, 1471276.8, 715040524.8000001, 1, '2026-04-24 16:35:50', '2026-04-24 16:35:50', 0, 0, NULL, 1, NULL),
(53, 109, 31, 5, NULL, 'BN2024312', '2026-01-22', '2026-07-13', 319, 2, 321, 1095782.4, 351746150.4, 1, '2026-04-24 16:35:50', '2026-04-24 16:35:50', 0, 0, NULL, 1, NULL),
(54, 111, 32, 5, 108, 'BN2024233', '2025-07-31', '2026-07-03', 229, 1, 230, 719182.7999999999, 165412043.99999997, 1, '2026-04-24 16:35:50', '2026-04-24 16:35:50', 0, 0, NULL, 1, NULL),
(55, 112, 32, 6, 221, 'BN2024794', '2025-07-08', '2026-08-02', 90, 0, 90, 538164.0, 48434760.0, 1, '2026-04-24 16:35:50', '2026-04-24 16:35:50', 0, 0, NULL, 1, NULL),
(56, 115, 33, 4, 23, 'BN2024122', '2025-07-14', '2026-08-29', 358, 0, 358, 1249268.9999999998, 447238301.99999994, 1, '2026-04-24 16:35:50', '2026-04-24 16:35:50', 0, 0, NULL, 1, NULL),
(57, 119, 34, 3, NULL, 'BN2024923', '2025-12-16', '2026-09-10', 69, 1, 70, 500340.5999999999, 35023841.99999999, 1, '2026-04-24 16:35:50', '2026-04-24 16:35:50', 0, 0, NULL, 1, NULL),
(58, 120, 34, 5, 297, 'BN2024765', '2025-09-25', '2026-09-11', 344, 8, 352, 1310536.7999999998, 461308953.5999999, 1, '2026-04-24 16:35:50', '2026-04-24 16:35:50', 0, 0, NULL, 1, NULL),
(59, 124, 35, 4, 8, 'BN2024840', '2025-11-10', '2026-08-07', 460, 4, 464, 1515508.7999999998, 703196083.1999999, 1, '2026-04-24 16:35:50', '2026-04-24 16:35:50', 0, 0, NULL, 1, NULL),
(60, 125, 35, 5, 51, 'BN2024773', '2026-02-19', '2026-08-06', 105, 7, 112, 533988.0, 59806656.0, 1, '2026-04-24 16:35:50', '2026-04-24 16:35:50', 0, 0, NULL, 1, NULL),
(61, 126, 35, 6, NULL, 'BN2024604', '2025-12-17', '2027-02-13', 342, 2, 344, 1047633.5999999999, 360385958.4, 1, '2026-04-24 16:35:50', '2026-04-24 16:35:50', 0, 0, NULL, 1, NULL),
(62, 129, 36, 3, NULL, 'BN2024527', '2025-07-26', '2026-12-24', 338, 1, 339, 1034662.2000000001, 350750485.8, 1, '2026-04-24 16:35:50', '2026-04-24 16:35:50', 0, 0, NULL, 1, NULL),
(63, 130, 36, 6, NULL, 'BN2024533', '2026-01-09', '2026-09-13', 226, 8, 234, 908859.6, 212673146.4, 1, '2026-04-24 16:35:50', '2026-04-24 16:35:50', 0, 0, NULL, 1, NULL),
(64, 132, 37, 3, NULL, 'BN2024506', '2025-09-08', '2026-10-07', 151, 4, 155, 2052273.5999999999, 318102408.0, 1, '2026-04-24 16:35:50', '2026-04-24 16:35:50', 0, 0, NULL, 1, NULL),
(65, 135, 38, 1, NULL, 'BN2024418', '2026-02-01', '2026-09-30', 327, 1, 328, 3663953.9999999995, 1201776911.9999998, 1, '2026-04-24 16:35:50', '2026-04-24 16:35:50', 0, 0, NULL, 1, NULL),
(66, 139, 39, 4, 252, 'BN2024014', '2025-12-17', '2026-07-09', 108, 7, 115, 2475370.8, 284667642.0, 1, '2026-04-24 16:35:50', '2026-04-24 16:35:50', 0, 0, NULL, 1, NULL),
(67, 142, 40, 2, 303, 'BN2024405', '2026-03-05', '2026-07-09', 79, 1, 80, 139994.4, 11199552.0, 1, '2026-04-24 16:35:50', '2026-04-24 16:35:50', 0, 0, NULL, 1, NULL),
(68, 143, 40, 4, 305, 'BN2024204', '2026-01-30', '2026-09-24', 182, 3, 185, 222298.8, 41125278.0, 1, '2026-04-24 16:35:50', '2026-04-24 16:35:50', 0, 0, NULL, 1, NULL),
(69, 146, 41, 2, 304, 'BN2024731', '2025-09-05', '2026-12-23', 322, 6, 328, 381543.0, 125146104.0, 1, '2026-04-24 16:35:50', '2026-04-24 16:35:50', 0, 0, NULL, 1, NULL),
(70, 147, 41, 4, 208, 'BN2024683', '2025-10-30', '2026-10-21', 375, 2, 377, 413266.8, 155801583.6, 1, '2026-04-24 16:35:50', '2026-04-24 16:35:50', 0, 0, NULL, 1, NULL),
(71, 149, 41, 6, 119, 'BN2024257', '2025-12-05', '2027-02-09', 190, 0, 190, 234070.19999999998, 44473338.0, 1, '2026-04-24 16:35:50', '2026-04-24 16:35:50', 0, 0, NULL, 1, NULL),
(72, 150, 42, 2, 256, 'BN2024055', '2025-12-18', '2026-06-19', 403, 6, 409, 34344.0, 14046696.0, 1, '2026-04-24 16:35:50', '2026-04-24 16:35:50', 0, 0, NULL, 1, NULL),
(73, 152, 42, 4, 50, 'BN2024311', '2026-01-08', '2026-07-02', 133, 8, 141, 11638.8, 1641070.7999999998, 1, '2026-04-24 16:35:50', '2026-04-24 16:35:50', 0, 0, NULL, 1, NULL),
(74, 155, 43, 4, 259, 'BN2024678', '2025-09-02', '2026-10-29', 119, 8, 127, 12301.8, 1562328.5999999999, 1, '2026-04-24 16:35:50', '2026-04-24 16:35:50', 0, 0, NULL, 1, NULL),
(75, 158, 45, 1, 61, 'BN2024441', '2025-10-04', '2026-10-06', 305, 6, 311, 19003.2, 5909995.2, 1, '2026-04-24 16:35:50', '2026-04-24 16:35:50', 0, 0, NULL, 1, NULL),
(76, 159, 45, 2, NULL, 'BN2024037', '2025-11-17', '2026-11-28', 206, 2, 208, 14474.4, 3010675.1999999997, 1, '2026-04-24 16:35:50', '2026-04-24 16:35:50', 0, 0, NULL, 1, NULL),
(77, 160, 45, 4, 200, 'BN2024138', '2025-10-30', '2026-12-25', 84, 9, 93, 8658.0, 805194.0, 1, '2026-04-24 16:35:50', '2026-04-24 16:35:50', 0, 0, NULL, 1, NULL),
(78, 165, 46, 6, NULL, 'BN2024875', '2025-07-12', '2026-09-21', 0, 7, 7, 6976.8, 48837.6, 1, '2026-04-24 16:35:50', '2026-04-24 16:35:50', 0, 0, NULL, 1, NULL),
(79, 167, 47, 2, 146, 'BN2024693', '2025-09-18', '2026-06-28', 410, 9, 419, 17903.399999999998, 7501524.599999999, 1, '2026-04-24 16:35:50', '2026-04-24 16:35:50', 0, 0, NULL, 1, NULL),
(80, 168, 47, 3, 299, 'BN2024858', '2025-07-04', '2026-12-25', 401, 5, 406, 18571.199999999997, 7539907.199999999, 1, '2026-04-24 16:35:50', '2026-04-24 16:35:50', 0, 0, NULL, 1, NULL),
(81, 169, 47, 4, 183, 'BN2024439', '2025-10-11', '2026-09-10', 68, 10, 78, 6264.599999999999, 488638.79999999993, 1, '2026-04-24 16:35:50', '2026-04-24 16:35:50', 0, 0, NULL, 1, NULL),
(82, 170, 47, 6, 304, 'BN2024241', '2025-07-19', '2027-02-01', 305, 4, 309, 12242.999999999998, 3783086.9999999995, 1, '2026-04-24 16:35:50', '2026-04-24 16:35:50', 0, 0, NULL, 1, NULL),
(83, 171, 48, 1, NULL, 'BN2024174', '2025-09-19', '2026-06-22', 373, 10, 383, 19617.0, 7513311.0, 1, '2026-04-24 16:35:50', '2026-04-24 16:35:50', 0, 0, NULL, 1, NULL),
(84, 175, 49, 1, 12, 'BN2024713', '2025-09-17', '2026-09-17', 95, 6, 101, 7706.4, 778346.3999999999, 1, '2026-04-24 16:35:50', '2026-04-24 16:35:50', 0, 0, NULL, 1, NULL),
(85, 176, 49, 2, 52, 'BN2024101', '2025-12-21', '2026-12-02', 186, 5, 191, 9422.4, 1799678.4, 1, '2026-04-24 16:35:50', '2026-04-24 16:35:50', 0, 0, NULL, 1, NULL),
(86, 177, 49, 4, 174, 'BN2024831', '2025-08-09', '2026-11-17', 392, 5, 397, 17066.399999999998, 6775360.799999999, 1, '2026-04-24 16:35:50', '2026-04-24 16:35:50', 0, 0, NULL, 1, NULL),
(87, 179, 50, 3, 39, 'BN2024651', '2026-01-29', '2027-01-16', 165, 3, 168, 10238.4, 1720051.2, 1, '2026-04-24 16:35:50', '2026-04-24 16:35:50', 0, 0, NULL, 1, NULL),
(88, 180, 50, 4, NULL, 'BN2024049', '2025-11-21', '2026-09-23', 490, 9, 499, 17625.6, 8795174.399999999, 1, '2026-04-24 16:35:50', '2026-04-24 16:35:50', 0, 0, NULL, 1, NULL),
(89, 182, 50, 6, 304, 'BN2024865', '2025-09-22', '2026-08-21', 39, 9, 48, 5540.4, 265939.19999999995, 1, '2026-04-24 16:35:50', '2026-04-24 16:35:50', 0, 0, NULL, 1, NULL),
(90, 184, 51, 3, 40, 'BN2024215', '2025-12-11', '2027-01-09', 392, 8, 400, 14993.999999999998, 5997599.999999999, 1, '2026-04-24 16:35:50', '2026-04-24 16:35:50', 0, 0, NULL, 1, NULL),
(91, 186, 51, 5, 213, 'BN2024553', '2025-10-08', '2026-08-16', 392, 8, 400, 15942.599999999999, 6377039.999999999, 1, '2026-04-24 16:35:50', '2026-04-24 16:35:50', 0, 0, NULL, 1, NULL),
(92, 187, 52, 2, 10, 'BN2024782', '2025-12-05', '2026-12-10', 327, 2, 329, 11372.4, 3741519.6, 1, '2026-04-24 16:35:50', '2026-04-24 16:35:50', 0, 0, NULL, 1, NULL),
(93, 189, 52, 5, 240, 'BN2024986', '2025-09-04', '2027-02-07', 350, 8, 358, 13089.599999999999, 4686076.8, 1, '2026-04-24 16:35:50', '2026-04-24 16:35:50', 0, 0, NULL, 1, NULL),
(94, 195, 53, 6, 76, 'BN2024206', '2025-08-28', '2026-07-21', 345, 4, 349, 14106.599999999999, 4923203.399999999, 1, '2026-04-24 16:35:50', '2026-04-24 16:35:50', 0, 0, NULL, 1, NULL),
(95, 197, 54, 5, 33, 'BN2024881', '2025-12-07', '2026-08-04', 126, 4, 130, 123660.0, 16075800.0, 1, '2026-04-24 16:35:50', '2026-04-24 16:35:50', 0, 0, NULL, 1, NULL),
(96, 200, 55, 3, NULL, 'BN2024616', '2025-08-28', '2026-07-12', 381, 3, 384, 261609.6, 100458086.4, 1, '2026-04-24 16:35:50', '2026-04-24 16:35:50', 0, 0, NULL, 1, NULL),
(97, 201, 55, 4, 238, 'BN2024817', '2025-10-30', '2026-11-03', 175, 6, 181, 162132.0, 29345892.0, 1, '2026-04-24 16:35:50', '2026-04-24 16:35:50', 0, 0, NULL, 1, NULL),
(98, 203, 56, 1, NULL, 'BN2024164', '2025-07-05', '2026-08-18', 119, 10, 129, 93542.40000000001, 12066969.600000001, 1, '2026-04-24 16:35:50', '2026-04-24 16:35:50', 0, 0, NULL, 1, NULL),
(99, 206, 57, 2, 11, 'BN2024740', '2025-07-12', '2027-01-19', 450, 5, 455, 301730.4, 137287332.0, 1, '2026-04-24 16:35:50', '2026-04-24 16:35:50', 0, 0, NULL, 1, NULL),
(100, 210, 58, 3, 47, 'BN2024373', '2025-10-07', '2027-02-09', 350, 3, 353, 236782.80000000002, 83584328.4, 1, '2026-04-24 16:35:50', '2026-04-24 16:35:50', 0, 0, NULL, 1, NULL),
(101, 211, 58, 4, 62, 'BN2024753', '2025-11-08', '2026-11-30', 42, 8, 50, 86496.0, 4324800.0, 1, '2026-04-24 16:35:50', '2026-04-24 16:35:50', 0, 0, NULL, 1, NULL),
(102, 212, 58, 5, NULL, 'BN2024906', '2025-11-28', '2026-07-14', 129, 5, 134, 117310.20000000001, 15719566.8, 1, '2026-04-24 16:35:50', '2026-04-24 16:35:50', 0, 0, NULL, 1, NULL),
(103, 218, 60, 3, NULL, 'BN2024110', '2026-03-03', '2026-08-22', 361, 6, 367, 262485.0, 96331995.0, 1, '2026-04-24 16:35:50', '2026-04-24 16:35:50', 0, 0, NULL, 1, NULL),
(104, 219, 60, 4, NULL, 'BN2024604', '2025-11-11', '2026-09-16', 438, 5, 443, 290667.60000000003, 128765746.80000001, 1, '2026-04-24 16:35:50', '2026-04-24 16:35:50', 0, 0, NULL, 1, NULL),
(105, 221, 61, 1, 75, 'BN2024253', '2025-09-28', '2026-10-12', 166, 4, 170, 132784.8, 22573415.999999996, 1, '2026-04-24 16:35:50', '2026-04-24 16:35:50', 0, 0, NULL, 1, NULL),
(106, 222, 61, 2, 18, 'BN2024991', '2026-01-29', '2026-12-19', 404, 0, 404, 241080.59999999998, 97396562.39999999, 1, '2026-04-24 16:35:50', '2026-04-24 16:35:50', 0, 0, NULL, 1, NULL),
(107, 225, 61, 5, 328, 'BN2024566', '2026-02-28', '2026-12-09', 339, 10, 349, 266657.99999999994, 93063641.99999999, 1, '2026-04-24 16:35:50', '2026-04-24 16:35:50', 0, 0, NULL, 1, NULL),
(108, 226, 62, 1, NULL, 'BN2024888', '2025-10-19', '2026-09-20', 146, 6, 152, 116681.4, 17735572.8, 1, '2026-04-24 16:35:50', '2026-04-24 16:35:50', 0, 0, NULL, 1, NULL),
(109, 229, 63, 2, 121, 'BN2024959', '2025-09-12', '2026-08-05', 452, 7, 459, 302716.8, 138947011.2, 1, '2026-04-24 16:35:50', '2026-04-24 16:35:50', 0, 0, NULL, 1, NULL),
(110, 233, 63, 6, NULL, 'BN2024035', '2025-07-18', '2027-01-09', 6, 7, 13, 77324.4, 1005217.2, 1, '2026-04-24 16:35:50', '2026-04-24 16:35:50', 0, 0, NULL, 1, NULL),
(111, 236, 64, 3, 52, 'BN2024433', '2026-01-25', '2026-07-24', 265, 8, 273, 155536.80000000002, 42461546.400000006, 1, '2026-04-24 16:35:50', '2026-04-24 16:35:50', 0, 0, NULL, 1, NULL),
(112, 237, 64, 5, 281, 'BN2024431', '2026-01-02', '2026-09-04', 236, 0, 236, 202252.80000000002, 47731660.800000004, 1, '2026-04-24 16:35:50', '2026-04-24 16:35:50', 0, 0, NULL, 1, NULL),
(113, 240, 65, 2, 70, 'BN2024455', '2025-06-28', '2026-09-23', 324, 10, 334, 227782.79999999996, 76079455.19999999, 1, '2026-04-24 16:35:50', '2026-04-24 16:35:50', 0, 0, NULL, 1, NULL),
(114, 241, 65, 3, NULL, 'BN2024590', '2025-08-07', '2026-08-15', 404, 10, 414, 258593.99999999997, 107057915.99999999, 1, '2026-04-24 16:35:50', '2026-04-24 16:35:50', 0, 0, NULL, 1, NULL),
(115, 246, 66, 6, 69, 'BN2024490', '2025-09-02', '2026-07-27', 117, 9, 126, 136468.19999999998, 17194993.2, 1, '2026-04-24 16:35:50', '2026-04-24 16:35:50', 0, 0, NULL, 1, NULL),
(116, 249, 68, 2, 202, 'BN2024425', '2026-02-07', '2026-09-17', 26, 3, 29, 47397.6, 1374530.4, 1, '2026-04-24 16:35:50', '2026-04-24 16:35:50', 0, 0, NULL, 1, NULL),
(117, 250, 68, 5, 314, 'BN2024024', '2025-12-05', '2026-08-10', 317, 7, 324, 215740.8, 69900019.2, 1, '2026-04-24 16:35:50', '2026-04-24 16:35:50', 0, 0, NULL, 1, NULL),
(118, 251, 68, 6, 26, 'BN2024719', '2025-10-08', '2026-11-18', 490, 9, 499, 301274.39999999997, 150335925.6, 1, '2026-04-24 16:35:50', '2026-04-24 16:35:50', 0, 0, NULL, 1, NULL),
(119, 252, 69, 1, 88, 'BN2024092', '2026-02-25', '2026-11-05', 63, 0, 63, 117158.4, 7380979.199999999, 1, '2026-04-24 16:35:50', '2026-04-24 16:35:50', 0, 0, NULL, 1, NULL),
(120, 254, 69, 3, 254, 'BN2024943', '2025-07-28', '2026-08-09', 399, 3, 402, 272827.2, 109676534.4, 1, '2026-04-24 16:35:50', '2026-04-24 16:35:50', 0, 0, NULL, 1, NULL),
(121, 257, 69, 6, 67, 'BN2024765', '2025-10-16', '2027-01-18', 427, 9, 436, 282048.0, 122972928.0, 1, '2026-04-24 16:35:50', '2026-04-24 16:35:50', 0, 0, NULL, 1, NULL),
(122, 258, 70, 1, NULL, 'BN2024844', '2025-12-18', '2026-07-31', 387, 2, 389, 275355.6, 107113328.39999999, 1, '2026-04-24 16:35:50', '2026-04-24 16:35:50', 0, 0, NULL, 1, NULL),
(123, 259, 70, 2, NULL, 'BN2024150', '2026-03-04', '2026-08-19', 14, 9, 23, 76363.8, 1756367.4000000001, 1, '2026-04-24 16:35:50', '2026-04-24 16:35:50', 0, 0, NULL, 1, NULL),
(124, 260, 70, 3, 235, 'BN2024255', '2025-07-19', '2026-06-15', 99, 2, 101, 130989.0, 13229889.0, 1, '2026-04-24 16:35:50', '2026-04-24 16:35:50', 0, 0, NULL, 1, NULL),
(125, 263, 71, 3, 217, 'BN2024218', '2026-01-02', '2026-11-12', 53, 1, 54, 80614.8, 4353199.2, 1, '2026-04-24 16:35:50', '2026-04-24 16:35:50', 0, 0, NULL, 1, NULL),
(126, 264, 71, 4, NULL, 'BN2024061', '2026-02-21', '2026-08-12', 399, 5, 404, 250070.4, 101028441.6, 1, '2026-04-24 16:35:50', '2026-04-24 16:35:50', 0, 0, NULL, 1, NULL),
(127, 270, 73, 2, 196, 'BN2024260', '2025-09-13', '2027-02-18', 92, 10, 102, 11965.199999999999, 1220450.4, 1, '2026-04-24 16:35:50', '2026-04-24 16:35:50', 0, 0, NULL, 1, NULL),
(128, 271, 73, 4, 22, 'BN2024992', '2025-11-23', '2026-07-28', 16, 2, 18, 9133.199999999999, 164397.59999999998, 1, '2026-04-24 16:35:50', '2026-04-24 16:35:50', 0, 0, NULL, 1, NULL),
(129, 275, 74, 4, 222, 'BN2024325', '2025-08-03', '2026-08-18', 231, 5, 236, 19613.399999999998, 4628762.399999999, 1, '2026-04-24 16:35:50', '2026-04-24 16:35:50', 0, 0, NULL, 1, NULL),
(130, 276, 74, 5, 144, 'BN2024131', '2026-01-05', '2026-09-13', 88, 4, 92, 9312.0, 856704.0, 1, '2026-04-24 16:35:50', '2026-04-24 16:35:50', 0, 0, NULL, 1, NULL),
(131, 278, 75, 1, 136, 'BN2024850', '2025-11-07', '2026-09-01', 343, 2, 345, 30999.599999999995, 10694861.999999998, 1, '2026-04-24 16:35:50', '2026-04-24 16:35:50', 0, 0, NULL, 1, NULL),
(132, 279, 75, 3, 78, 'BN2024504', '2025-11-17', '2027-01-17', 318, 10, 328, 23740.199999999997, 7786785.599999999, 1, '2026-04-24 16:35:50', '2026-04-24 16:35:50', 0, 0, NULL, 1, NULL),
(133, 281, 75, 6, NULL, 'BN2024153', '2025-08-13', '2026-06-22', 91, 4, 95, 11641.199999999999, 1105914.0, 1, '2026-04-24 16:35:50', '2026-04-24 16:35:50', 0, 0, NULL, 1, NULL),
(134, 282, 76, 2, 254, 'BN2024479', '2025-07-08', '2026-10-04', 354, 8, 362, 30503.999999999996, 11042447.999999998, 1, '2026-04-24 16:35:50', '2026-04-24 16:35:50', 0, 0, NULL, 1, NULL),
(135, 283, 76, 3, NULL, 'BN2024505', '2025-12-29', '2027-01-20', 365, 1, 366, 29536.799999999996, 10810468.799999999, 1, '2026-04-24 16:35:50', '2026-04-24 16:35:50', 0, 0, NULL, 1, NULL),
(136, 284, 76, 6, 93, 'BN2024209', '2026-01-27', '2026-07-26', 319, 4, 323, 30652.799999999996, 9900854.399999999, 1, '2026-04-24 16:35:50', '2026-04-24 16:35:50', 0, 0, NULL, 1, NULL),
(137, 287, 77, 6, NULL, 'BN2024995', '2026-01-10', '2026-11-06', 95, 6, 101, 13041.6, 1317201.6, 1, '2026-04-24 16:35:50', '2026-04-24 16:35:50', 0, 0, NULL, 1, NULL),
(138, 289, 78, 2, 169, 'BN2024511', '2025-07-04', '2026-08-24', 44, 10, 54, 12230.4, 660441.6, 1, '2026-04-24 16:35:50', '2026-04-24 16:35:50', 0, 0, NULL, 1, NULL),
(139, 290, 78, 5, 55, 'BN2024383', '2026-01-28', '2026-09-03', 51, 0, 51, 6926.4, 353246.39999999997, 1, '2026-04-24 16:35:50', '2026-04-24 16:35:50', 0, 0, NULL, 1, NULL),
(140, 291, 78, 6, 246, 'BN2024851', '2025-10-22', '2026-11-20', 168, 9, 177, 17908.8, 3169857.6, 1, '2026-04-24 16:35:50', '2026-04-24 16:35:50', 0, 0, NULL, 1, NULL),
(141, 293, 79, 2, 232, 'BN2024045', '2025-09-19', '2027-02-10', 315, 2, 317, 29265.6, 9277195.2, 1, '2026-04-24 16:35:50', '2026-04-24 16:35:50', 0, 0, NULL, 1, NULL),
(142, 294, 79, 4, 145, 'BN2024050', '2025-09-18', '2027-01-03', 109, 1, 110, 14164.8, 1558128.0, 1, '2026-04-24 16:35:50', '2026-04-24 16:35:50', 0, 0, NULL, 1, NULL),
(143, 297, 80, 3, NULL, 'BN2024262', '2026-03-02', '2026-12-27', 107, 1, 108, 11232.599999999999, 1213120.7999999998, 1, '2026-04-24 16:35:50', '2026-04-24 16:35:50', 0, 0, NULL, 1, NULL),
(144, 298, 81, 2, NULL, 'BN2024214', '2026-01-13', '2026-09-24', 288, 10, 298, 21052.8, 6273734.399999999, 1, '2026-04-24 16:35:50', '2026-04-24 16:35:50', 0, 0, NULL, 1, NULL),
(145, 301, 81, 5, 159, 'BN2024503', '2026-02-14', '2026-12-05', 102, 2, 104, 15361.199999999999, 1597564.7999999998, 1, '2026-04-24 16:35:50', '2026-04-24 16:35:50', 0, 0, NULL, 1, NULL),
(146, 302, 82, 1, 263, 'BN2024099', '2025-08-18', '2026-10-16', 415, 6, 421, 39718.799999999996, 16721614.799999999, 1, '2026-04-24 16:35:50', '2026-04-24 16:35:50', 0, 0, NULL, 1, NULL),
(147, 303, 82, 2, 47, 'BN2024577', '2026-01-07', '2026-09-29', 148, 9, 157, 17770.8, 2790015.6, 1, '2026-04-24 16:35:50', '2026-04-24 16:35:50', 0, 0, NULL, 1, NULL),
(148, 304, 82, 3, 21, 'BN2024646', '2025-11-06', '2026-09-08', 21, 10, 31, 9274.8, 287518.8, 1, '2026-04-24 16:35:50', '2026-04-24 16:35:50', 0, 0, NULL, 1, NULL),
(149, 305, 82, 4, 254, 'BN2024703', '2025-11-09', '2026-11-21', 434, 8, 442, 40780.799999999996, 18025113.599999998, 1, '2026-04-24 16:35:50', '2026-04-24 16:35:50', 0, 0, NULL, 1, NULL),
(150, 306, 83, 4, 245, 'BN2024480', '2025-09-12', '2026-07-21', 266, 10, 276, 26384.399999999998, 7282094.399999999, 1, '2026-04-24 16:35:50', '2026-04-24 16:35:50', 0, 0, NULL, 1, NULL),
(151, 310, 84, 6, 24, 'BN2024049', '2025-11-06', '2026-07-10', 126, 6, 132, 8642.999999999998, 1140875.9999999998, 1, '2026-04-24 16:35:50', '2026-04-24 16:35:50', 0, 0, NULL, 1, NULL),
(152, 311, 85, 2, 292, 'BN2024476', '2026-01-22', '2026-08-16', 64, 4, 68, 7614.0, 517752.0, 1, '2026-04-24 16:35:50', '2026-04-24 16:35:50', 0, 0, NULL, 1, NULL),
(153, 314, 85, 6, 92, 'BN2024759', '2026-01-15', '2026-07-29', 51, 0, 51, 8964.0, 457164.0, 1, '2026-04-24 16:35:50', '2026-04-24 16:35:50', 0, 0, NULL, 1, NULL),
(154, 315, 86, 1, 161, 'BN2024898', '2025-11-25', '2026-12-15', 157, 10, 167, 865036.7999999999, 144461145.6, 1, '2026-04-24 16:35:50', '2026-04-24 16:35:50', 0, 0, NULL, 1, NULL),
(155, 316, 86, 3, NULL, 'BN2024828', '2026-03-02', '2027-02-03', 177, 3, 180, 901080.0, 162194400.0, 1, '2026-04-24 16:35:50', '2026-04-24 16:35:50', 0, 0, NULL, 1, NULL),
(156, 317, 86, 4, 133, 'BN2024765', '2026-02-06', '2026-12-02', 21, 6, 27, 387464.39999999997, 10461538.799999999, 1, '2026-04-24 16:35:50', '2026-04-24 16:35:50', 0, 0, NULL, 1, NULL),
(157, 319, 86, 6, NULL, 'BN2024120', '2025-12-12', '2026-10-13', 310, 6, 316, 1168400.4, 369214526.4, 1, '2026-04-24 16:35:50', '2026-04-24 16:35:50', 0, 0, NULL, 1, NULL),
(158, 323, 87, 5, 316, 'BN2024634', '2025-09-28', '2026-12-06', 347, 10, 357, 1344754.8, 480077463.6, 1, '2026-04-24 16:35:50', '2026-04-24 16:35:50', 0, 0, NULL, 1, NULL),
(159, 324, 88, 1, NULL, 'BN2024310', '2025-08-01', '2026-06-16', 127, 1, 128, 529938.0, 67832064.0, 1, '2026-04-24 16:35:50', '2026-04-24 16:35:50', 0, 0, NULL, 1, NULL),
(160, 327, 89, 2, NULL, 'BN2024028', '2025-12-11', '2026-07-20', 184, 3, 187, 779064.0, 145684968.0, 1, '2026-04-24 16:35:50', '2026-04-24 16:35:50', 0, 0, NULL, 1, NULL),
(161, 328, 89, 3, 276, 'BN2024642', '2025-08-15', '2026-07-05', 301, 7, 308, 1090689.6, 335932396.8, 1, '2026-04-24 16:35:50', '2026-04-24 16:35:50', 0, 0, NULL, 1, NULL),
(162, 329, 89, 4, NULL, 'BN2024433', '2025-08-09', '2027-01-30', 232, 7, 239, 1165599.6, 278578304.40000004, 1, '2026-04-24 16:35:50', '2026-04-24 16:35:50', 0, 0, NULL, 1, NULL),
(163, 331, 89, 6, 125, 'BN2024881', '2025-08-18', '2026-08-27', 71, 6, 77, 536355.6, 41299381.199999996, 1, '2026-04-24 16:35:50', '2026-04-24 16:35:50', 0, 0, NULL, 1, NULL),
(164, 332, 90, 1, NULL, 'BN2024009', '2026-01-30', '2026-12-12', 148, 6, 154, 658944.0, 101477376.0, 1, '2026-04-24 16:35:50', '2026-04-24 16:35:50', 0, 0, NULL, 1, NULL),
(165, 337, 92, 2, 263, 'BN2024500', '2025-11-26', '2026-12-15', 341, 10, 351, 4871025.600000001, 1709729985.6000001, 1, '2026-04-24 16:35:50', '2026-04-24 16:35:50', 0, 0, NULL, 1, NULL),
(166, 340, 93, 3, 217, 'BN2024063', '2025-11-22', '2026-09-01', 421, 1, 422, 5568278.4, 2349813484.8, 1, '2026-04-24 16:35:50', '2026-04-24 16:35:50', 0, 0, NULL, 1, NULL),
(167, 341, 93, 5, 243, 'BN2024664', '2025-07-27', '2026-10-17', 201, 10, 211, 4056202.8000000003, 855858790.8000001, 1, '2026-04-24 16:35:50', '2026-04-24 16:35:50', 0, 0, NULL, 1, NULL),
(168, 342, 93, 6, 83, 'BN2024715', '2025-09-09', '2026-12-15', 93, 7, 100, 1548077.4000000001, 154807740.0, 1, '2026-04-24 16:35:50', '2026-04-24 16:35:50', 0, 0, NULL, 1, NULL),
(169, 343, 94, 3, 301, 'BN2024238', '2026-02-15', '2026-12-05', 285, 9, 294, 4942516.8, 1453099939.2, 1, '2026-04-24 16:35:50', '2026-04-24 16:35:50', 0, 0, NULL, 1, NULL),
(170, 346, 94, 6, NULL, 'BN2024905', '2025-12-27', '2026-09-20', 192, 10, 202, 3131060.4, 632474200.8, 1, '2026-04-24 16:35:50', '2026-04-24 16:35:50', 0, 0, NULL, 1, NULL),
(171, 348, 95, 3, 83, 'BN2024484', '2025-12-04', '2026-08-05', 339, 1, 340, 49572.0, 16854480.0, 1, '2026-04-24 16:35:50', '2026-04-24 16:35:50', 0, 0, NULL, 1, NULL),
(172, 350, 96, 2, NULL, 'BN2024205', '2025-10-31', '2026-07-08', 391, 7, 398, 62054.399999999994, 24697651.2, 1, '2026-04-24 16:35:50', '2026-04-24 16:35:50', 0, 0, NULL, 1, NULL),
(173, 351, 96, 4, 10, 'BN2024215', '2025-09-27', '2027-01-24', 476, 5, 481, 75265.2, 36202561.199999996, 1, '2026-04-24 16:35:50', '2026-04-24 16:35:50', 0, 0, NULL, 1, NULL),
(174, 353, 96, 6, 17, 'BN2024881', '2026-01-20', '2026-06-29', 228, 6, 234, 35632.799999999996, 8338075.199999999, 1, '2026-04-24 16:35:50', '2026-04-24 16:35:50', 0, 0, NULL, 1, NULL),
(175, 354, 97, 1, NULL, 'BN2024233', '2025-08-24', '2026-10-15', 372, 5, 377, 60472.799999999996, 22798245.599999998, 1, '2026-04-24 16:35:50', '2026-04-24 16:35:50', 0, 0, NULL, 1, NULL),
(176, 363, 99, 2, 225, 'BN2024052', '2026-01-18', '2026-10-08', 361, 1, 362, 60577.2, 21928946.4, 1, '2026-04-24 16:35:50', '2026-04-24 16:35:50', 0, 0, NULL, 1, NULL),
(177, 367, 100, 2, NULL, 'BN2024576', '2025-07-24', '2026-07-25', 82, 1, 83, 19648.2, 1630800.6, 1, '2026-04-24 16:35:50', '2026-04-24 16:35:50', 0, 0, NULL, 1, NULL),
(178, 370, 100, 6, 260, 'BN2024300', '2025-11-02', '2026-12-17', 336, 2, 338, 59494.200000000004, 20109039.6, 1, '2026-04-24 16:35:50', '2026-04-24 16:35:50', 0, 0, NULL, 1, NULL),
(179, 372, 101, 3, NULL, 'BN2024142', '2025-08-18', '2026-10-03', 416, 0, 416, 62515.799999999996, 26006572.799999997, 1, '2026-04-24 16:35:50', '2026-04-24 16:35:50', 0, 0, NULL, 1, NULL),
(180, 373, 101, 4, 147, 'BN2024829', '2025-11-04', '2026-07-26', 177, 4, 181, 25605.6, 4634613.6, 1, '2026-04-24 16:35:50', '2026-04-24 16:35:50', 0, 0, NULL, 1, NULL),
(181, 374, 101, 6, 323, 'BN2024773', '2025-12-15', '2026-08-14', 469, 8, 477, 66738.0, 31834026.0, 1, '2026-04-24 16:35:50', '2026-04-24 16:35:50', 0, 0, NULL, 1, NULL),
(182, 375, 102, 2, NULL, 'BN2024234', '2025-10-15', '2026-09-26', 139, 7, 146, 37972.799999999996, 5544028.8, 1, '2026-04-24 16:35:50', '2026-04-24 16:35:50', 0, 0, NULL, 1, NULL),
(183, 380, 103, 1, NULL, 'BN2024789', '2026-01-20', '2026-10-23', 210, 1, 211, 42714.0, 9012654.0, 1, '2026-04-24 16:35:50', '2026-04-24 16:35:50', 0, 0, NULL, 1, NULL),
(184, 381, 103, 3, 85, 'BN2024412', '2025-10-17', '2026-06-28', 367, 0, 367, 55440.0, 20346480.0, 1, '2026-04-24 16:35:50', '2026-04-24 16:35:50', 0, 0, NULL, 1, NULL),
(185, 385, 105, 3, 267, 'BN2024647', '2026-03-04', '2026-08-27', 6, 6, 12, 10123.199999999999, 121478.4, 1, '2026-04-24 16:35:50', '2026-04-24 16:35:50', 0, 0, NULL, 1, NULL),
(186, 390, 106, 5, NULL, 'BN2024353', '2025-09-07', '2027-01-29', 81, 9, 90, 20235.600000000002, 1821204.0000000002, 1, '2026-04-24 16:35:50', '2026-04-24 16:35:50', 0, 0, NULL, 1, NULL),
(187, 393, 107, 6, 320, 'BN2024211', '2026-01-15', '2026-11-18', 361, 7, 368, 60587.99999999999, 22296383.999999996, 1, '2026-04-24 16:35:50', '2026-04-24 16:35:50', 0, 0, NULL, 1, NULL),
(188, 397, 109, 1, 44, 'BN2024203', '2025-07-07', '2026-10-28', 11, 6, 17, 6498.0, 110466.0, 1, '2026-04-24 16:35:50', '2026-04-24 16:35:50', 0, 0, NULL, 1, NULL),
(189, 400, 109, 6, NULL, 'BN2024554', '2025-07-21', '2026-10-21', 4, 4, 8, 15276.0, 122208.0, 1, '2026-04-24 16:35:50', '2026-04-24 16:35:50', 0, 0, NULL, 1, NULL),
(190, 403, 110, 4, 277, 'BN2024029', '2025-11-26', '2026-08-18', 15, 4, 19, 18990.0, 360810.0, 1, '2026-04-24 16:35:50', '2026-04-24 16:35:50', 0, 0, NULL, 1, NULL),
(191, 406, 111, 1, 133, 'BN2024062', '2025-12-05', '2026-10-20', 383, 1, 384, 55990.799999999996, 21500467.2, 1, '2026-04-24 16:35:50', '2026-04-24 16:35:50', 0, 0, NULL, 1, NULL),
(192, 407, 111, 2, 230, 'BN2024667', '2025-09-12', '2026-11-06', 146, 7, 153, 27192.0, 4160376.0, 1, '2026-04-24 16:35:50', '2026-04-24 16:35:50', 0, 0, NULL, 1, NULL),
(193, 408, 111, 4, 298, 'BN2024242', '2025-11-19', '2026-12-12', 70, 10, 80, 12483.599999999999, 998687.9999999999, 1, '2026-04-24 16:35:50', '2026-04-24 16:35:50', 0, 0, NULL, 1, NULL),
(194, 411, 112, 1, 294, 'BN2024292', '2025-12-17', '2026-07-18', 30, 8, 38, 14320.8, 544190.4, 1, '2026-04-24 16:35:50', '2026-04-24 16:35:50', 0, 0, NULL, 1, NULL),
(195, 413, 112, 3, 185, 'BN2024529', '2025-10-22', '2026-07-08', 25, 6, 31, 11628.0, 360468.0, 1, '2026-04-24 16:35:50', '2026-04-24 16:35:50', 0, 0, NULL, 1, NULL),
(196, 415, 113, 3, 67, 'BN2024064', '2025-10-27', '2026-08-06', 465, 1, 466, 6512.4, 3034778.4, 1, '2026-04-24 16:35:50', '2026-04-24 16:35:50', 0, 0, NULL, 1, NULL),
(197, 416, 113, 4, 287, 'BN2024539', '2025-11-07', '2026-12-29', 410, 4, 414, 5248.799999999999, 2173003.1999999997, 1, '2026-04-24 16:35:50', '2026-04-24 16:35:50', 0, 0, NULL, 1, NULL),
(198, 423, 115, 1, NULL, 'BN2024167', '2025-07-30', '2026-10-15', 325, 2, 327, 2394.0, 782838.0, 1, '2026-04-24 16:35:50', '2026-04-24 16:35:50', 0, 0, NULL, 1, NULL),
(199, 428, 116, 1, 287, 'BN2024034', '2025-09-30', '2027-02-03', 475, 9, 484, 17308.8, 8377459.199999999, 1, '2026-04-24 16:35:50', '2026-04-24 16:35:50', 0, 0, NULL, 1, NULL),
(200, 430, 116, 3, 21, 'BN2024379', '2025-11-08', '2026-07-22', 488, 5, 493, 17049.6, 8405452.799999999, 1, '2026-04-24 16:35:50', '2026-04-24 16:35:50', 0, 0, NULL, 1, NULL),
(201, 431, 116, 5, 249, 'BN2024384', '2025-07-05', '2027-01-01', 417, 2, 419, 14860.8, 6226675.199999999, 1, '2026-04-24 16:35:50', '2026-04-24 16:35:50', 0, 0, NULL, 1, NULL),
(202, 433, 117, 3, 146, 'BN2024960', '2025-08-22', '2026-07-29', 142, 0, 142, 6678.0, 948276.0, 1, '2026-04-24 16:35:50', '2026-04-24 16:35:50', 0, 0, NULL, 1, NULL),
(203, 434, 117, 4, NULL, 'BN2024358', '2025-07-09', '2026-09-27', 341, 9, 350, 11314.8, 3960179.9999999995, 1, '2026-04-24 16:35:50', '2026-04-24 16:35:50', 0, 0, NULL, 1, NULL),
(204, 435, 118, 4, 194, 'BN2024464', '2025-10-27', '2027-01-12', 304, 2, 306, 8504.4, 2602346.4, 1, '2026-04-24 16:35:50', '2026-04-24 16:35:50', 0, 0, NULL, 1, NULL),
(205, 438, 119, 3, 77, 'BN2024461', '2026-02-04', '2026-12-16', 297, 1, 298, 12074.4, 3598171.1999999997, 1, '2026-04-24 16:35:50', '2026-04-24 16:35:50', 0, 0, NULL, 1, NULL),
(206, 441, 119, 6, 174, 'BN2024239', '2025-11-13', '2026-06-24', 436, 7, 443, 15880.8, 7035194.399999999, 1, '2026-04-24 16:35:50', '2026-04-24 16:35:50', 0, 0, NULL, 1, NULL),
(207, 450, 122, 3, NULL, 'BN2024573', '2026-02-27', '2026-11-18', 32, 9, 41, 3114.6, 127698.59999999999, 1, '2026-04-24 16:35:50', '2026-04-24 16:35:50', 0, 0, NULL, 1, NULL),
(208, 456, 123, 4, 93, 'BN2024675', '2026-03-01', '2026-06-17', 318, 3, 321, 4692.0, 1506132.0, 1, '2026-04-24 16:35:50', '2026-04-24 16:35:50', 0, 0, NULL, 1, NULL),
(209, 457, 123, 5, 297, 'BN2024723', '2025-10-19', '2026-07-04', 141, 9, 150, 2616.0, 392400.0, 1, '2026-04-24 16:35:50', '2026-04-24 16:35:50', 0, 0, NULL, 1, NULL),
(210, 458, 123, 6, NULL, 'BN2024604', '2026-02-03', '2027-02-07', 64, 5, 69, 2376.0, 163944.0, 1, '2026-04-24 16:35:50', '2026-04-24 16:35:50', 0, 0, NULL, 1, NULL),
(211, 459, 124, 1, NULL, 'BN2024425', '2025-11-10', '2026-09-02', 309, 4, 313, 12945.599999999999, 4051972.7999999993, 1, '2026-04-24 16:35:50', '2026-04-24 16:35:50', 0, 0, NULL, 1, NULL),
(212, 460, 125, 1, 147, 'BN2024102', '2025-08-03', '2026-07-29', 85, 1, 86, 6307.2, 542419.2, 1, '2026-04-24 16:35:50', '2026-04-24 16:35:50', 0, 0, NULL, 1, NULL),
(213, 461, 125, 2, 87, 'BN2024976', '2025-07-13', '2026-11-17', 404, 2, 406, 13622.399999999998, 5530694.399999999, 1, '2026-04-24 16:35:50', '2026-04-24 16:35:50', 0, 0, NULL, 1, NULL),
(214, 462, 125, 5, NULL, 'BN2024060', '2025-07-23', '2026-09-02', 418, 6, 424, 14918.399999999998, 6325401.599999999, 1, '2026-04-24 16:35:50', '2026-04-24 16:35:50', 0, 0, NULL, 1, NULL),
(215, 464, 126, 2, 62, 'BN2024965', '2025-07-11', '2026-08-03', 428, 9, 437, 10934.4, 4778332.8, 1, '2026-04-24 16:35:50', '2026-04-24 16:35:50', 0, 0, NULL, 1, NULL),
(216, 466, 126, 5, 59, 'BN2024771', '2025-09-04', '2026-06-28', 480, 7, 487, 12852.0, 6258924.0, 1, '2026-04-24 16:35:50', '2026-04-24 16:35:50', 0, 0, NULL, 1, NULL),
(217, 468, 127, 1, 120, 'BN2024030', '2026-02-16', '2027-01-25', 222, 4, 226, 3801.6, 859161.6, 1, '2026-04-24 16:35:50', '2026-04-24 16:35:50', 0, 0, NULL, 1, NULL),
(218, 471, 128, 4, 65, 'BN2024782', '2025-09-13', '2026-11-05', 389, 7, 396, 19738.199999999997, 7816327.199999999, 1, '2026-04-24 16:35:50', '2026-04-24 16:35:50', 0, 0, NULL, 1, NULL),
(219, 472, 128, 6, 73, 'BN2024652', '2025-10-01', '2026-10-29', 344, 3, 347, 17486.999999999996, 6067988.999999999, 1, '2026-04-24 16:35:50', '2026-04-24 16:35:50', 0, 0, NULL, 1, NULL),
(220, 474, 129, 2, 22, 'BN2024934', '2025-06-28', '2027-01-07', 343, 9, 352, 20016.0, 7045632.0, 1, '2026-04-24 16:35:50', '2026-04-24 16:35:50', 0, 0, NULL, 1, NULL),
(221, 475, 129, 3, NULL, 'BN2024996', '2025-07-13', '2027-02-06', 10, 4, 14, 2304.0, 32256.0, 1, '2026-04-24 16:35:50', '2026-04-24 16:35:50', 0, 0, NULL, 1, NULL),
(222, 478, 131, 1, 109, 'BN2024360', '2025-11-24', '2027-01-14', 471, 4, 475, 143391.6, 68111010.0, 1, '2026-04-24 16:35:50', '2026-04-24 16:35:50', 0, 0, NULL, 1, NULL),
(223, 479, 131, 6, 36, 'BN2024757', '2025-09-12', '2026-07-05', 393, 1, 394, 130356.0, 51360264.0, 1, '2026-04-24 16:35:50', '2026-04-24 16:35:50', 0, 0, NULL, 1, NULL),
(224, 484, 133, 4, 163, 'BN2024517', '2026-02-09', '2026-12-04', 249, 10, 259, 86049.59999999999, 22286846.4, 1, '2026-04-24 16:35:50', '2026-04-24 16:35:50', 0, 0, NULL, 1, NULL),
(225, 485, 134, 1, 140, 'BN2024771', '2025-08-29', '2026-11-29', 353, 5, 358, 109405.79999999999, 39167276.4, 1, '2026-04-24 16:35:50', '2026-04-24 16:35:50', 0, 0, NULL, 1, NULL),
(226, 486, 134, 2, 9, 'BN2024983', '2026-02-16', '2026-12-07', 360, 10, 370, 116587.79999999999, 43137485.99999999, 1, '2026-04-24 16:35:50', '2026-04-24 16:35:50', 0, 0, NULL, 1, NULL),
(227, 489, 134, 5, 212, 'BN2024010', '2025-11-17', '2027-01-28', 267, 6, 273, 94084.2, 25684986.599999998, 1, '2026-04-24 16:35:50', '2026-04-24 16:35:50', 0, 0, NULL, 1, NULL),
(228, 493, 136, 2, 228, 'BN2024032', '2025-12-17', '2026-07-14', 38, 6, 44, 46642.2, 2052256.7999999998, 1, '2026-04-24 16:35:50', '2026-04-24 16:35:50', 0, 0, NULL, 1, NULL),
(229, 495, 136, 4, 5, 'BN2024182', '2025-07-29', '2026-10-09', 27, 3, 30, 44200.2, 1326006.0, 1, '2026-04-24 16:35:50', '2026-04-24 16:35:50', 0, 0, NULL, 1, NULL),
(230, 496, 136, 5, 144, 'BN2024227', '2025-12-19', '2027-02-03', 489, 3, 492, 135286.8, 66561105.599999994, 1, '2026-04-24 16:35:50', '2026-04-24 16:35:50', 0, 0, NULL, 1, NULL),
(231, 497, 136, 6, 114, 'BN2024629', '2025-08-26', '2027-02-18', 165, 5, 170, 61050.0, 10378500.0, 1, '2026-04-24 16:35:50', '2026-04-24 16:35:50', 0, 0, NULL, 1, NULL),
(232, 498, 137, 1, 311, 'BN2024505', '2025-08-20', '2026-06-14', 410, 10, 420, 131463.0, 55214460.0, 1, '2026-04-24 16:35:50', '2026-04-24 16:35:50', 0, 0, NULL, 1, NULL),
(233, 499, 137, 4, NULL, 'BN2024891', '2025-11-03', '2026-10-17', 377, 8, 385, 104976.0, 40415760.0, 1, '2026-04-24 16:35:50', '2026-04-24 16:35:50', 0, 0, NULL, 1, NULL),
(234, 500, 137, 6, 309, 'BN2024757', '2025-11-19', '2026-07-27', 8, 9, 17, 35721.0, 607257.0, 1, '2026-04-24 16:35:50', '2026-04-24 16:35:50', 0, 0, NULL, 1, NULL),
(235, 501, 138, 1, NULL, 'BN2024067', '2026-02-21', '2026-11-05', 329, 8, 337, 86011.2, 28985774.4, 1, '2026-04-24 16:35:50', '2026-04-24 16:35:50', 0, 0, NULL, 1, NULL),
(236, 503, 138, 3, 273, 'BN2024869', '2025-12-02', '2026-08-16', 292, 8, 300, 81972.0, 24591600.0, 1, '2026-04-24 16:35:50', '2026-04-24 16:35:50', 0, 0, NULL, 1, NULL),
(237, 505, 138, 5, 27, 'BN2024438', '2026-02-01', '2027-02-08', 410, 6, 416, 126878.4, 52781414.4, 1, '2026-04-24 16:35:50', '2026-04-24 16:35:50', 0, 0, NULL, 1, NULL),
(238, 507, 139, 4, 239, 'BN2024125', '2025-11-01', '2026-09-13', 163, 0, 163, 50864.399999999994, 8290897.199999999, 1, '2026-04-24 16:35:50', '2026-04-24 16:35:50', 0, 0, NULL, 1, NULL),
(239, 509, 140, 2, 273, 'BN2024285', '2025-10-20', '2026-09-01', 51, 6, 57, 53040.0, 3023280.0, 1, '2026-04-24 16:35:50', '2026-04-24 16:35:50', 0, 0, NULL, 1, NULL),
(240, 510, 140, 3, 13, 'BN2024084', '2026-01-02', '2026-08-09', 74, 1, 75, 43605.0, 3270375.0, 1, '2026-04-24 16:35:50', '2026-04-24 16:35:50', 0, 0, NULL, 1, NULL),
(241, 512, 140, 6, 321, 'BN2024338', '2025-12-05', '2026-07-07', 413, 7, 420, 139485.0, 58583700.0, 1, '2026-04-24 16:35:50', '2026-04-24 16:35:50', 0, 0, NULL, 1, NULL),
(242, 513, 141, 1, 321, 'BN2024025', '2026-02-22', '2026-09-06', 323, 3, 326, 102081.59999999999, 33278601.599999998, 1, '2026-04-24 16:35:50', '2026-04-24 16:35:50', 0, 0, NULL, 1, NULL),
(243, 514, 141, 2, 28, 'BN2024245', '2026-01-24', '2026-09-06', 81, 3, 84, 37699.2, 3166732.8, 1, '2026-04-24 16:35:50', '2026-04-24 16:35:50', 0, 0, NULL, 1, NULL),
(244, 521, 142, 5, 194, 'BN2024063', '2025-09-16', '2027-01-26', 221, 2, 223, 82152.0, 18319896.0, 1, '2026-04-24 16:35:50', '2026-04-24 16:35:50', 0, 0, NULL, 1, NULL),
(245, 522, 142, 6, 155, 'BN2024822', '2025-12-01', '2026-11-20', 373, 1, 374, 120708.0, 45144792.0, 1, '2026-04-24 16:35:50', '2026-04-24 16:35:50', 0, 0, NULL, 1, NULL),
(246, 523, 143, 1, 151, 'BN2024058', '2026-01-31', '2026-09-18', 8, 1, 9, 18405.0, 165645.0, 1, '2026-04-24 16:35:50', '2026-04-24 16:35:50', 0, 0, NULL, 1, NULL),
(247, 525, 143, 5, 320, 'BN2024886', '2025-06-30', '2026-10-07', 50, 7, 57, 23312.999999999996, 1328840.9999999998, 1, '2026-04-24 16:35:50', '2026-04-24 16:35:50', 0, 0, NULL, 1, NULL),
(248, 529, 145, 1, 14, 'BN2024961', '2025-10-22', '2026-10-23', 60, 9, 69, 37770.6, 2606171.4, 1, '2026-04-24 16:35:50', '2026-04-24 16:35:50', 0, 0, NULL, 1, NULL),
(249, 530, 145, 2, NULL, 'BN2024106', '2025-12-27', '2026-06-30', 47, 3, 50, 35659.2, 1782959.9999999998, 1, '2026-04-24 16:35:50', '2026-04-24 16:35:50', 0, 0, NULL, 1, NULL),
(250, 532, 145, 6, NULL, 'BN2024522', '2025-10-13', '2026-10-14', 274, 7, 281, 82344.59999999999, 23138832.599999998, 1, '2026-04-24 16:35:50', '2026-04-24 16:35:50', 0, 0, NULL, 1, NULL);


-- inventory_log
INSERT INTO inventory_log (id, log_no, business_type, business_no, sku_id, warehouse_id, location_id, batch_no, before_qty, change_qty, after_qty, before_cost, change_cost, after_cost, operator_id, operation_time, status, created_at, updated_at, created_by, updated_by, deleted_at, version, remark) VALUES
(1, 'LOG354963', 3, 'LOG354963', 36, 1, NULL, NULL, 223, 62, 238807.2245434543, 4799.1093434543, 234008.1152, 238807.2245434543, 13, '2026-02-27 03:16:37', 1, '2026-04-24 16:35:50', '2026-04-24 16:35:50', 0, 0, NULL, 1, NULL),
(2, 'LOG592331', 3, 'LOG592331', 80, 5, NULL, NULL, 4, 65, 223593.06156312994, 2936.33516312992, 220656.7264, 223593.06156312994, 7, '2026-01-22 11:59:13', 1, '2026-04-24 16:35:50', '2026-04-24 16:35:50', 0, 0, NULL, 1, NULL),
(3, 'LOG958976', 9, 'LOG958976', 144, 1, NULL, NULL, 102, 127, 503458.6485898201, 4543.416089820068, 498915.2325, 503458.6485898201, 13, '2026-02-10 03:40:32', 1, '2026-04-24 16:35:50', '2026-04-24 16:35:50', 0, 0, NULL, 1, NULL),
(4, 'LOG828531', 8, 'LOG828531', 120, 5, 297, 'BN2024344', 315, -47, -36430.235811059996, 2099.289488940008, -38529.5253, -36430.235811059996, 13, '2026-04-08 07:20:17', 1, '2026-04-24 16:35:50', '2026-04-24 16:35:50', 0, 0, NULL, 1, NULL),
(5, 'LOG330063', 8, 'LOG330063', 1, 6, NULL, NULL, 319, -91, -333275.5323910244, 1202.7050089755917, -334478.2374, -333275.5323910244, 13, '2025-11-29 16:50:43', 1, '2026-04-24 16:35:50', '2026-04-24 16:35:50', 0, 0, NULL, 1, NULL),
(6, 'LOG519758', 4, 'LOG519758', 48, 1, NULL, NULL, 15, 84, 123222.72097006295, 584.7945700629488, 122637.9264, 123222.72097006295, 7, '2025-12-05 22:00:00', 1, '2026-04-24 16:35:50', '2026-04-24 16:35:50', 0, 0, NULL, 1, NULL),
(7, 'LOG131127', 1, 'LOG131127', 51, 2, NULL, NULL, 134, 168, 713064.5367562814, 879.6797562814446, 712184.857, 713064.5367562814, 7, '2026-02-14 08:28:14', 1, '2026-04-24 16:35:50', '2026-04-24 16:35:50', 0, 0, NULL, 1, NULL),
(8, 'LOG122536', 4, 'LOG122536', 46, 3, 11, 'BN2024141', 194, 135, 80043.46956188433, 3939.196261884328, 76104.2733, 80043.46956188433, 7, '2025-12-27 05:07:00', 1, '2026-04-24 16:35:50', '2026-04-24 16:35:50', 0, 0, NULL, 1, NULL),
(9, 'LOG351815', 8, 'LOG351815', 95, 3, 270, 'BN2024639', 451, 22, 11790.299403877601, 4393.155303877601, 7397.1441, 11790.299403877601, 7, '2026-03-04 21:30:09', 1, '2026-04-24 16:35:50', '2026-04-24 16:35:50', 0, 0, NULL, 1, NULL),
(10, 'LOG300992', 4, 'LOG300992', 137, 4, 163, 'BN2024652', 125, -177, -516696.04924998863, 3817.781050011364, -520513.8303, -516696.04924998863, 13, '2026-02-25 23:51:12', 1, '2026-04-24 16:35:50', '2026-04-24 16:35:50', 0, 0, NULL, 1, NULL),
(11, 'LOG359178', 6, 'LOG359178', 14, 6, 65, 'BN2024992', 299, 50, 21865.317091761117, 1054.0954917611161, 20811.2216, 21865.317091761117, 13, '2026-03-30 11:56:12', 1, '2026-04-24 16:35:50', '2026-04-24 16:35:50', 0, 0, NULL, 1, NULL),
(12, 'LOG633320', 3, 'LOG633320', 100, 6, 192, NULL, 237, -109, -202830.47786694774, 1615.8974330522824, -204446.3753, -202830.47786694774, 13, '2025-10-14 12:48:05', 1, '2026-04-24 16:35:50', '2026-04-24 16:35:50', 0, 0, NULL, 1, NULL),
(13, 'LOG381370', 8, 'LOG381370', 103, 6, 299, 'BN2024213', 112, -97, -112153.2944509347, 2265.8795490653038, -114419.174, -112153.2944509347, 7, '2025-12-26 20:28:47', 1, '2026-04-24 16:35:50', '2026-04-24 16:35:50', 0, 0, NULL, 1, NULL),
(14, 'LOG495400', 7, 'LOG495400', 41, 3, NULL, NULL, 384, -157, -406547.4274969598, 1482.2896030402294, -408029.7171, -406547.4274969598, 7, '2026-04-08 17:07:03', 1, '2026-04-24 16:35:50', '2026-04-24 16:35:50', 0, 0, NULL, 1, NULL),
(15, 'LOG637145', 8, 'LOG637145', 87, 4, NULL, NULL, 188, 54, 105165.60182446505, 1591.9319244650537, 103573.6699, 105165.60182446505, 7, '2025-11-04 03:45:44', 1, '2026-04-24 16:35:50', '2026-04-24 16:35:50', 0, 0, NULL, 1, NULL),
(16, 'LOG378527', 4, 'LOG378527', 20, 3, 151, 'BN2024526', 279, 129, 179627.51886142223, 400.0134614222328, 179227.5054, 179627.51886142223, 7, '2026-03-17 11:21:29', 1, '2026-04-24 16:35:50', '2026-04-24 16:35:50', 0, 0, NULL, 1, NULL),
(17, 'LOG174814', 2, 'LOG174814', 93, 1, 171, NULL, 168, -72, -292215.56334214035, 1520.5507578596812, -293736.1141, -292215.56334214035, 13, '2026-02-09 15:40:52', 1, '2026-04-24 16:35:50', '2026-04-24 16:35:50', 0, 0, NULL, 1, NULL),
(18, 'LOG996531', 3, 'LOG996531', 140, 3, NULL, NULL, 421, -23, -42657.594712080645, 3917.8099879193546, -46575.4047, -42657.594712080645, 13, '2026-04-20 01:46:04', 1, '2026-04-24 16:35:50', '2026-04-24 16:35:50', 0, 0, NULL, 1, NULL),
(19, 'LOG785864', 8, 'LOG785864', 132, 2, 117, NULL, 383, -93, -237931.62352348695, 2377.446876513054, -240309.0704, -237931.62352348695, 13, '2025-10-27 12:01:37', 1, '2026-04-24 16:35:50', '2026-04-24 16:35:50', 0, 0, NULL, 1, NULL),
(20, 'LOG930382', 6, 'LOG930382', 22, 3, 220, 'BN2024715', 213, -93, -394556.7629021723, 2199.0171978276962, -396755.7801, -394556.7629021723, 7, '2025-11-30 04:08:19', 1, '2026-04-24 16:35:50', '2026-04-24 16:35:50', 0, 0, NULL, 1, NULL),
(21, 'LOG705561', 3, 'LOG705561', 33, 3, 5, NULL, 337, -19, -38223.64401314928, 1705.7129868507254, -39929.357, -38223.64401314928, 13, '2025-12-29 07:46:34', 1, '2026-04-24 16:35:50', '2026-04-24 16:35:50', 0, 0, NULL, 1, NULL),
(22, 'LOG715467', 6, 'LOG715467', 6, 5, 72, NULL, 487, -31, -121084.58778478578, 2845.2725152142207, -123929.8603, -121084.58778478578, 13, '2025-11-27 14:27:03', 1, '2026-04-24 16:35:50', '2026-04-24 16:35:50', 0, 0, NULL, 1, NULL),
(23, 'LOG509611', 4, 'LOG509611', 17, 5, NULL, NULL, 168, 91, 295885.08254924207, 4810.071349242041, 291075.0112, 295885.08254924207, 13, '2026-03-19 11:31:25', 1, '2026-04-24 16:35:50', '2026-04-24 16:35:50', 0, 0, NULL, 1, NULL),
(24, 'LOG209380', 3, 'LOG209380', 142, 2, NULL, 'BN2024501', 13, -105, -477546.37161298515, 1003.0036870148796, -478549.3753, -477546.37161298515, 13, '2026-01-04 11:13:31', 1, '2026-04-24 16:35:50', '2026-04-24 16:35:50', 0, 0, NULL, 1, NULL),
(25, 'LOG344359', 4, 'LOG344359', 75, 6, 233, NULL, 265, -195, -837620.8240729484, 867.4103270515249, -838488.2344, -837620.8240729484, 13, '2025-11-23 19:13:55', 1, '2026-04-24 16:35:50', '2026-04-24 16:35:50', 0, 0, NULL, 1, NULL),
(26, 'LOG216123', 3, 'LOG216123', 34, 5, NULL, 'BN2024399', 489, -95, -97792.82210588423, 658.3620941157701, -98451.1842, -97792.82210588423, 13, '2025-10-22 07:19:36', 1, '2026-04-24 16:35:50', '2026-04-24 16:35:50', 0, 0, NULL, 1, NULL),
(27, 'LOG733035', 3, 'LOG733035', 80, 5, NULL, 'BN2024470', 141, -97, -69990.06088926842, 47.1421107315623, -70037.203, -69990.06088926842, 7, '2025-11-20 15:26:23', 1, '2026-04-24 16:35:50', '2026-04-24 16:35:50', 0, 0, NULL, 1, NULL),
(28, 'LOG651400', 4, 'LOG651400', 85, 5, 236, NULL, 20, 177, 573065.3898569754, 464.60235697537473, 572600.7875, 573065.3898569754, 13, '2025-12-11 00:21:23', 1, '2026-04-24 16:35:50', '2026-04-24 16:35:50', 0, 0, NULL, 1, NULL),
(29, 'LOG510087', 5, 'LOG510087', 45, 4, NULL, 'BN2024751', 221, 34, 114088.99743400262, 1929.4783340026224, 112159.5191, 114088.99743400262, 7, '2025-11-22 20:26:00', 1, '2026-04-24 16:35:50', '2026-04-24 16:35:50', 0, 0, NULL, 1, NULL),
(30, 'LOG351338', 1, 'LOG351338', 41, 3, 276, NULL, 469, -166, -596567.3538770853, 3493.2395229147623, -600060.5934, -596567.3538770853, 7, '2025-10-15 00:57:35', 1, '2026-04-24 16:35:50', '2026-04-24 16:35:50', 0, 0, NULL, 1, NULL),
(31, 'LOG898868', 7, 'LOG898868', 142, 1, 40, 'BN2024517', 392, 199, 451410.74644856644, 1636.805548566426, 449773.9409, 451410.74644856644, 13, '2026-02-03 03:44:58', 1, '2026-04-24 16:35:50', '2026-04-24 16:35:50', 0, 0, NULL, 1, NULL),
(32, 'LOG146803', 9, 'LOG146803', 119, 1, NULL, 'BN2024768', 236, -5, -8288.72680107235, 1724.85199892765, -10013.5788, -8288.72680107235, 7, '2025-11-21 15:19:29', 1, '2026-04-24 16:35:50', '2026-04-24 16:35:50', 0, 0, NULL, 1, NULL),
(33, 'LOG111258', 1, 'LOG111258', 65, 1, 70, NULL, 383, 37, 15397.577494273413, 2428.948594273414, 12968.6289, 15397.577494273413, 7, '2025-11-05 16:43:02', 1, '2026-04-24 16:35:50', '2026-04-24 16:35:50', 0, 0, NULL, 1, NULL),
(34, 'LOG593656', 3, 'LOG593656', 72, 2, NULL, NULL, 51, -110, -293093.70717799274, 1477.781822007264, -294571.489, -293093.70717799274, 13, '2026-02-18 06:29:53', 1, '2026-04-24 16:35:50', '2026-04-24 16:35:50', 0, 0, NULL, 1, NULL),
(35, 'LOG804005', 2, 'LOG804005', 3, 6, NULL, NULL, 91, -90, -398231.13136155676, 3574.917238443194, -401806.0486, -398231.13136155676, 7, '2025-11-04 00:19:01', 1, '2026-04-24 16:35:50', '2026-04-24 16:35:50', 0, 0, NULL, 1, NULL),
(36, 'LOG977135', 1, 'LOG977135', 134, 6, 53, NULL, 157, 27, 1170.16632838236, 271.5521283823599, 898.6142, 1170.16632838236, 13, '2026-02-05 08:15:45', 1, '2026-04-24 16:35:50', '2026-04-24 16:35:50', 0, 0, NULL, 1, NULL),
(37, 'LOG492843', 4, 'LOG492843', 62, 2, NULL, NULL, 7, -28, -91179.51741968356, 4104.427480316443, -95283.9449, -91179.51741968356, 7, '2026-01-29 00:45:22', 1, '2026-04-24 16:35:50', '2026-04-24 16:35:50', 0, 0, NULL, 1, NULL),
(38, 'LOG935635', 2, 'LOG935635', 43, 6, NULL, NULL, 55, -33, -101922.75111578488, 1620.1710842151197, -103542.9222, -101922.75111578488, 7, '2025-11-22 06:20:05', 1, '2026-04-24 16:35:50', '2026-04-24 16:35:50', 0, 0, NULL, 1, NULL),
(39, 'LOG226672', 7, 'LOG226672', 60, 2, NULL, NULL, 7, 5, 3622.359270191266, 3273.4238701912664, 348.9354, 3622.359270191266, 7, '2025-10-28 12:29:45', 1, '2026-04-24 16:35:50', '2026-04-24 16:35:50', 0, 0, NULL, 1, NULL),
(40, 'LOG169223', 4, 'LOG169223', 72, 6, 23, NULL, 111, 10, 31498.223800746957, 1514.6559007469575, 29983.5679, 31498.223800746957, 7, '2026-02-17 02:28:57', 1, '2026-04-24 16:35:50', '2026-04-24 16:35:50', 0, 0, NULL, 1, NULL),
(41, 'LOG199346', 5, 'LOG199346', 84, 6, 69, NULL, 325, 189, 306188.82939063484, 4420.995490634808, 301767.8339, 306188.82939063484, 13, '2026-03-29 11:19:34', 1, '2026-04-24 16:35:50', '2026-04-24 16:35:50', 0, 0, NULL, 1, NULL),
(42, 'LOG118506', 6, 'LOG118506', 115, 4, 120, 'BN2024722', 6, -81, -307450.52063567576, 115.85476432427659, -307566.3754, -307450.52063567576, 7, '2025-12-25 17:55:10', 1, '2026-04-24 16:35:50', '2026-04-24 16:35:50', 0, 0, NULL, 1, NULL),
(43, 'LOG873758', 4, 'LOG873758', 110, 2, 31, NULL, 255, -49, -91346.09068021878, 1018.0388197812152, -92364.1295, -91346.09068021878, 7, '2026-01-22 05:40:49', 1, '2026-04-24 16:35:50', '2026-04-24 16:35:50', 0, 0, NULL, 1, NULL),
(44, 'LOG875165', 8, 'LOG875165', 85, 2, NULL, 'BN2024779', 20, 66, 141261.97375868744, 3960.981058687432, 137300.9927, 141261.97375868744, 13, '2026-04-15 11:45:34', 1, '2026-04-24 16:35:50', '2026-04-24 16:35:50', 0, 0, NULL, 1, NULL),
(45, 'LOG988075', 4, 'LOG988075', 85, 3, NULL, 'BN2024929', 469, 140, 566236.2302200104, 4941.9976200104265, 561294.2326, 566236.2302200104, 7, '2025-11-27 12:53:27', 1, '2026-04-24 16:35:50', '2026-04-24 16:35:50', 0, 0, NULL, 1, NULL),
(46, 'LOG437260', 9, 'LOG437260', 47, 4, 34, 'BN2024072', 488, -102, -505664.5440584892, 270.0132415107716, -505934.5573, -505664.5440584892, 7, '2026-03-06 22:17:02', 1, '2026-04-24 16:35:50', '2026-04-24 16:35:50', 0, 0, NULL, 1, NULL),
(47, 'LOG282112', 2, 'LOG282112', 141, 2, NULL, NULL, 371, 39, 142399.13181935667, 1564.2002193566593, 140834.9316, 142399.13181935667, 7, '2025-11-11 00:28:28', 1, '2026-04-24 16:35:50', '2026-04-24 16:35:50', 0, 0, NULL, 1, NULL),
(48, 'LOG735281', 3, 'LOG735281', 64, 3, NULL, NULL, 325, -97, -377770.693284061, 1366.585315939064, -379137.2786, -377770.693284061, 7, '2025-12-06 01:03:03', 1, '2026-04-24 16:35:50', '2026-04-24 16:35:50', 0, 0, NULL, 1, NULL),
(49, 'LOG496065', 7, 'LOG496065', 43, 4, NULL, 'BN2024753', 221, 189, 902176.0910553394, 787.8335553394479, 901388.2575, 902176.0910553394, 13, '2026-04-16 23:56:41', 1, '2026-04-24 16:35:50', '2026-04-24 16:35:50', 0, 0, NULL, 1, NULL),
(50, 'LOG548158', 7, 'LOG548158', 22, 3, 79, 'BN2024180', 131, -6, -11317.257338846312, 2323.6196611536884, -13640.877, -11317.257338846312, 13, '2025-10-19 22:48:12', 1, '2026-04-24 16:35:50', '2026-04-24 16:35:50', 0, 0, NULL, 1, NULL);


-- stock_transfer
INSERT INTO stock_transfer (id, transfer_no, from_warehouse_id, to_warehouse_id, transfer_type, apply_id, apply_date, ship_date, receive_date, carrier_id, waybill_no, total_qty, total_amount, ship_status, receive_status, status, created_at, updated_at, created_by, updated_by, deleted_at, version, remark) VALUES
(1, 'DB20240001', 1, 4, 3, 5, '2026-03-26', NULL, NULL, NULL, NULL, 147, 10547, 0, 2, 6, '2026-04-24 16:35:50', '2026-04-24 16:35:50', 0, 0, NULL, 1, NULL),
(2, 'DB20240002', 4, 5, 2, 8, '2026-03-17', '2026-01-23', NULL, NULL, NULL, 69, 26315, 1, 2, 2, '2026-04-24 16:35:50', '2026-04-24 16:35:50', 0, 0, NULL, 1, NULL),
(3, 'DB20240003', 4, 3, 1, 12, '2026-01-01', '2026-03-09', '2026-03-06', NULL, NULL, 294, 14522, 1, 2, 6, '2026-04-24 16:35:50', '2026-04-24 16:35:50', 0, 0, NULL, 1, NULL),
(4, 'DB20240004', 2, 6, 1, 12, '2026-03-19', '2026-01-15', NULL, NULL, NULL, 97, 94462, 2, 1, 4, '2026-04-24 16:35:50', '2026-04-24 16:35:50', 0, 0, NULL, 1, NULL),
(5, 'DB20240005', 3, 6, 3, 12, '2026-03-19', '2026-03-30', NULL, NULL, NULL, 260, 21648, 0, 2, 5, '2026-04-24 16:35:50', '2026-04-24 16:35:50', 0, 0, NULL, 1, NULL);


-- stock_transfer_item
INSERT INTO stock_transfer_item (id, transfer_id, sku_id, sku_name, from_location_id, to_location_id, batch_no, transfer_qty, shipped_qty, received_qty, unit_cost, amount, status, created_at, updated_at, created_by, updated_by, deleted_at, version, remark) VALUES
(1, 1, 104, '男士商务休闲衬衫 浅蓝/41', NULL, NULL, NULL, 63, 0, 0, 127.19999999999999, 8013.599999999999, 1, '2026-04-24 16:35:50', '2026-04-24 16:35:50', 0, 0, NULL, 1, NULL),
(2, 1, 102, '男士商务休闲衬衫 浅蓝/39', NULL, NULL, NULL, 57, 0, 0, 129.6, 7387.2, 1, '2026-04-24 16:35:50', '2026-04-24 16:35:50', 0, 0, NULL, 1, NULL),
(3, 2, 66, '耐克Air Max运动鞋 白灰/40', NULL, NULL, NULL, 54, 0, 0, 539.4, 29127.6, 1, '2026-04-24 16:35:50', '2026-04-24 16:35:50', 0, 0, NULL, 1, NULL),
(4, 2, 131, '李宁运动跑步鞋 黑色/40', NULL, NULL, NULL, 100, 0, 0, 255.6, 25560.0, 1, '2026-04-24 16:35:50', '2026-04-24 16:35:50', 0, 0, NULL, 1, NULL),
(5, 3, 38, '联想拯救者Y9000P i9-14900HX/16G/1T/RTX4080', NULL, NULL, NULL, 43, 0, 0, 9046.8, 389012.39999999997, 1, '2026-04-24 16:35:50', '2026-04-24 16:35:50', 0, 0, NULL, 1, NULL),
(6, 3, 117, '农夫山泉天然水550ml*24瓶 1.5L*12瓶', NULL, NULL, NULL, 97, 0, 0, 25.2, 2444.4, 1, '2026-04-24 16:35:50', '2026-04-24 16:35:50', 0, 0, NULL, 1, NULL),
(7, 3, 38, '联想拯救者Y9000P i9-14900HX/16G/1T/RTX4080', NULL, NULL, NULL, 42, 0, 0, 9046.8, 379965.6, 1, '2026-04-24 16:35:50', '2026-04-24 16:35:50', 0, 0, NULL, 1, NULL),
(8, 4, 49, '海飞丝去屑洗发水 400ml', NULL, NULL, NULL, 64, 0, 0, 31.2, 1996.8, 1, '2026-04-24 16:35:50', '2026-04-24 16:35:50', 0, 0, NULL, 1, NULL),
(9, 4, 43, '每日坚果礼盒 500g家庭装', NULL, NULL, NULL, 64, 0, 0, 60.599999999999994, 3878.3999999999996, 1, '2026-04-24 16:35:50', '2026-04-24 16:35:50', 0, 0, NULL, 1, NULL),
(10, 4, 65, '耐克Air Max运动鞋 全黑/45', NULL, NULL, NULL, 98, 0, 0, 550.1999999999999, 53919.59999999999, 1, '2026-04-24 16:35:50', '2026-04-24 16:35:50', 0, 0, NULL, 1, NULL),
(11, 5, 69, '耐克Air Max运动鞋 白灰/43', NULL, NULL, NULL, 36, 0, 0, 542.4, 19526.399999999998, 1, '2026-04-24 16:35:50', '2026-04-24 16:35:50', 0, 0, NULL, 1, NULL);


-- sales_order
INSERT INTO sales_order (id, order_no, customer_id, sales_rep_id, org_id, warehouse_id, order_date, expect_date, delivery_date, total_amount, total_qty, discount_amount, tax_amount, payable_amount, paid_amount, currency, delivery_type, delivery_address, receiver_name, receiver_phone, delivery_status, pay_status, invoice_status, status, created_at, updated_at, created_by, updated_by, deleted_at, version, remark) VALUES
(1, 'SO20240001', 13, 9, 2, 2, '2026-02-08', '2026-04-29', NULL, 239068, 587, 6829, 30191.07, 262430.07, 171766.0422, 'CNY', 4, '', 1, 5000.0, 0, 1, 0, 2, '2026-04-24 16:35:50', '2026-04-24 16:35:50', 0, 0, NULL, 1, '销售订单1'),
(2, 'SO20240002', 4, 14, 4, 2, '2025-11-22', '2026-05-05', NULL, 115802, 246, 4249, 14501.89, 126054.89, 123905.2918, 'CNY', 4, '', 4, 200000.0, 0, 1, 1, 5, '2026-04-24 16:35:50', '2026-04-24 16:35:50', 0, 0, NULL, 1, '销售订单2'),
(3, 'SO20240003', 10, 3, 3, 1, '2025-12-15', '2026-05-01', NULL, 143092, 539, 7949, 17568.59, 152711.59, 102745.059, 'CNY', 1, '', 2, 20000.0, 0, 1, 0, 1, '2026-04-24 16:35:50', '2026-04-24 16:35:50', 0, 0, NULL, 1, '销售订单3'),
(4, 'SO20240004', 13, 9, 3, 4, '2026-04-17', '2026-05-09', '2026-03-26', 214398, 748, 5620, 27141.14, 235919.14, 235788.2368, 'CNY', 2, '', 1, 5000.0, 2, 1, 2, 4, '2026-04-24 16:35:50', '2026-04-24 16:35:50', 0, 0, NULL, 1, '销售订单4'),
(5, 'SO20240005', 1, 3, 4, 3, '2026-04-03', '2026-05-06', NULL, 269141, 577, 6768, 34108.49, 296481.49, 195745.5028, 'CNY', 1, '', 4, 200000.0, 0, 1, 2, 3, '2026-04-24 16:35:50', '2026-04-24 16:35:50', 0, 0, NULL, 1, '销售订单5'),
(6, 'SO20240006', 11, 14, 2, 5, '2026-02-07', '2026-05-11', '2026-04-24', 62660, 406, 7010, 7234.5, 62884.5, 59053.8751, 'CNY', 4, '', 2, 20000.0, 1, 1, 2, 4, '2026-04-24 16:35:50', '2026-04-24 16:35:50', 0, 0, NULL, 1, '销售订单6'),
(7, 'SO20240007', 16, 3, 3, 6, '2026-02-23', '2026-05-13', NULL, 253982, 168, 7899, 31990.79, 278073.79, 184263.4031, 'CNY', 2, '', 2, 20000.0, 0, 1, 0, 2, '2026-04-24 16:35:50', '2026-04-24 16:35:50', 0, 0, NULL, 1, '销售订单7'),
(8, 'SO20240008', 6, 9, 3, 3, '2025-12-01', '2026-05-07', '2026-04-16', 84538, 731, 2224, 10700.82, 93014.82, 85828.1403, 'CNY', 4, '', 3, 50000.0, 1, 1, 2, 3, '2026-04-24 16:35:50', '2026-04-24 16:35:50', 0, 0, NULL, 1, '销售订单8'),
(9, 'SO20240009', 18, 14, 2, 2, '2025-12-11', '2026-05-02', NULL, 78396, 141, 5574, 9466.86, 82288.86, 60941.5842, 'CNY', 2, '', 1, 5000.0, 0, 1, 2, 1, '2026-04-24 16:35:50', '2026-04-24 16:35:50', 0, 0, NULL, 1, '销售订单9'),
(10, 'SO20240010', 19, 6, 3, 4, '2025-12-26', '2026-05-10', '2026-04-24', 86221, 582, 9856, 9927.45, 86292.45, 50979.507, 'CNY', 1, '', 3, 50000.0, 2, 1, 0, 5, '2026-04-24 16:35:50', '2026-04-24 16:35:50', 0, 0, NULL, 1, '销售订单10'),
(11, 'SO20240011', 5, 3, 4, 3, '2025-12-24', '2026-05-02', NULL, 270757, 696, 3534, 34738.99, 301961.99, 149478.8927, 'CNY', 4, '', 3, 50000.0, 0, 1, 0, 3, '2026-04-24 16:35:50', '2026-04-24 16:35:50', 0, 0, NULL, 1, '销售订单11'),
(12, 'SO20240012', 16, 14, 3, 6, '2025-11-15', '2026-04-29', '2026-03-26', 241478, 744, 7756, 30383.86, 264105.86, 261547.8099, 'CNY', 4, '', 2, 20000.0, 2, 1, 0, 5, '2026-04-24 16:35:50', '2026-04-24 16:35:50', 0, 0, NULL, 1, '销售订单12'),
(13, 'SO20240013', 11, 3, 4, 3, '2026-01-31', '2026-05-04', '2026-04-02', 272938, 348, 2372, 35173.58, 305739.58, 64133.8742, 'CNY', 2, '', 2, 20000.0, 1, 1, 1, 5, '2026-04-24 16:35:50', '2026-04-24 16:35:50', 0, 0, NULL, 1, '销售订单13'),
(14, 'SO20240014', 14, 6, 2, 1, '2026-01-05', '2026-05-14', NULL, 47510, 170, 8444, 5078.58, 44144.58, 28698.2946, 'CNY', 4, '', 1, 5000.0, 0, 1, 0, 4, '2026-04-24 16:35:50', '2026-04-24 16:35:50', 0, 0, NULL, 1, '销售订单14'),
(15, 'SO20240015', 16, 9, 4, 5, '2025-11-19', '2026-05-11', '2026-04-24', 66982, 524, 6260, 7893.86, 68615.86, 18884.1853, 'CNY', 4, '', 2, 20000.0, 2, 1, 0, 1, '2026-04-24 16:35:50', '2026-04-24 16:35:50', 0, 0, NULL, 1, '销售订单15'),
(16, 'SO20240016', 16, 6, 2, 5, '2026-03-01', '2026-05-14', NULL, 69573, 657, 2967, 8658.78, 75264.78, 28898.6558, 'CNY', 4, '', 2, 20000.0, 0, 1, 1, 5, '2026-04-24 16:35:50', '2026-04-24 16:35:50', 0, 0, NULL, 1, '销售订单16'),
(17, 'SO20240017', 6, 14, 4, 1, '2026-01-14', '2026-05-14', NULL, 85058, 262, 1922, 10807.68, 93943.68, 16972.2573, 'CNY', 2, '', 3, 50000.0, 0, 1, 0, 5, '2026-04-24 16:35:50', '2026-04-24 16:35:50', 0, 0, NULL, 1, '销售订单17'),
(18, 'SO20240018', 2, 3, 2, 5, '2025-12-21', '2026-05-10', '2026-03-15', 241800, 723, 1, 31433.87, 273232.87, 67853.8544, 'CNY', 1, '', 4, 200000.0, 2, 1, 2, 5, '2026-04-24 16:35:50', '2026-04-24 16:35:50', 0, 0, NULL, 1, '销售订单18'),
(19, 'SO20240019', 4, 3, 2, 1, '2025-11-23', '2026-05-03', NULL, 132833, 187, 9865, 15985.84, 138953.84, 76712.3335, 'CNY', 3, '', 4, 200000.0, 0, 1, 1, 2, '2026-04-24 16:35:50', '2026-04-24 16:35:50', 0, 0, NULL, 1, '销售订单19'),
(20, 'SO20240020', 3, 9, 4, 4, '2026-04-01', '2026-05-03', '2026-03-09', 161243, 698, 3156, 20551.31, 178638.31, 127627.2417, 'CNY', 2, '', 3, 50000.0, 2, 1, 0, 3, '2026-04-24 16:35:50', '2026-04-24 16:35:50', 0, 0, NULL, 1, '销售订单20');


-- sales_order_item
INSERT INTO sales_order_item (id, order_id, sku_id, sku_name, sku_specs, qty, delivered_qty, returned_qty, unit_price, amount, tax_rate, tax_amount, discount_rate, warehouse_id, status, created_at, updated_at, created_by, updated_by, deleted_at, version, remark) VALUES
(1, 1, 48, '海飞丝去屑洗发水 200ml', '{"容量":"200ml"}', 27, 0, 0, 65, 1755, 13.0, 228.15, 0.0, 2, 1, '2026-04-24 16:35:50', '2026-04-24 16:35:50', 0, 0, NULL, 1, NULL),
(2, 1, 51, '汰渍洗衣液3kg 薰衣草', '{"香型":"薰衣草"}', 72, 0, 0, 51, 3672, 13.0, 477.36, 0.0, 2, 1, '2026-04-24 16:35:50', '2026-04-24 16:35:50', 0, 0, NULL, 1, NULL),
(3, 1, 47, '可口可乐330ml*24罐 樱桃味', '{"口味":"樱桃味"}', 74, 0, 0, 53, 3922, 13.0, 509.86, 0.0, 2, 1, '2026-04-24 16:35:50', '2026-04-24 16:35:50', 0, 0, NULL, 1, NULL),
(4, 2, 43, '每日坚果礼盒 500g家庭装', '{"规格":"500g家庭装"}', 20, 0, 0, 101, 2020, 13.0, 262.6, 0.0, 2, 1, '2026-04-24 16:35:50', '2026-04-24 16:35:50', 0, 0, NULL, 1, NULL),
(5, 3, 2, '华为Mate60 Pro智能手机 雅川青/512GB', '{"颜色":"雅川青","存储容量":"512GB"}', 15, 0, 0, 7209, 108135, 13.0, 14057.55, 0.0, 1, 1, '2026-04-24 16:35:50', '2026-04-24 16:35:50', 0, 0, NULL, 1, NULL),
(6, 3, 25, '小米14 黑色/256GB', '{"颜色":"黑色","存储容量":"256GB"}', 37, 0, 0, 4105, 151885, 13.0, 19745.05, 0.0, 1, 1, '2026-04-24 16:35:50', '2026-04-24 16:35:50', 0, 0, NULL, 1, NULL),
(7, 3, 134, '李宁运动跑步鞋 黑色/43', '{"颜色":"黑色","尺码":"43"}', 10, 0, 0, 399, 3990, 13.0, 518.7, 0.0, 1, 1, '2026-04-24 16:35:50', '2026-04-24 16:35:50', 0, 0, NULL, 1, NULL),
(8, 4, 15, 'iPhone 15 Pro Max 原色钛金属/1TB', '{"颜色":"原色钛金属","存储容量":"1TB"}', 55, 0, 0, 10041, 552255, 13.0, 71793.15, 0.0, 4, 1, '2026-04-24 16:35:50', '2026-04-24 16:35:50', 0, 0, NULL, 1, NULL),
(9, 4, 85, '伊利纯牛奶250ml*24盒 1L*12盒', '{"规格":"1L*12盒"}', 22, 0, 0, 90, 1980, 13.0, 257.4, 0.0, 4, 1, '2026-04-24 16:35:50', '2026-04-24 16:35:50', 0, 0, NULL, 1, NULL),
(10, 4, 1, '华为Mate60 Pro智能手机 雅川青/256GB', '{"颜色":"雅川青","存储容量":"256GB"}', 68, 0, 0, 7236, 492048, 13.0, 63966.24, 0.0, 4, 1, '2026-04-24 16:35:50', '2026-04-24 16:35:50', 0, 0, NULL, 1, NULL),
(11, 4, 103, '男士商务休闲衬衫 浅蓝/40', '{"颜色":"浅蓝","尺码":"40"}', 27, 0, 0, 210, 5670, 13.0, 737.1, 0.0, 4, 1, '2026-04-24 16:35:50', '2026-04-24 16:35:50', 0, 0, NULL, 1, NULL),
(12, 5, 93, '苹果MacBook Pro 16 M3 Max 48G 1T', '{"配置":"M3 Max 48G 1T"}', 15, 0, 0, 20001, 300015, 13.0, 39001.95, 0.0, 3, 1, '2026-04-24 16:35:50', '2026-04-24 16:35:50', 0, 0, NULL, 1, NULL),
(13, 6, 50, '海飞丝去屑洗发水 750ml', '{"容量":"750ml"}', 28, 0, 0, 54, 1512, 13.0, 196.56, 0.0, 5, 1, '2026-04-24 16:35:50', '2026-04-24 16:35:50', 0, 0, NULL, 1, NULL),
(14, 6, 134, '李宁运动跑步鞋 黑色/43', '{"颜色":"黑色","尺码":"43"}', 74, 0, 0, 399, 29526, 13.0, 3838.38, 0.0, 5, 1, '2026-04-24 16:35:50', '2026-04-24 16:35:50', 0, 0, NULL, 1, NULL),
(15, 6, 9, '华为Mate60 Pro智能手机 白沙银/1TB', '{"颜色":"白沙银","存储容量":"1TB"}', 26, 0, 0, 7175, 186550, 13.0, 24251.5, 0.0, 5, 1, '2026-04-24 16:35:50', '2026-04-24 16:35:50', 0, 0, NULL, 1, NULL),
(16, 7, 23, 'iPhone 15 Pro Max 黑色钛金属/512GB', '{"颜色":"黑色钛金属","存储容量":"512GB"}', 23, 0, 0, 10156, 233588, 13.0, 30366.44, 0.0, 6, 1, '2026-04-24 16:35:50', '2026-04-24 16:35:50', 0, 0, NULL, 1, NULL),
(17, 7, 112, '男士商务休闲衬衫 浅粉/43', '{"颜色":"浅粉","尺码":"43"}', 13, 0, 0, 204, 2652, 13.0, 344.76, 0.0, 6, 1, '2026-04-24 16:35:50', '2026-04-24 16:35:50', 0, 0, NULL, 1, NULL),
(18, 8, 17, 'iPhone 15 Pro Max 蓝色钛金属/512GB', '{"颜色":"蓝色钛金属","存储容量":"512GB"}', 53, 0, 0, 9906, 525018, 13.0, 68252.34, 0.0, 3, 1, '2026-04-24 16:35:50', '2026-04-24 16:35:50', 0, 0, NULL, 1, NULL),
(19, 8, 97, '男士商务休闲衬衫 白色/40', '{"颜色":"白色","尺码":"40"}', 58, 0, 0, 227, 13166, 13.0, 1711.58, 0.0, 3, 1, '2026-04-24 16:35:50', '2026-04-24 16:35:50', 0, 0, NULL, 1, NULL),
(20, 9, 33, '小米14 岩石青/1TB', '{"颜色":"岩石青","存储容量":"1TB"}', 50, 0, 0, 4123, 206150, 13.0, 26799.5, 0.0, 2, 1, '2026-04-24 16:35:50', '2026-04-24 16:35:50', 0, 0, NULL, 1, NULL),
(21, 9, 98, '男士商务休闲衬衫 白色/41', '{"颜色":"白色","尺码":"41"}', 10, 0, 0, 195, 1950, 13.0, 253.5, 0.0, 2, 1, '2026-04-24 16:35:50', '2026-04-24 16:35:50', 0, 0, NULL, 1, NULL),
(22, 9, 80, '优衣库HEATTECH保暖内衣 米色/M', '{"颜色":"米色","尺码":"M"}', 17, 0, 0, 97, 1649, 13.0, 214.37, 0.0, 2, 1, '2026-04-24 16:35:50', '2026-04-24 16:35:50', 0, 0, NULL, 1, NULL),
(23, 10, 81, '优衣库HEATTECH保暖内衣 米色/L', '{"颜色":"米色","尺码":"L"}', 28, 0, 0, 102, 2856, 13.0, 371.28, 0.0, 4, 1, '2026-04-24 16:35:50', '2026-04-24 16:35:50', 0, 0, NULL, 1, NULL),
(24, 10, 76, '优衣库HEATTECH保暖内衣 灰色/M', '{"颜色":"灰色","尺码":"M"}', 38, 0, 0, 124, 4712, 13.0, 612.56, 0.0, 4, 1, '2026-04-24 16:35:50', '2026-04-24 16:35:50', 0, 0, NULL, 1, NULL),
(25, 10, 128, '金龙鱼食用油5L 玉米油', '{"种类":"玉米油"}', 68, 0, 0, 67, 4556, 13.0, 592.28, 0.0, 4, 1, '2026-04-24 16:35:50', '2026-04-24 16:35:50', 0, 0, NULL, 1, NULL),
(26, 10, 38, '联想拯救者Y9000P i9-14900HX/16G/1T/RTX4080', '{"配置":"i9-14900HX/16G/1T/RTX4080"}', 46, 0, 0, 15078, 693588, 13.0, 90166.44, 0.0, 4, 1, '2026-04-24 16:35:50', '2026-04-24 16:35:50', 0, 0, NULL, 1, NULL),
(27, 11, 54, '耐克Air Max运动鞋 黑白/40', '{"颜色":"黑白","尺码":"40"}', 38, 0, 0, 900, 34200, 13.0, 4446.0, 0.0, 3, 1, '2026-04-24 16:35:50', '2026-04-24 16:35:50', 0, 0, NULL, 1, NULL),
(28, 11, 14, 'iPhone 15 Pro Max 原色钛金属/512GB', '{"颜色":"原色钛金属","存储容量":"512GB"}', 32, 0, 0, 9996, 319872, 13.0, 41583.36, 0.0, 3, 1, '2026-04-24 16:35:50', '2026-04-24 16:35:50', 0, 0, NULL, 1, NULL),
(29, 12, 73, '优衣库HEATTECH保暖内衣 黑色/L', '{"颜色":"黑色","尺码":"L"}', 34, 0, 0, 118, 4012, 13.0, 521.56, 0.0, 6, 1, '2026-04-24 16:35:50', '2026-04-24 16:35:50', 0, 0, NULL, 1, NULL),
(30, 12, 141, '李宁运动跑步鞋 荧光绿/40', '{"颜色":"荧光绿","尺码":"40"}', 60, 0, 0, 408, 24480, 13.0, 3182.4, 0.0, 6, 1, '2026-04-24 16:35:50', '2026-04-24 16:35:50', 0, 0, NULL, 1, NULL),
(31, 12, 25, '小米14 黑色/256GB', '{"颜色":"黑色","存储容量":"256GB"}', 26, 0, 0, 4105, 106730, 13.0, 13874.9, 0.0, 6, 1, '2026-04-24 16:35:50', '2026-04-24 16:35:50', 0, 0, NULL, 1, NULL),
(32, 13, 38, '联想拯救者Y9000P i9-14900HX/16G/1T/RTX4080', '{"配置":"i9-14900HX/16G/1T/RTX4080"}', 58, 0, 0, 15078, 874524, 13.0, 113688.12, 0.0, 3, 1, '2026-04-24 16:35:50', '2026-04-24 16:35:50', 0, 0, NULL, 1, NULL),
(33, 14, 9, '华为Mate60 Pro智能手机 白沙银/1TB', '{"颜色":"白沙银","存储容量":"1TB"}', 25, 0, 0, 7175, 179375, 13.0, 23318.75, 0.0, 1, 1, '2026-04-24 16:35:50', '2026-04-24 16:35:50', 0, 0, NULL, 1, NULL),
(34, 14, 62, '耐克Air Max运动鞋 全黑/42', '{"颜色":"全黑","尺码":"42"}', 60, 0, 0, 913, 54780, 13.0, 7121.4, 0.0, 1, 1, '2026-04-24 16:35:50', '2026-04-24 16:35:50', 0, 0, NULL, 1, NULL),
(35, 15, 22, 'iPhone 15 Pro Max 黑色钛金属/256GB', '{"颜色":"黑色钛金属","存储容量":"256GB"}', 25, 0, 0, 10281, 257025, 13.0, 33413.25, 0.0, 5, 1, '2026-04-24 16:35:50', '2026-04-24 16:35:50', 0, 0, NULL, 1, NULL),
(36, 16, 26, '小米14 黑色/512GB', '{"颜色":"黑色","存储容量":"512GB"}', 51, 0, 0, 3919, 199869, 13.0, 25982.97, 0.0, 5, 1, '2026-04-24 16:35:50', '2026-04-24 16:35:50', 0, 0, NULL, 1, NULL),
(37, 16, 17, 'iPhone 15 Pro Max 蓝色钛金属/512GB', '{"颜色":"蓝色钛金属","存储容量":"512GB"}', 78, 0, 0, 9906, 772668, 13.0, 100446.84, 0.0, 5, 1, '2026-04-24 16:35:50', '2026-04-24 16:35:50', 0, 0, NULL, 1, NULL),
(38, 17, 81, '优衣库HEATTECH保暖内衣 米色/L', '{"颜色":"米色","尺码":"L"}', 25, 0, 0, 102, 2550, 13.0, 331.5, 0.0, 1, 1, '2026-04-24 16:35:50', '2026-04-24 16:35:50', 0, 0, NULL, 1, NULL),
(39, 17, 11, '华为Mate60 Pro智能手机 雅丹黑/512GB', '{"颜色":"雅丹黑","存储容量":"512GB"}', 26, 0, 0, 7236, 188136, 13.0, 24457.68, 0.0, 1, 1, '2026-04-24 16:35:50', '2026-04-24 16:35:50', 0, 0, NULL, 1, NULL),
(40, 17, 53, '汰渍洗衣液3kg 清新自然', '{"香型":"清新自然"}', 30, 0, 0, 51, 1530, 13.0, 198.9, 0.0, 1, 1, '2026-04-24 16:35:50', '2026-04-24 16:35:50', 0, 0, NULL, 1, NULL),
(41, 17, 23, 'iPhone 15 Pro Max 黑色钛金属/512GB', '{"颜色":"黑色钛金属","存储容量":"512GB"}', 42, 0, 0, 10156, 426552, 13.0, 55451.76, 0.0, 1, 1, '2026-04-24 16:35:50', '2026-04-24 16:35:50', 0, 0, NULL, 1, NULL),
(42, 18, 36, '小米14 雪山粉/1TB', '{"颜色":"雪山粉","存储容量":"1TB"}', 72, 0, 0, 4279, 308088, 13.0, 40051.44, 0.0, 5, 1, '2026-04-24 16:35:50', '2026-04-24 16:35:50', 0, 0, NULL, 1, NULL),
(43, 18, 81, '优衣库HEATTECH保暖内衣 米色/L', '{"颜色":"米色","尺码":"L"}', 76, 0, 0, 102, 7752, 13.0, 1007.76, 0.0, 5, 1, '2026-04-24 16:35:50', '2026-04-24 16:35:50', 0, 0, NULL, 1, NULL),
(44, 18, 91, '华为MatePad Pro平板 星河蓝/512GB', '{"颜色":"星河蓝","存储容量":"512GB"}', 78, 0, 0, 5009, 390702, 13.0, 50791.26, 0.0, 5, 1, '2026-04-24 16:35:50', '2026-04-24 16:35:50', 0, 0, NULL, 1, NULL),
(45, 18, 131, '李宁运动跑步鞋 黑色/40', '{"颜色":"黑色","尺码":"40"}', 36, 0, 0, 426, 15336, 13.0, 1993.68, 0.0, 5, 1, '2026-04-24 16:35:50', '2026-04-24 16:35:50', 0, 0, NULL, 1, NULL),
(46, 19, 20, 'iPhone 15 Pro Max 白色钛金属/512GB', '{"颜色":"白色钛金属","存储容量":"512GB"}', 80, 0, 0, 10255, 820400, 13.0, 106652.0, 0.0, 1, 1, '2026-04-24 16:35:50', '2026-04-24 16:35:50', 0, 0, NULL, 1, NULL),
(47, 19, 66, '耐克Air Max运动鞋 白灰/40', '{"颜色":"白灰","尺码":"40"}', 43, 0, 0, 899, 38657, 13.0, 5025.41, 0.0, 1, 1, '2026-04-24 16:35:50', '2026-04-24 16:35:50', 0, 0, NULL, 1, NULL),
(48, 19, 98, '男士商务休闲衬衫 白色/41', '{"颜色":"白色","尺码":"41"}', 30, 0, 0, 195, 5850, 13.0, 760.5, 0.0, 1, 1, '2026-04-24 16:35:50', '2026-04-24 16:35:50', 0, 0, NULL, 1, NULL),
(49, 19, 103, '男士商务休闲衬衫 浅蓝/40', '{"颜色":"浅蓝","尺码":"40"}', 68, 0, 0, 210, 14280, 13.0, 1856.4, 0.0, 1, 1, '2026-04-24 16:35:50', '2026-04-24 16:35:50', 0, 0, NULL, 1, NULL),
(50, 20, 98, '男士商务休闲衬衫 白色/41', '{"颜色":"白色","尺码":"41"}', 13, 0, 0, 195, 2535, 13.0, 329.55, 0.0, 4, 1, '2026-04-24 16:35:50', '2026-04-24 16:35:50', 0, 0, NULL, 1, NULL),
(51, 20, 64, '耐克Air Max运动鞋 全黑/44', '{"颜色":"全黑","尺码":"44"}', 19, 0, 0, 916, 17404, 13.0, 2262.52, 0.0, 4, 1, '2026-04-24 16:35:50', '2026-04-24 16:35:50', 0, 0, NULL, 1, NULL),
(52, 20, 70, '耐克Air Max运动鞋 白灰/44', '{"颜色":"白灰","尺码":"44"}', 25, 0, 0, 929, 23225, 13.0, 3019.25, 0.0, 4, 1, '2026-04-24 16:35:50', '2026-04-24 16:35:50', 0, 0, NULL, 1, NULL),
(53, 20, 137, '李宁运动跑步鞋 白色/41', '{"颜色":"白色","尺码":"41"}', 24, 0, 0, 405, 9720, 13.0, 1263.6, 0.0, 4, 1, '2026-04-24 16:35:50', '2026-04-24 16:35:50', 0, 0, NULL, 1, NULL);


-- sales_out_stock
INSERT INTO sales_out_stock (id, out_stock_no, order_id, customer_id, warehouse_id, operator_id, out_stock_date, total_qty, total_amount, waybill_no, carrier_id, status, created_at, updated_at, created_by, updated_by, deleted_at, version, remark) VALUES
(2, 'CK20240001', 4, 13, 4, 13, '2026-04-23', 309, 53359, 'SF6264622618', 1, 2, '2026-04-24 16:35:50', '2026-04-24 16:35:50', 0, 0, NULL, 1, NULL),
(4, 'CK20240003', 8, 6, 3, 7, '2026-02-05', 569, 205926, 'SF9055262383', 5, 3, '2026-04-24 16:35:50', '2026-04-24 16:35:50', 0, 0, NULL, 1, NULL),
(6, 'CK20240005', 9, 18, 2, 13, '2026-04-13', 318, 159583, 'SF1206000737', 3, 3, '2026-04-24 16:35:50', '2026-04-24 16:35:50', 0, 0, NULL, 1, NULL),
(8, 'CK20240007', 10, 19, 4, 13, '2026-03-16', 160, 82911, 'SF9630725905', 5, 2, '2026-04-24 16:35:50', '2026-04-24 16:35:50', 0, 0, NULL, 1, NULL),
(10, 'CK20240009', 12, 16, 6, 13, '2026-01-20', 409, 200467, 'SF4339458019', 5, 3, '2026-04-24 16:35:50', '2026-04-24 16:35:50', 0, 0, NULL, 1, NULL),
(12, 'CK20240011', 14, 14, 1, 13, '2026-03-14', 544, 90188, 'SF4496203239', 3, 2, '2026-04-24 16:35:50', '2026-04-24 16:35:50', 0, 0, NULL, 1, NULL),
(14, 'CK20240013', 18, 2, 5, 7, '2026-01-23', 275, 39545, 'SF1246580623', 3, 3, '2026-04-24 16:35:50', '2026-04-24 16:35:50', 0, 0, NULL, 1, NULL),
(16, 'CK20240015', 20, 3, 4, 13, '2026-04-10', 550, 206574, 'SF5880922736', 4, 2, '2026-04-24 16:35:50', '2026-04-24 16:35:50', 0, 0, NULL, 1, NULL);


-- sales_return
INSERT INTO sales_return (id, return_no, order_id, out_stock_id, customer_id, warehouse_id, operator_id, return_date, return_reason, total_qty, total_amount, refund_status, status, created_at, updated_at, created_by, updated_by, deleted_at, version, remark) VALUES
(1, 'XH20240001', 13, NULL, 11, 3, 7, '2026-04-02', '运输损坏', 11, 27442, 0, 3, '2026-04-24 16:35:50', '2026-04-24 16:35:50', 0, 0, NULL, 1, NULL),
(2, 'XH20240002', 20, NULL, 3, 4, 7, '2026-04-01', '客户退货', 19, 8522, 0, 2, '2026-04-24 16:35:50', '2026-04-24 16:35:50', 0, 0, NULL, 1, NULL),
(3, 'XH20240003', 14, NULL, 14, 1, 13, '2026-03-03', '质量问题', 10, 15231, 0, 3, '2026-04-24 16:35:50', '2026-04-24 16:35:50', 0, 0, NULL, 1, NULL),
(4, 'XH20240004', 16, NULL, 16, 5, 13, '2026-02-16', '错发', 11, 3073, 1, 2, '2026-04-24 16:35:50', '2026-04-24 16:35:50', 0, 0, NULL, 1, NULL),
(5, 'XH20240005', 16, NULL, 16, 5, 7, '2026-02-28', '错发', 5, 23169, 1, 3, '2026-04-24 16:35:50', '2026-04-24 16:35:50', 0, 0, NULL, 1, NULL);


-- sales_return_item
INSERT INTO sales_return_item (id, return_id, order_item_id, sku_id, sku_name, sku_specs, return_qty, unit_price, amount, tax_rate, tax_amount, return_reason, batch_no, warehouse_id, location_id, status, created_at, updated_at, created_by, updated_by, deleted_at, version, remark) VALUES
(1, 1, NULL, 63, '耐克Air Max运动鞋 全黑/43', '{"颜色":"全黑","尺码":"43"}', 13, 914, 11882, 13.0, 1544.66, '运输损坏', NULL, 3, NULL, 1, '2026-04-24 16:35:50', '2026-04-24 16:35:50', 0, 0, NULL, 1, NULL),
(2, 1, NULL, 136, '李宁运动跑步鞋 白色/40', '{"颜色":"白色","尺码":"40"}', 12, 407, 4884, 13.0, 634.92, '运输损坏', NULL, 3, NULL, 1, '2026-04-24 16:35:50', '2026-04-24 16:35:50', 0, 0, NULL, 1, NULL),
(3, 2, NULL, 35, '小米14 雪山粉/512GB', '{"颜色":"雪山粉","存储容量":"512GB"}', 10, 4238, 42380, 13.0, 5509.4, '客户退货', NULL, 4, NULL, 1, '2026-04-24 16:35:50', '2026-04-24 16:35:50', 0, 0, NULL, 1, NULL),
(4, 2, NULL, 91, '华为MatePad Pro平板 星河蓝/512GB', '{"颜色":"星河蓝","存储容量":"512GB"}', 2, 5009, 10018, 13.0, 1302.34, '客户退货', NULL, 4, NULL, 1, '2026-04-24 16:35:50', '2026-04-24 16:35:50', 0, 0, NULL, 1, NULL),
(5, 3, NULL, 75, '优衣库HEATTECH保暖内衣 黑色/XXL', '{"颜色":"黑色","尺码":"XXL"}', 6, 109, 654, 13.0, 85.02, '质量问题', NULL, 1, NULL, 1, '2026-04-24 16:35:50', '2026-04-24 16:35:50', 0, 0, NULL, 1, NULL),
(6, 4, NULL, 119, '舒肤佳沐浴露 纯白清香/400ml', '{"香型":"纯白清香","容量":"400ml"}', 11, 52, 572, 13.0, 74.36, '错发', NULL, 5, NULL, 1, '2026-04-24 16:35:50', '2026-04-24 16:35:50', 0, 0, NULL, 1, NULL),
(7, 5, NULL, 28, '小米14 白色/256GB', '{"颜色":"白色","存储容量":"256GB"}', 2, 4265, 8530, 13.0, 1108.9, '错发', NULL, 5, NULL, 1, '2026-04-24 16:35:50', '2026-04-24 16:35:50', 0, 0, NULL, 1, NULL),
(8, 5, NULL, 90, '华为MatePad Pro平板 星河蓝/256GB', '{"颜色":"星河蓝","存储容量":"256GB"}', 13, 4992, 64896, 13.0, 8436.48, '错发', NULL, 5, NULL, 1, '2026-04-24 16:35:50', '2026-04-24 16:35:50', 0, 0, NULL, 1, NULL);


-- wms_inbound
INSERT INTO wms_inbound (id, inbound_no, inbound_type, source_type, source_id, source_no, warehouse_id, supplier_id, total_sku_count, total_qty, total_amount, arrival_date, actual_date, operator_id, quality_check_status, status, created_at, updated_at, created_by, updated_by, deleted_at, version, remark) VALUES
(1, 'RKW20240001', 2, 2, 6, 'PO20240006', 1, 2, 4, 553, 71785, '2025-12-16', '2025-12-16', 7, 3, 1, '2026-04-24 16:35:50', '2026-04-24 16:35:50', 0, 0, NULL, 1, NULL),
(2, 'RKW20240002', 3, 1, 3, 'PO20240003', 6, 4, 4, 731, 89677, '2025-12-25', '2025-12-25', 13, 3, 5, '2026-04-24 16:35:50', '2026-04-24 16:35:50', 0, 0, NULL, 1, NULL),
(3, 'RKW20240003', 2, 3, 9, 'PO20240009', 2, 4, 3, 167, 246536, '2026-01-31', '2026-01-31', 7, 3, 2, '2026-04-24 16:35:50', '2026-04-24 16:35:50', 0, 0, NULL, 1, NULL),
(4, 'RKW20240004', 4, 3, 1, 'PO20240001', 3, 2, 3, 422, 93546, '2026-02-22', '2026-02-22', 13, 1, 3, '2026-04-24 16:35:50', '2026-04-24 16:35:50', 0, 0, NULL, 1, NULL),
(5, 'RKW20240005', 3, 3, 2, 'PO20240002', 4, 3, 3, 553, 115310, '2026-02-18', '2026-02-18', 13, 0, 1, '2026-04-24 16:35:50', '2026-04-24 16:35:50', 0, 0, NULL, 1, NULL),
(6, 'RKW20240006', 3, 1, 11, 'PO20240011', 3, 4, 5, 443, 42867, '2025-12-22', '2025-12-22', 7, 0, 1, '2026-04-24 16:35:50', '2026-04-24 16:35:50', 0, 0, NULL, 1, NULL),
(7, 'RKW20240007', 2, 1, 7, 'PO20240007', 5, 12, 3, 623, 111052, '2026-02-26', '2026-02-26', 13, 0, 4, '2026-04-24 16:35:50', '2026-04-24 16:35:50', 0, 0, NULL, 1, NULL),
(8, 'RKW20240008', 1, 3, 1, 'PO20240001', 6, 4, 4, 556, 199488, '2026-04-10', '2026-04-10', 7, 1, 4, '2026-04-24 16:35:50', '2026-04-24 16:35:50', 0, 0, NULL, 1, NULL),
(9, 'RKW20240009', 2, 2, 15, 'PO20240015', 2, 5, 1, 707, 85275, '2026-01-17', '2026-01-17', 7, 0, 6, '2026-04-24 16:35:50', '2026-04-24 16:35:50', 0, 0, NULL, 1, NULL),
(10, 'RKW20240010', 4, 3, 5, 'PO20240005', 6, 11, 5, 614, 74043, '2026-03-18', '2026-03-18', 7, 2, 3, '2026-04-24 16:35:50', '2026-04-24 16:35:50', 0, 0, NULL, 1, NULL);


-- wms_inbound_item
INSERT INTO wms_inbound_item (id, inbound_id, sku_id, sku_name, expect_qty, actual_qty, qualified_qty, unqualified_qty, unit_price, amount, location_id, batch_no, production_date, expiry_date, status, created_at, updated_at, created_by, updated_by, deleted_at, version, remark) VALUES
(1, 1, 2, '华为Mate60 Pro智能手机 雅川青/512GB', 29, 27, 27, 0, 4325.4, 116785.79999999999, 241, 'BN2024405', '2026-01-09', '2026-08-28', 1, '2026-04-24 16:35:50', '2026-04-24 16:35:50', 0, 0, NULL, 1, NULL),
(2, 1, 94, '苹果MacBook Pro 16 M3 Pro 18G 512G', 64, 63, 61, 2, 11996.4, 755773.2, 138, 'BN2024112', '2026-01-26', '2026-11-28', 1, '2026-04-24 16:35:50', '2026-04-24 16:35:50', 0, 0, NULL, 1, NULL),
(3, 1, 113, '奥利奥夹心饼干 原味', 30, 29, 28, 1, 10.799999999999999, 313.2, 223, 'BN2024006', '2026-01-05', '2027-01-25', 1, '2026-04-24 16:35:50', '2026-04-24 16:35:50', 0, 0, NULL, 1, NULL),
(4, 1, 51, '汰渍洗衣液3kg 薰衣草', 24, 23, 22, 1, 30.599999999999998, 703.8, 21, 'BN2024137', '2026-01-15', '2026-09-28', 1, '2026-04-24 16:35:50', '2026-04-24 16:35:50', 0, 0, NULL, 1, NULL),
(5, 2, 33, '小米14 岩石青/1TB', 51, 48, 46, 2, 2473.7999999999997, 118742.4, 200, 'BN2024135', '2025-11-03', '2027-02-13', 1, '2026-04-24 16:35:50', '2026-04-24 16:35:50', 0, 0, NULL, 1, NULL),
(6, 2, 28, '小米14 白色/256GB', 12, 11, 11, 0, 2559.0, 28149.0, 177, 'BN2024513', '2025-10-09', '2026-12-26', 1, '2026-04-24 16:35:50', '2026-04-24 16:35:50', 0, 0, NULL, 1, NULL),
(7, 2, 61, '耐克Air Max运动鞋 全黑/41', 16, 14, 13, 1, 544.1999999999999, 7618.799999999999, 306, 'BN2024756', '2025-10-08', '2026-10-02', 1, '2026-04-24 16:35:50', '2026-04-24 16:35:50', 0, 0, NULL, 1, NULL),
(8, 2, 123, '舒肤佳沐浴露 柠檬清新/720ml', 47, 45, 44, 1, 12.0, 540.0, 43, 'BN2024780', '2026-01-23', '2026-08-15', 1, '2026-04-24 16:35:50', '2026-04-24 16:35:50', 0, 0, NULL, 1, NULL),
(9, 3, 27, '小米14 黑色/1TB', 99, 98, 98, 0, 2512.7999999999997, 246254.39999999997, 303, 'BN2024645', '2025-11-13', '2026-08-10', 1, '2026-04-24 16:35:50', '2026-04-24 16:35:50', 0, 0, NULL, 1, NULL),
(10, 3, 31, '小米14 岩石青/256GB', 26, 23, 23, 0, 2361.6, 54316.799999999996, 141, 'BN2024197', '2025-11-12', '2026-09-30', 1, '2026-04-24 16:35:50', '2026-04-24 16:35:50', 0, 0, NULL, 1, NULL),
(11, 3, 5, '华为Mate60 Pro智能手机 南糯紫/512GB', 88, 87, 87, 0, 4158.599999999999, 361798.19999999995, 27, 'BN2024390', '2026-01-18', '2026-10-25', 1, '2026-04-24 16:35:50', '2026-04-24 16:35:50', 0, 0, NULL, 1, NULL),
(12, 3, 79, '优衣库HEATTECH保暖内衣 灰色/XXL', 99, 98, 98, 0, 62.4, 6115.2, 173, 'BN2024437', '2026-02-05', '2026-06-28', 1, '2026-04-24 16:35:50', '2026-04-24 16:35:50', 0, 0, NULL, 1, NULL),
(13, 4, 47, '可口可乐330ml*24罐 樱桃味', 15, 15, 15, 0, 31.799999999999997, 476.99999999999994, 165, 'BN2024218', '2025-12-18', '2026-10-11', 1, '2026-04-24 16:35:50', '2026-04-24 16:35:50', 0, 0, NULL, 1, NULL),
(14, 5, 142, '李宁运动跑步鞋 荧光绿/41', 26, 24, 23, 1, 252.0, 6048.0, 186, 'BN2024761', '2026-03-05', '2026-10-26', 1, '2026-04-24 16:35:50', '2026-04-24 16:35:50', 0, 0, NULL, 1, NULL),
(15, 6, 50, '海飞丝去屑洗发水 750ml', 100, 97, 97, 0, 32.4, 3142.7999999999997, 39, 'BN2024965', '2026-02-22', '2026-11-18', 1, '2026-04-24 16:35:50', '2026-04-24 16:35:50', 0, 0, NULL, 1, NULL),
(16, 6, 88, '华为MatePad Pro平板 晶钻白/256GB', 48, 45, 45, 0, 2994.0, 134730.0, 274, 'BN2024739', '2025-11-14', '2026-06-24', 1, '2026-04-24 16:35:50', '2026-04-24 16:35:50', 0, 0, NULL, 1, NULL),
(17, 7, 124, '舒肤佳沐浴露 柠檬清新/1L', 63, 63, 63, 0, 34.8, 2192.3999999999996, 307, 'BN2024281', '2025-11-08', '2026-08-26', 1, '2026-04-24 16:35:50', '2026-04-24 16:35:50', 0, 0, NULL, 1, NULL),
(18, 8, 144, '李宁运动跑步鞋 荧光绿/43', 59, 56, 54, 2, 255.0, 14280.0, 140, 'BN2024212', '2025-11-22', '2026-06-13', 1, '2026-04-24 16:35:50', '2026-04-24 16:35:50', 0, 0, NULL, 1, NULL),
(19, 8, 41, '华为FreeBuds Pro 3 陶瓷白', 83, 82, 80, 2, 857.4, 70306.8, 5, 'BN2024901', '2026-02-14', '2026-10-07', 1, '2026-04-24 16:35:50', '2026-04-24 16:35:50', 0, 0, NULL, 1, NULL),
(20, 8, 129, '金龙鱼食用油5L 葵花籽油', 100, 98, 97, 1, 48.0, 4704.0, 113, 'BN2024304', '2025-12-13', '2026-11-01', 1, '2026-04-24 16:35:50', '2026-04-24 16:35:50', 0, 0, NULL, 1, NULL),
(21, 8, 31, '小米14 岩石青/256GB', 31, 30, 30, 0, 2361.6, 70848.0, 274, 'BN2024244', '2025-12-19', '2026-06-23', 1, '2026-04-24 16:35:50', '2026-04-24 16:35:50', 0, 0, NULL, 1, NULL),
(22, 9, 95, '男士商务休闲衬衫 白色/38', 51, 51, 49, 2, 122.39999999999999, 6242.4, 282, 'BN2024271', '2025-11-09', '2026-09-25', 1, '2026-04-24 16:35:50', '2026-04-24 16:35:50', 0, 0, NULL, 1, NULL),
(23, 9, 76, '优衣库HEATTECH保暖内衣 灰色/M', 51, 51, 49, 2, 74.39999999999999, 3794.3999999999996, 6, 'BN2024844', '2026-01-05', '2026-08-08', 1, '2026-04-24 16:35:50', '2026-04-24 16:35:50', 0, 0, NULL, 1, NULL),
(24, 9, 72, '优衣库HEATTECH保暖内衣 黑色/M', 32, 30, 30, 0, 57.0, 1710.0, 276, 'BN2024674', '2026-03-04', '2026-07-10', 1, '2026-04-24 16:35:50', '2026-04-24 16:35:50', 0, 0, NULL, 1, NULL),
(25, 10, 102, '男士商务休闲衬衫 浅蓝/39', 29, 26, 26, 0, 129.6, 3369.6, 223, 'BN2024378', '2025-11-12', '2027-01-29', 1, '2026-04-24 16:35:50', '2026-04-24 16:35:50', 0, 0, NULL, 1, NULL),
(26, 10, 123, '舒肤佳沐浴露 柠檬清新/720ml', 21, 18, 18, 0, 12.0, 216.0, 236, 'BN2024190', '2025-11-20', '2026-07-31', 1, '2026-04-24 16:35:50', '2026-04-24 16:35:50', 0, 0, NULL, 1, NULL);


-- wms_outbound
INSERT INTO wms_outbound (id, outbound_no, outbound_type, source_type, source_id, source_no, warehouse_id, customer_id, total_sku_count, total_qty, total_amount, priority, wave_id, pick_status, pack_status, ship_status, status, created_at, updated_at, created_by, updated_by, deleted_at, version, remark) VALUES
(1, 'CKW20240001', 4, 3, 6, 'SO20240006', 6, 10, 1, 347, 57708, 1, NULL, 0, 1, 0, 2, '2026-04-24 16:35:50', '2026-04-24 16:35:50', 0, 0, NULL, 1, NULL),
(2, 'CKW20240002', 1, 3, 4, 'SO20240004', 4, 13, 1, 142, 18552, 3, NULL, 0, 0, 0, 4, '2026-04-24 16:35:50', '2026-04-24 16:35:50', 0, 0, NULL, 1, NULL),
(3, 'CKW20240003', 1, 1, 18, 'SO20240018', 6, 11, 1, 237, 51498, 2, NULL, 0, 1, 0, 5, '2026-04-24 16:35:50', '2026-04-24 16:35:50', 0, 0, NULL, 1, NULL),
(4, 'CKW20240004', 4, 1, 1, 'SO20240001', 2, 1, 2, 467, 116025, 1, NULL, 0, 1, 1, 4, '2026-04-24 16:35:50', '2026-04-24 16:35:50', 0, 0, NULL, 1, NULL),
(5, 'CKW20240005', 3, 3, 6, 'SO20240006', 6, 14, 2, 338, 178776, 2, NULL, 0, 1, 0, 5, '2026-04-24 16:35:50', '2026-04-24 16:35:50', 0, 0, NULL, 1, NULL),
(6, 'CKW20240006', 3, 1, 3, 'SO20240003', 3, 5, 2, 424, 107434, 2, NULL, 0, 1, 1, 8, '2026-04-24 16:35:50', '2026-04-24 16:35:50', 0, 0, NULL, 1, NULL),
(7, 'CKW20240007', 2, 3, 3, 'SO20240003', 2, 12, 1, 238, 19496, 2, NULL, 0, 1, 0, 2, '2026-04-24 16:35:50', '2026-04-24 16:35:50', 0, 0, NULL, 1, NULL),
(8, 'CKW20240008', 2, 3, 14, 'SO20240014', 2, 7, 2, 87, 51123, 1, NULL, 0, 0, 1, 1, '2026-04-24 16:35:50', '2026-04-24 16:35:50', 0, 0, NULL, 1, NULL),
(9, 'CKW20240009', 2, 2, 5, 'SO20240005', 6, 17, 3, 511, 122878, 3, NULL, 0, 1, 1, 1, '2026-04-24 16:35:50', '2026-04-24 16:35:50', 0, 0, NULL, 1, NULL),
(10, 'CKW20240010', 3, 3, 8, 'SO20240008', 4, 6, 3, 124, 151708, 2, NULL, 0, 0, 0, 7, '2026-04-24 16:35:50', '2026-04-24 16:35:50', 0, 0, NULL, 1, NULL);


-- wms_outbound_item
INSERT INTO wms_outbound_item (id, outbound_id, sku_id, sku_name, expect_qty, actual_qty, unit_price, amount, location_id, batch_no, status, created_at, updated_at, created_by, updated_by, deleted_at, version, remark) VALUES
(1, 1, 19, 'iPhone 15 Pro Max 白色钛金属/256GB', 64, 63, 9900, 623700, 233, 'BN2024931', 1, '2026-04-24 16:35:50', '2026-04-24 16:35:50', 0, 0, NULL, 1, NULL),
(2, 1, 104, '男士商务休闲衬衫 浅蓝/41', 22, 17, 212, 3604, 270, 'BN2024141', 1, '2026-04-24 16:35:50', '2026-04-24 16:35:50', 0, 0, NULL, 1, NULL),
(3, 2, 69, '耐克Air Max运动鞋 白灰/43', 28, 23, 904, 20792, 308, 'BN2024014', 1, '2026-04-24 16:35:50', '2026-04-24 16:35:50', 0, 0, NULL, 1, NULL),
(4, 3, 123, '舒肤佳沐浴露 柠檬清新/720ml', 29, 28, 20, 560, 29, 'BN2024557', 1, '2026-04-24 16:35:50', '2026-04-24 16:35:50', 0, 0, NULL, 1, NULL),
(5, 3, 69, '耐克Air Max运动鞋 白灰/43', 79, 79, 904, 71416, 11, 'BN2024845', 1, '2026-04-24 16:35:50', '2026-04-24 16:35:50', 0, 0, NULL, 1, NULL),
(6, 3, 12, '华为Mate60 Pro智能手机 雅丹黑/1TB', 23, 19, 7272, 138168, 152, 'BN2024106', 1, '2026-04-24 16:35:50', '2026-04-24 16:35:50', 0, 0, NULL, 1, NULL),
(7, 4, 29, '小米14 白色/512GB', 72, 71, 4242, 301182, 57, 'BN2024230', 1, '2026-04-24 16:35:50', '2026-04-24 16:35:50', 0, 0, NULL, 1, NULL),
(8, 4, 27, '小米14 黑色/1TB', 46, 44, 4188, 184272, 40, 'BN2024631', 1, '2026-04-24 16:35:50', '2026-04-24 16:35:50', 0, 0, NULL, 1, NULL),
(9, 4, 86, '华为MatePad Pro平板 曜金黑/256GB', 25, 23, 5006, 115138, 44, 'BN2024918', 1, '2026-04-24 16:35:50', '2026-04-24 16:35:50', 0, 0, NULL, 1, NULL),
(10, 4, 12, '华为Mate60 Pro智能手机 雅丹黑/1TB', 29, 28, 7272, 203616, 220, 'BN2024544', 1, '2026-04-24 16:35:50', '2026-04-24 16:35:50', 0, 0, NULL, 1, NULL),
(11, 5, 95, '男士商务休闲衬衫 白色/38', 43, 38, 204, 7752, 40, 'BN2024808', 1, '2026-04-24 16:35:50', '2026-04-24 16:35:50', 0, 0, NULL, 1, NULL),
(12, 5, 1, '华为Mate60 Pro智能手机 雅川青/256GB', 29, 24, 7236, 173664, 76, 'BN2024328', 1, '2026-04-24 16:35:50', '2026-04-24 16:35:50', 0, 0, NULL, 1, NULL),
(13, 5, 38, '联想拯救者Y9000P i9-14900HX/16G/1T/RTX4080', 59, 56, 15078, 844368, 245, 'BN2024835', 1, '2026-04-24 16:35:50', '2026-04-24 16:35:50', 0, 0, NULL, 1, NULL),
(14, 5, 18, 'iPhone 15 Pro Max 蓝色钛金属/1TB', 24, 20, 10145, 202900, 219, 'BN2024983', 1, '2026-04-24 16:35:50', '2026-04-24 16:35:50', 0, 0, NULL, 1, NULL),
(15, 6, 86, '华为MatePad Pro平板 曜金黑/256GB', 27, 22, 5006, 110132, 126, 'BN2024393', 1, '2026-04-24 16:35:50', '2026-04-24 16:35:50', 0, 0, NULL, 1, NULL),
(16, 6, 108, '男士商务休闲衬衫 浅粉/39', 80, 77, 218, 16786, 276, 'BN2024547', 1, '2026-04-24 16:35:50', '2026-04-24 16:35:50', 0, 0, NULL, 1, NULL),
(17, 6, 127, '舒肤佳沐浴露 芦荟水润/1L', 78, 74, 22, 1628, 118, 'BN2024394', 1, '2026-04-24 16:35:50', '2026-04-24 16:35:50', 0, 0, NULL, 1, NULL),
(18, 6, 22, 'iPhone 15 Pro Max 黑色钛金属/256GB', 63, 59, 10281, 606579, 296, 'BN2024796', 1, '2026-04-24 16:35:50', '2026-04-24 16:35:50', 0, 0, NULL, 1, NULL),
(19, 7, 90, '华为MatePad Pro平板 星河蓝/256GB', 56, 55, 4992, 274560, 151, 'BN2024472', 1, '2026-04-24 16:35:50', '2026-04-24 16:35:50', 0, 0, NULL, 1, NULL),
(20, 8, 96, '男士商务休闲衬衫 白色/39', 16, 11, 202, 2222, 55, 'BN2024679', 1, '2026-04-24 16:35:50', '2026-04-24 16:35:50', 0, 0, NULL, 1, NULL),
(21, 8, 19, 'iPhone 15 Pro Max 白色钛金属/256GB', 71, 67, 9900, 663300, 81, 'BN2024031', 1, '2026-04-24 16:35:50', '2026-04-24 16:35:50', 0, 0, NULL, 1, NULL),
(22, 8, 38, '联想拯救者Y9000P i9-14900HX/16G/1T/RTX4080', 56, 55, 15078, 829290, 41, 'BN2024251', 1, '2026-04-24 16:35:50', '2026-04-24 16:35:50', 0, 0, NULL, 1, NULL),
(23, 8, 20, 'iPhone 15 Pro Max 白色钛金属/512GB', 11, 7, 10255, 71785, 214, 'BN2024154', 1, '2026-04-24 16:35:50', '2026-04-24 16:35:50', 0, 0, NULL, 1, NULL),
(24, 9, 29, '小米14 白色/512GB', 29, 29, 4242, 123018, 329, 'BN2024033', 1, '2026-04-24 16:35:50', '2026-04-24 16:35:50', 0, 0, NULL, 1, NULL),
(25, 9, 45, '可口可乐330ml*24罐 原味', 74, 73, 74, 5402, 6, 'BN2024406', 1, '2026-04-24 16:35:50', '2026-04-24 16:35:50', 0, 0, NULL, 1, NULL),
(26, 9, 109, '男士商务休闲衬衫 浅粉/40', 68, 64, 190, 12160, 133, 'BN2024942', 1, '2026-04-24 16:35:50', '2026-04-24 16:35:50', 0, 0, NULL, 1, NULL),
(27, 10, 57, '耐克Air Max运动鞋 黑白/43', 60, 59, 916, 54044, 287, 'BN2024620', 1, '2026-04-24 16:35:50', '2026-04-24 16:35:50', 0, 0, NULL, 1, NULL);


-- wave
INSERT INTO wave (id, wave_no, warehouse_id, wave_type, order_count, sku_count, total_qty, start_time, end_time, status, created_at, updated_at, created_by, updated_by, deleted_at, version, remark) VALUES
(1, 'BW20240001', 1, 3, 34, 71, 260, '2026-02-05 00:41:42', '2026-03-18 18:02:16', 3, '2026-04-24 16:35:50', '2026-04-24 16:35:50', 0, 0, NULL, 1, NULL),
(2, 'BW20240002', 2, 1, 28, 64, 199, '2026-04-03 15:24:45', '2026-04-14 13:19:39', 2, '2026-04-24 16:35:50', '2026-04-24 16:35:50', 0, 0, NULL, 1, NULL),
(3, 'BW20240003', 1, 2, 43, 52, 114, '2026-02-28 21:25:04', '2026-04-08 21:20:17', 1, '2026-04-24 16:35:50', '2026-04-24 16:35:50', 0, 0, NULL, 1, NULL),
(4, 'BW20240004', 5, 1, 9, 37, 405, '2026-02-23 15:59:36', '2026-04-06 11:07:21', 1, '2026-04-24 16:35:50', '2026-04-24 16:35:50', 0, 0, NULL, 1, NULL),
(5, 'BW20240005', 5, 1, 45, 14, 223, '2026-04-08 04:17:07', '2026-04-20 08:01:56', 2, '2026-04-24 16:35:50', '2026-04-24 16:35:50', 0, 0, NULL, 1, NULL);


-- pick_order
INSERT INTO pick_order (id, pick_no, wave_id, warehouse_id, pick_type, picker_id, start_time, end_time, sku_count, total_qty, status, created_at, updated_at, created_by, updated_by, deleted_at, version, remark) VALUES
(1, 'JD20240001', 5, 5, 2, 7, '2026-03-25 17:29:45', '2026-04-24 06:43:08', 6, 130, 1, '2026-04-24 16:35:50', '2026-04-24 16:35:50', 0, 0, NULL, 1, NULL),
(2, 'JD20240002', 3, 1, 2, 13, '2026-02-10 16:40:40', '2026-04-05 17:28:02', 21, 99, 3, '2026-04-24 16:35:50', '2026-04-24 16:35:50', 0, 0, NULL, 1, NULL),
(3, 'JD20240003', 3, 1, 1, 7, '2026-03-06 22:26:24', '2026-03-16 11:47:54', 15, 154, 1, '2026-04-24 16:35:50', '2026-04-24 16:35:50', 0, 0, NULL, 1, NULL),
(4, 'JD20240004', 2, 2, 1, 13, '2026-03-27 12:34:13', '2026-04-16 20:45:32', 20, 200, 1, '2026-04-24 16:35:50', '2026-04-24 16:35:50', 0, 0, NULL, 1, NULL),
(5, 'JD20240005', 2, 2, 3, 13, '2026-02-13 22:27:28', '2026-04-13 10:47:55', 7, 276, 1, '2026-04-24 16:35:50', '2026-04-24 16:35:50', 0, 0, NULL, 1, NULL),
(6, 'JD20240006', 2, 2, 3, 7, '2026-03-06 23:44:18', '2026-03-30 15:03:48', 29, 233, 2, '2026-04-24 16:35:50', '2026-04-24 16:35:50', 0, 0, NULL, 1, NULL),
(7, 'JD20240007', 5, 5, 3, 13, '2026-03-22 18:37:19', '2026-04-10 13:44:32', 19, 251, 2, '2026-04-24 16:35:50', '2026-04-24 16:35:50', 0, 0, NULL, 1, NULL),
(8, 'JD20240008', 3, 1, 3, 13, '2026-04-01 11:25:45', '2026-04-14 13:18:13', 6, 278, 4, '2026-04-24 16:35:50', '2026-04-24 16:35:50', 0, 0, NULL, 1, NULL),
(9, 'JD20240009', 5, 5, 3, 7, '2026-04-15 05:37:29', '2026-03-16 15:01:23', 9, 195, 4, '2026-04-24 16:35:50', '2026-04-24 16:35:50', 0, 0, NULL, 1, NULL),
(10, 'JD20240010', 1, 1, 1, 13, '2026-03-07 06:02:51', '2026-04-20 02:56:48', 22, 272, 1, '2026-04-24 16:35:50', '2026-04-24 16:35:50', 0, 0, NULL, 1, NULL);


-- pick_order_item
INSERT INTO pick_order_item (id, pick_id, outbound_id, sku_id, sku_name, location_id, batch_no, expect_qty, actual_qty, status, created_at, updated_at, created_by, updated_by, deleted_at, version, remark) VALUES
(1, 1, 5, 81, '优衣库HEATTECH保暖内衣 米色/L', 87, 'BN2024070', 23, 22, 1, '2026-04-24 16:35:50', '2026-04-24 16:35:50', 0, 0, NULL, 1, NULL),
(2, 1, 8, 94, '苹果MacBook Pro 16 M3 Pro 18G 512G', 181, 'BN2024184', 10, 10, 1, '2026-04-24 16:35:50', '2026-04-24 16:35:50', 0, 0, NULL, 1, NULL),
(3, 1, 3, 67, '耐克Air Max运动鞋 白灰/41', 243, 'BN2024666', 21, 18, 1, '2026-04-24 16:35:50', '2026-04-24 16:35:50', 0, 0, NULL, 1, NULL),
(4, 1, 5, 32, '小米14 岩石青/512GB', 292, 'BN2024373', 36, 36, 1, '2026-04-24 16:35:50', '2026-04-24 16:35:50', 0, 0, NULL, 1, NULL),
(5, 1, 9, 103, '男士商务休闲衬衫 浅蓝/40', 210, 'BN2024376', 13, 10, 1, '2026-04-24 16:35:50', '2026-04-24 16:35:50', 0, 0, NULL, 1, NULL),
(6, 2, 1, 96, '男士商务休闲衬衫 白色/39', 43, 'BN2024270', 31, 28, 1, '2026-04-24 16:35:50', '2026-04-24 16:35:50', 0, 0, NULL, 1, NULL),
(7, 2, 2, 15, 'iPhone 15 Pro Max 原色钛金属/1TB', 126, 'BN2024159', 40, 40, 1, '2026-04-24 16:35:50', '2026-04-24 16:35:50', 0, 0, NULL, 1, NULL),
(8, 2, 2, 75, '优衣库HEATTECH保暖内衣 黑色/XXL', 193, 'BN2024875', 15, 12, 1, '2026-04-24 16:35:50', '2026-04-24 16:35:50', 0, 0, NULL, 1, NULL),
(9, 2, 8, 58, '耐克Air Max运动鞋 黑白/44', 199, 'BN2024358', 34, 34, 1, '2026-04-24 16:35:50', '2026-04-24 16:35:50', 0, 0, NULL, 1, NULL),
(10, 3, 2, 137, '李宁运动跑步鞋 白色/41', 239, 'BN2024185', 11, 11, 1, '2026-04-24 16:35:50', '2026-04-24 16:35:50', 0, 0, NULL, 1, NULL),
(11, 3, 2, 102, '男士商务休闲衬衫 浅蓝/39', 222, 'BN2024337', 17, 14, 1, '2026-04-24 16:35:50', '2026-04-24 16:35:50', 0, 0, NULL, 1, NULL),
(12, 3, 8, 82, '优衣库HEATTECH保暖内衣 米色/XL', 176, 'BN2024720', 36, 35, 1, '2026-04-24 16:35:50', '2026-04-24 16:35:50', 0, 0, NULL, 1, NULL),
(13, 3, 3, 30, '小米14 白色/1TB', 143, 'BN2024559', 34, 34, 1, '2026-04-24 16:35:50', '2026-04-24 16:35:50', 0, 0, NULL, 1, NULL),
(14, 3, 1, 121, '舒肤佳沐浴露 纯白清香/1L', 75, 'BN2024582', 18, 16, 1, '2026-04-24 16:35:50', '2026-04-24 16:35:50', 0, 0, NULL, 1, NULL),
(15, 4, 1, 16, 'iPhone 15 Pro Max 蓝色钛金属/256GB', 186, 'BN2024219', 32, 29, 1, '2026-04-24 16:35:50', '2026-04-24 16:35:50', 0, 0, NULL, 1, NULL),
(16, 4, 3, 55, '耐克Air Max运动鞋 黑白/41', 12, 'BN2024259', 32, 30, 1, '2026-04-24 16:35:50', '2026-04-24 16:35:50', 0, 0, NULL, 1, NULL),
(17, 4, 2, 22, 'iPhone 15 Pro Max 黑色钛金属/256GB', 73, 'BN2024415', 9, 7, 1, '2026-04-24 16:35:50', '2026-04-24 16:35:50', 0, 0, NULL, 1, NULL),
(18, 4, 5, 77, '优衣库HEATTECH保暖内衣 灰色/L', 232, 'BN2024686', 31, 30, 1, '2026-04-24 16:35:50', '2026-04-24 16:35:50', 0, 0, NULL, 1, NULL),
(19, 4, 5, 48, '海飞丝去屑洗发水 200ml', 28, 'BN2024351', 10, 7, 1, '2026-04-24 16:35:50', '2026-04-24 16:35:50', 0, 0, NULL, 1, NULL),
(20, 5, 9, 51, '汰渍洗衣液3kg 薰衣草', 179, 'BN2024487', 31, 28, 1, '2026-04-24 16:35:50', '2026-04-24 16:35:50', 0, 0, NULL, 1, NULL),
(21, 5, 1, 42, '每日坚果礼盒 750g礼盒装', 224, 'BN2024843', 27, 24, 1, '2026-04-24 16:35:50', '2026-04-24 16:35:50', 0, 0, NULL, 1, NULL),
(22, 5, 10, 144, '李宁运动跑步鞋 荧光绿/43', 306, 'BN2024741', 17, 17, 1, '2026-04-24 16:35:50', '2026-04-24 16:35:50', 0, 0, NULL, 1, NULL),
(23, 6, 8, 83, '优衣库HEATTECH保暖内衣 米色/XXL', 163, 'BN2024919', 5, 4, 1, '2026-04-24 16:35:50', '2026-04-24 16:35:50', 0, 0, NULL, 1, NULL),
(24, 6, 7, 38, '联想拯救者Y9000P i9-14900HX/16G/1T/RTX4080', 256, 'BN2024812', 25, 25, 1, '2026-04-24 16:35:50', '2026-04-24 16:35:50', 0, 0, NULL, 1, NULL),
(25, 6, 3, 68, '耐克Air Max运动鞋 白灰/42', 267, 'BN2024966', 5, 2, 1, '2026-04-24 16:35:50', '2026-04-24 16:35:50', 0, 0, NULL, 1, NULL),
(26, 7, 9, 25, '小米14 黑色/256GB', 19, 'BN2024431', 18, 17, 1, '2026-04-24 16:35:50', '2026-04-24 16:35:50', 0, 0, NULL, 1, NULL),
(27, 7, 4, 43, '每日坚果礼盒 500g家庭装', 308, 'BN2024357', 29, 28, 1, '2026-04-24 16:35:50', '2026-04-24 16:35:50', 0, 0, NULL, 1, NULL),
(28, 7, 6, 49, '海飞丝去屑洗发水 400ml', 296, 'BN2024834', 5, 3, 1, '2026-04-24 16:35:50', '2026-04-24 16:35:50', 0, 0, NULL, 1, NULL),
(29, 7, 8, 5, '华为Mate60 Pro智能手机 南糯紫/512GB', 155, 'BN2024717', 24, 24, 1, '2026-04-24 16:35:50', '2026-04-24 16:35:50', 0, 0, NULL, 1, NULL),
(30, 7, 9, 117, '农夫山泉天然水550ml*24瓶 1.5L*12瓶', 212, 'BN2024361', 31, 29, 1, '2026-04-24 16:35:50', '2026-04-24 16:35:50', 0, 0, NULL, 1, NULL),
(31, 8, 7, 134, '李宁运动跑步鞋 黑色/43', 172, 'BN2024470', 12, 11, 1, '2026-04-24 16:35:50', '2026-04-24 16:35:50', 0, 0, NULL, 1, NULL),
(32, 8, 7, 96, '男士商务休闲衬衫 白色/39', 91, 'BN2024556', 40, 39, 1, '2026-04-24 16:35:50', '2026-04-24 16:35:50', 0, 0, NULL, 1, NULL),
(33, 8, 10, 98, '男士商务休闲衬衫 白色/41', 146, 'BN2024719', 32, 30, 1, '2026-04-24 16:35:50', '2026-04-24 16:35:50', 0, 0, NULL, 1, NULL),
(34, 8, 1, 26, '小米14 黑色/512GB', 45, 'BN2024666', 11, 11, 1, '2026-04-24 16:35:50', '2026-04-24 16:35:50', 0, 0, NULL, 1, NULL),
(35, 8, 8, 106, '男士商务休闲衬衫 浅蓝/43', 54, 'BN2024649', 36, 36, 1, '2026-04-24 16:35:50', '2026-04-24 16:35:50', 0, 0, NULL, 1, NULL),
(36, 9, 8, 75, '优衣库HEATTECH保暖内衣 黑色/XXL', 216, 'BN2024796', 18, 17, 1, '2026-04-24 16:35:50', '2026-04-24 16:35:50', 0, 0, NULL, 1, NULL),
(37, 9, 8, 142, '李宁运动跑步鞋 荧光绿/41', 196, 'BN2024877', 12, 11, 1, '2026-04-24 16:35:50', '2026-04-24 16:35:50', 0, 0, NULL, 1, NULL),
(38, 10, 6, 90, '华为MatePad Pro平板 星河蓝/256GB', 238, 'BN2024008', 31, 28, 1, '2026-04-24 16:35:50', '2026-04-24 16:35:50', 0, 0, NULL, 1, NULL),
(39, 10, 5, 58, '耐克Air Max运动鞋 黑白/44', 260, 'BN2024901', 23, 21, 1, '2026-04-24 16:35:50', '2026-04-24 16:35:50', 0, 0, NULL, 1, NULL);


-- carrier
INSERT INTO carrier (id, carrier_code, carrier_name, carrier_type, contact_name, contact_phone, api_config, is_default, status, created_at, updated_at, created_by, updated_by, deleted_at, version, remark) VALUES
(1, 'CR0001', '顺丰速运', 1, '王经理', '13587429401', '{"api_url":"https://api.sf-express.com","app_id":"sf123"}', 1, 1, '2026-04-24 16:35:50', '2026-04-24 16:35:50', 0, 0, NULL, 1, '国内快递龙头'),
(2, 'CR0002', '中通快递', 1, '李经理', '15085731545', '{"api_url":"https://api.zto.com","app_id":"zto456"}', 0, 1, '2026-04-24 16:35:50', '2026-04-24 16:35:50', 0, 0, NULL, 1, '性价比高'),
(3, 'CR0003', '京东物流', 2, '张经理', '15116885169', '{"api_url":"https://api.jdl.com","app_id":"jdl789"}', 1, 1, '2026-04-24 16:35:50', '2026-04-24 16:35:50', 0, 0, NULL, 1, '仓配一体'),
(4, 'CR0004', '德邦物流', 2, '赵经理', '13643127115', '{"api_url":"https://api.deppon.com","app_id":"dbp012"}', 0, 1, '2026-04-24 16:35:50', '2026-04-24 16:35:50', 0, 0, NULL, 1, '大件物流专家'),
(5, 'CR0005', '跨越速运', 3, '钱经理', '15186259204', '{"api_url":"https://api.ky-express.com","app_id":"kye345"}', 0, 1, '2026-04-24 16:35:50', '2026-04-24 16:35:50', 0, 0, NULL, 1, '限时快递');


-- waybill
INSERT INTO waybill (id, waybill_no, carrier_id, business_type, business_id, business_no, sender_name, sender_phone, sender_address, receiver_name, receiver_phone, receiver_address, weight, volume, package_count, freight_amount, insured_amount, delivery_type, ship_time, receive_time, logistics_status, status, created_at, updated_at, created_by, updated_by, deleted_at, version, remark) VALUES
(1, 'WB3559347163', 5, 1, 1, 'SO20240001', '广州中心仓', '18759507967', '上海市浦东新区祝潘公路1号', 2, '13628252777', '北京市朝阳区建国路88号', 33.133255925488236, 0.1382074476435685, 3, 317.4446243892536, 6383.865698039371, 1, '2026-04-03 21:35:02', NULL, 1, 1, '2026-04-24 16:35:50', '2026-04-24 16:35:50', 0, 0, NULL, 1, NULL),
(2, 'WB1021537349', 2, 2, 3, 'TH20240003', '上海中心仓', '13908921744', '上海市浦东新区祝潘公路1号', 3, '13763398101', '北京市朝阳区建国路88号', 28.581045566089923, 0.3037207746397678, 1, 67.43149837999621, 3428.104519377617, 3, '2026-03-06 06:32:12', '2026-04-12 21:15:49', 7, 1, '2026-04-24 16:35:50', '2026-04-24 16:35:50', 0, 0, NULL, 1, NULL),
(3, 'WB7818599399', 2, 3, 1, 'DB20240001', '广州中心仓', '13857238010', '上海市浦东新区祝潘公路1号', 3, '13521076484', '北京市朝阳区建国路88号', 47.34411091206324, 0.46125170110414965, 5, 94.75016256391596, 6870.574567171616, 3, '2026-03-23 12:35:52', '2026-04-04 16:58:28', 6, 1, '2026-04-24 16:35:50', '2026-04-24 16:35:50', 0, 0, NULL, 1, NULL),
(4, 'WB2053633420', 4, 2, 4, 'TH20240004', '杭州区域仓', '15978664536', '上海市浦东新区祝潘公路1号', 3, '15210552869', '北京市朝阳区建国路88号', 17.93654011723533, 0.015940035232978506, 3, 406.42982876385577, 4293.868004597453, 2, '2026-03-13 21:45:59', '2026-03-19 14:33:58', 5, 1, '2026-04-24 16:35:50', '2026-04-24 16:35:50', 0, 0, NULL, 1, NULL),
(5, 'WB8742645750', 3, 1, 11, 'SO20240011', '上海中心仓', '13830347853', '上海市浦东新区祝潘公路1号', 4, '15922579865', '北京市朝阳区建国路88号', 32.49037066010111, 0.34138382903743086, 7, 165.7138144117839, 3201.214089851857, 2, NULL, NULL, 0, 1, '2026-04-24 16:35:50', '2026-04-24 16:35:50', 0, 0, NULL, 1, NULL),
(6, 'WB9932532156', 4, 1, 9, 'SO20240009', '杭州区域仓', '13911335268', '上海市浦东新区祝潘公路1号', 2, '13892848906', '北京市朝阳区建国路88号', 3.9379786756613915, 0.04846478907089871, 7, 364.39429810262584, 2746.735462336961, 3, '2026-02-22 21:05:52', '2026-03-07 17:55:00', 6, 1, '2026-04-24 16:35:50', '2026-04-24 16:35:50', 0, 0, NULL, 1, NULL),
(7, 'WB1475897833', 5, 1, 13, 'SO20240013', '杭州区域仓', '18794698912', '上海市浦东新区祝潘公路1号', 4, '13819872078', '北京市朝阳区建国路88号', 40.899307054971075, 0.26924162626112214, 1, 467.71407445697645, 8680.148724652156, 3, NULL, NULL, 0, 1, '2026-04-24 16:35:50', '2026-04-24 16:35:50', 0, 0, NULL, 1, NULL),
(8, 'WB4675905639', 3, 1, 9, 'SO20240009', '杭州区域仓', '18768211418', '上海市浦东新区祝潘公路1号', 2, '18858866524', '北京市朝阳区建国路88号', 24.76014011226071, 0.1409902589964402, 8, 120.65695401267475, 2638.1203358025828, 3, '2026-04-09 13:00:47', NULL, 1, 1, '2026-04-24 16:35:50', '2026-04-24 16:35:50', 0, 0, NULL, 1, NULL),
(9, 'WB3784783625', 1, 2, 1, 'TH20240001', '上海中心仓', '13864343875', '上海市浦东新区祝潘公路1号', 2, '18897681193', '北京市朝阳区建国路88号', 22.895378745786918, 0.31061854832037206, 4, 392.21031916216316, 1879.5347264885388, 3, '2026-03-27 02:10:39', '2026-03-10 22:29:47', 6, 1, '2026-04-24 16:35:50', '2026-04-24 16:35:50', 0, 0, NULL, 1, NULL),
(10, 'WB9804130816', 1, 3, 1, 'DB20240001', '上海中心仓', '13881064290', '上海市浦东新区祝潘公路1号', 1, '13715502067', '北京市朝阳区建国路88号', 21.418124423173186, 0.1477089413965893, 7, 96.55610122594301, 2759.256998416986, 4, '2026-03-07 08:25:59', '2026-04-13 21:45:20', 6, 1, '2026-04-24 16:35:50', '2026-04-24 16:35:50', 0, 0, NULL, 1, NULL),
(11, 'WB1298305388', 2, 1, 2, 'SO20240002', '上海中心仓', '15920126731', '上海市浦东新区祝潘公路1号', 4, '18786412672', '北京市朝阳区建国路88号', 0.6537900877371923, 0.09335433408705018, 10, 243.6115812670772, 3053.2418826642584, 2, '2026-03-19 07:30:33', NULL, 2, 1, '2026-04-24 16:35:50', '2026-04-24 16:35:50', 0, 0, NULL, 1, NULL),
(12, 'WB7638795698', 3, 2, 2, 'TH20240002', '上海中心仓', '18643120685', '上海市浦东新区祝潘公路1号', 2, '15908400622', '北京市朝阳区建国路88号', 25.405750306558488, 0.37774124686527916, 2, 58.99630724828772, 8038.92617942292, 3, '2026-01-20 05:22:27', '2026-03-31 01:48:49', 7, 1, '2026-04-24 16:35:50', '2026-04-24 16:35:50', 0, 0, NULL, 1, NULL),
(13, 'WB3263047835', 3, 2, 1, 'TH20240001', '杭州区域仓', '13578789516', '上海市浦东新区祝潘公路1号', 4, '13698614279', '北京市朝阳区建国路88号', 18.291286462636457, 0.3724381944354453, 4, 461.1171553124417, 3777.782592083048, 1, '2026-03-04 04:09:59', NULL, 4, 1, '2026-04-24 16:35:50', '2026-04-24 16:35:50', 0, 0, NULL, 1, NULL),
(14, 'WB2949306060', 3, 2, 4, 'TH20240004', '广州中心仓', '15192157817', '上海市浦东新区祝潘公路1号', 3, '18872946419', '北京市朝阳区建国路88号', 31.37785910910347, 0.3324958402301431, 5, 248.5441508982135, 646.1649238903123, 3, NULL, NULL, 0, 1, '2026-04-24 16:35:50', '2026-04-24 16:35:50', 0, 0, NULL, 1, NULL),
(15, 'WB4883349761', 2, 2, 5, 'TH20240005', '上海中心仓', '13840380187', '上海市浦东新区祝潘公路1号', 1, '18695971749', '北京市朝阳区建国路88号', 14.894700283806468, 0.01703620814618247, 6, 131.8769673834551, 6785.002770799744, 4, '2026-03-04 23:02:00', '2026-03-26 08:50:01', 6, 1, '2026-04-24 16:35:50', '2026-04-24 16:35:50', 0, 0, NULL, 1, NULL);


-- logistics_track
INSERT INTO logistics_track (id, waybill_id, track_time, track_content, operator, operator_phone, location, action_code, status, created_at, updated_at, created_by, updated_by, deleted_at, version, remark) VALUES
(1, 1, '2026-01-05 04:35:51', '到达分拨中心', NULL, NULL, '杭州', NULL, 1, '2026-04-24 16:35:50', '2026-04-24 16:35:50', 0, 0, NULL, 1, NULL),
(2, 1, '2026-02-21 01:43:56', '派送中', NULL, NULL, '广州', NULL, 1, '2026-04-24 16:35:50', '2026-04-24 16:35:50', 0, 0, NULL, 1, NULL),
(3, 1, '2026-03-16 22:49:44', '已签收', NULL, NULL, '杭州', NULL, 1, '2026-04-24 16:35:50', '2026-04-24 16:35:50', 0, 0, NULL, 1, NULL),
(4, 1, '2026-02-02 20:26:29', '到达分拨中心', NULL, NULL, '杭州', NULL, 1, '2026-04-24 16:35:50', '2026-04-24 16:35:50', 0, 0, NULL, 1, NULL),
(5, 1, '2026-02-25 05:32:44', '已签收', NULL, NULL, '杭州', NULL, 1, '2026-04-24 16:35:50', '2026-04-24 16:35:50', 0, 0, NULL, 1, NULL),
(6, 1, '2026-02-25 22:55:11', '到达分拨中心', NULL, NULL, '上海', NULL, 1, '2026-04-24 16:35:50', '2026-04-24 16:35:50', 0, 0, NULL, 1, NULL),
(7, 2, '2026-01-08 16:50:31', '异常', NULL, NULL, '苏州', NULL, 1, '2026-04-24 16:35:50', '2026-04-24 16:35:50', 0, 0, NULL, 1, NULL),
(8, 2, '2026-01-29 20:31:45', '运输中', NULL, NULL, '苏州', NULL, 1, '2026-04-24 16:35:50', '2026-04-24 16:35:50', 0, 0, NULL, 1, NULL),
(9, 2, '2026-01-12 10:35:48', '已揽收', NULL, NULL, '杭州', NULL, 1, '2026-04-24 16:35:50', '2026-04-24 16:35:50', 0, 0, NULL, 1, NULL),
(10, 2, '2026-02-22 20:41:52', '派送中', NULL, NULL, '广州', NULL, 1, '2026-04-24 16:35:50', '2026-04-24 16:35:50', 0, 0, NULL, 1, NULL),
(11, 2, '2026-02-14 06:15:06', '已签收', NULL, NULL, '广州', NULL, 1, '2026-04-24 16:35:50', '2026-04-24 16:35:50', 0, 0, NULL, 1, NULL),
(12, 2, '2026-01-31 15:30:52', '派送中', NULL, NULL, '南京', NULL, 1, '2026-04-24 16:35:50', '2026-04-24 16:35:50', 0, 0, NULL, 1, NULL),
(13, 3, '2026-01-25 02:51:29', '派送中', NULL, NULL, '苏州', NULL, 1, '2026-04-24 16:35:50', '2026-04-24 16:35:50', 0, 0, NULL, 1, NULL),
(14, 3, '2026-04-19 13:27:41', '已揽收', NULL, NULL, '北京', NULL, 1, '2026-04-24 16:35:50', '2026-04-24 16:35:50', 0, 0, NULL, 1, NULL),
(15, 3, '2026-03-28 09:25:16', '派送中', NULL, NULL, '上海', NULL, 1, '2026-04-24 16:35:50', '2026-04-24 16:35:50', 0, 0, NULL, 1, NULL),
(16, 3, '2026-03-08 13:47:12', '已签收', NULL, NULL, '南京', NULL, 1, '2026-04-24 16:35:50', '2026-04-24 16:35:50', 0, 0, NULL, 1, NULL),
(17, 3, '2026-02-11 05:46:24', '已签收', NULL, NULL, '北京', NULL, 1, '2026-04-24 16:35:50', '2026-04-24 16:35:50', 0, 0, NULL, 1, NULL),
(18, 4, '2026-01-04 20:49:43', '已签收', NULL, NULL, '北京', NULL, 1, '2026-04-24 16:35:50', '2026-04-24 16:35:50', 0, 0, NULL, 1, NULL),
(19, 4, '2026-02-07 10:40:20', '到达分拨中心', NULL, NULL, '上海', NULL, 1, '2026-04-24 16:35:50', '2026-04-24 16:35:50', 0, 0, NULL, 1, NULL),
(20, 4, '2026-04-23 12:51:18', '运输中', NULL, NULL, '苏州', NULL, 1, '2026-04-24 16:35:50', '2026-04-24 16:35:50', 0, 0, NULL, 1, NULL),
(21, 5, '2026-04-14 03:19:32', '已签收', NULL, NULL, '苏州', NULL, 1, '2026-04-24 16:35:50', '2026-04-24 16:35:50', 0, 0, NULL, 1, NULL),
(22, 5, '2026-03-03 05:29:29', '已揽收', NULL, NULL, '上海', NULL, 1, '2026-04-24 16:35:50', '2026-04-24 16:35:50', 0, 0, NULL, 1, NULL),
(23, 5, '2026-02-18 22:27:07', '异常', NULL, NULL, '上海', NULL, 1, '2026-04-24 16:35:50', '2026-04-24 16:35:50', 0, 0, NULL, 1, NULL),
(24, 5, '2026-02-27 06:24:39', '已签收', NULL, NULL, '上海', NULL, 1, '2026-04-24 16:35:50', '2026-04-24 16:35:50', 0, 0, NULL, 1, NULL),
(25, 5, '2026-02-19 08:35:31', '已签收', NULL, NULL, '苏州', NULL, 1, '2026-04-24 16:35:50', '2026-04-24 16:35:50', 0, 0, NULL, 1, NULL),
(26, 6, '2026-01-01 04:04:57', '已揽收', NULL, NULL, '广州', NULL, 1, '2026-04-24 16:35:50', '2026-04-24 16:35:50', 0, 0, NULL, 1, NULL),
(27, 6, '2026-04-14 09:30:18', '异常', NULL, NULL, '北京', NULL, 1, '2026-04-24 16:35:50', '2026-04-24 16:35:50', 0, 0, NULL, 1, NULL),
(28, 7, '2026-01-05 13:15:29', '已签收', NULL, NULL, '杭州', NULL, 1, '2026-04-24 16:35:50', '2026-04-24 16:35:50', 0, 0, NULL, 1, NULL),
(29, 7, '2026-03-29 04:54:52', '异常', NULL, NULL, '苏州', NULL, 1, '2026-04-24 16:35:50', '2026-04-24 16:35:50', 0, 0, NULL, 1, NULL),
(30, 7, '2026-03-25 15:17:29', '运输中', NULL, NULL, '广州', NULL, 1, '2026-04-24 16:35:50', '2026-04-24 16:35:50', 0, 0, NULL, 1, NULL),
(31, 8, '2026-04-23 10:32:04', '异常', NULL, NULL, '南京', NULL, 1, '2026-04-24 16:35:50', '2026-04-24 16:35:50', 0, 0, NULL, 1, NULL),
(32, 8, '2026-03-16 17:16:05', '派送中', NULL, NULL, '北京', NULL, 1, '2026-04-24 16:35:50', '2026-04-24 16:35:50', 0, 0, NULL, 1, NULL),
(33, 8, '2026-04-24 16:25:51', '已揽收', NULL, NULL, '上海', NULL, 1, '2026-04-24 16:35:50', '2026-04-24 16:35:50', 0, 0, NULL, 1, NULL),
(34, 8, '2026-04-01 04:32:10', '运输中', NULL, NULL, '北京', NULL, 1, '2026-04-24 16:35:50', '2026-04-24 16:35:50', 0, 0, NULL, 1, NULL),
(35, 9, '2026-03-16 00:31:12', '已揽收', NULL, NULL, '杭州', NULL, 1, '2026-04-24 16:35:50', '2026-04-24 16:35:50', 0, 0, NULL, 1, NULL),
(36, 9, '2026-04-19 21:41:25', '已揽收', NULL, NULL, '苏州', NULL, 1, '2026-04-24 16:35:50', '2026-04-24 16:35:50', 0, 0, NULL, 1, NULL),
(37, 9, '2026-02-07 19:44:19', '已签收', NULL, NULL, '苏州', NULL, 1, '2026-04-24 16:35:50', '2026-04-24 16:35:50', 0, 0, NULL, 1, NULL),
(38, 9, '2026-02-25 10:51:05', '已揽收', NULL, NULL, '上海', NULL, 1, '2026-04-24 16:35:50', '2026-04-24 16:35:50', 0, 0, NULL, 1, NULL),
(39, 9, '2026-03-19 22:53:26', '派送中', NULL, NULL, '苏州', NULL, 1, '2026-04-24 16:35:50', '2026-04-24 16:35:50', 0, 0, NULL, 1, NULL),
(40, 9, '2026-01-08 12:42:04', '运输中', NULL, NULL, '深圳', NULL, 1, '2026-04-24 16:35:50', '2026-04-24 16:35:50', 0, 0, NULL, 1, NULL),
(41, 10, '2026-01-29 10:06:14', '已签收', NULL, NULL, '广州', NULL, 1, '2026-04-24 16:35:50', '2026-04-24 16:35:50', 0, 0, NULL, 1, NULL),
(42, 10, '2026-03-31 18:27:36', '异常', NULL, NULL, '北京', NULL, 1, '2026-04-24 16:35:50', '2026-04-24 16:35:50', 0, 0, NULL, 1, NULL),
(43, 10, '2026-04-20 11:39:52', '派送中', NULL, NULL, '杭州', NULL, 1, '2026-04-24 16:35:50', '2026-04-24 16:35:50', 0, 0, NULL, 1, NULL),
(44, 10, '2026-03-08 22:56:18', '运输中', NULL, NULL, '杭州', NULL, 1, '2026-04-24 16:35:50', '2026-04-24 16:35:50', 0, 0, NULL, 1, NULL),
(45, 11, '2026-01-08 12:52:45', '已签收', NULL, NULL, '广州', NULL, 1, '2026-04-24 16:35:50', '2026-04-24 16:35:50', 0, 0, NULL, 1, NULL),
(46, 11, '2026-01-21 09:27:41', '运输中', NULL, NULL, '苏州', NULL, 1, '2026-04-24 16:35:50', '2026-04-24 16:35:50', 0, 0, NULL, 1, NULL),
(47, 11, '2026-04-05 06:28:19', '到达分拨中心', NULL, NULL, '南京', NULL, 1, '2026-04-24 16:35:50', '2026-04-24 16:35:50', 0, 0, NULL, 1, NULL),
(48, 12, '2026-03-02 06:09:34', '派送中', NULL, NULL, '南京', NULL, 1, '2026-04-24 16:35:50', '2026-04-24 16:35:50', 0, 0, NULL, 1, NULL),
(49, 12, '2026-04-03 20:22:34', '派送中', NULL, NULL, '苏州', NULL, 1, '2026-04-24 16:35:50', '2026-04-24 16:35:50', 0, 0, NULL, 1, NULL),
(50, 12, '2026-02-01 04:43:56', '派送中', NULL, NULL, '苏州', NULL, 1, '2026-04-24 16:35:50', '2026-04-24 16:35:50', 0, 0, NULL, 1, NULL),
(51, 12, '2026-02-28 15:45:15', '运输中', NULL, NULL, '上海', NULL, 1, '2026-04-24 16:35:50', '2026-04-24 16:35:50', 0, 0, NULL, 1, NULL),
(52, 12, '2026-01-05 03:11:33', '派送中', NULL, NULL, '上海', NULL, 1, '2026-04-24 16:35:50', '2026-04-24 16:35:50', 0, 0, NULL, 1, NULL),
(53, 12, '2026-01-01 23:05:38', '派送中', NULL, NULL, '上海', NULL, 1, '2026-04-24 16:35:50', '2026-04-24 16:35:50', 0, 0, NULL, 1, NULL),
(54, 13, '2026-01-28 09:10:24', '已揽收', NULL, NULL, '广州', NULL, 1, '2026-04-24 16:35:50', '2026-04-24 16:35:50', 0, 0, NULL, 1, NULL),
(55, 13, '2026-03-28 15:23:45', '已揽收', NULL, NULL, '南京', NULL, 1, '2026-04-24 16:35:50', '2026-04-24 16:35:50', 0, 0, NULL, 1, NULL),
(56, 13, '2026-01-25 16:31:51', '派送中', NULL, NULL, '广州', NULL, 1, '2026-04-24 16:35:50', '2026-04-24 16:35:50', 0, 0, NULL, 1, NULL),
(57, 13, '2026-03-24 22:47:53', '到达分拨中心', NULL, NULL, '上海', NULL, 1, '2026-04-24 16:35:50', '2026-04-24 16:35:50', 0, 0, NULL, 1, NULL),
(58, 14, '2026-01-16 23:29:21', '已签收', NULL, NULL, '深圳', NULL, 1, '2026-04-24 16:35:50', '2026-04-24 16:35:50', 0, 0, NULL, 1, NULL),
(59, 14, '2026-01-12 17:39:38', '运输中', NULL, NULL, '南京', NULL, 1, '2026-04-24 16:35:50', '2026-04-24 16:35:50', 0, 0, NULL, 1, NULL),
(60, 14, '2026-04-12 12:05:16', '派送中', NULL, NULL, '北京', NULL, 1, '2026-04-24 16:35:50', '2026-04-24 16:35:50', 0, 0, NULL, 1, NULL),
(61, 14, '2026-03-26 07:00:34', '运输中', NULL, NULL, '广州', NULL, 1, '2026-04-24 16:35:50', '2026-04-24 16:35:50', 0, 0, NULL, 1, NULL),
(62, 15, '2026-01-05 08:08:19', '异常', NULL, NULL, '广州', NULL, 1, '2026-04-24 16:35:50', '2026-04-24 16:35:50', 0, 0, NULL, 1, NULL),
(63, 15, '2026-03-28 11:58:01', '到达分拨中心', NULL, NULL, '苏州', NULL, 1, '2026-04-24 16:35:50', '2026-04-24 16:35:50', 0, 0, NULL, 1, NULL),
(64, 15, '2026-02-24 20:50:30', '到达分拨中心', NULL, NULL, '深圳', NULL, 1, '2026-04-24 16:35:50', '2026-04-24 16:35:50', 0, 0, NULL, 1, NULL),
(65, 15, '2026-01-20 18:11:02', '派送中', NULL, NULL, '上海', NULL, 1, '2026-04-24 16:35:50', '2026-04-24 16:35:50', 0, 0, NULL, 1, NULL);


-- freight_template
INSERT INTO freight_template (id, template_name, carrier_id, pricing_type, first_unit, first_price, continue_unit, continue_price, free_threshold, region_rules, status, created_at, updated_at, created_by, updated_by, deleted_at, version, remark) VALUES
(1, '顺丰标准快递', 1, 1, 1.0, 12.0, 1.0, 8.0, 99.0, '{"regions":[{"province":"新疆","first_price":20,"continue_price":15}]}', 1, '2026-04-24 16:35:50', '2026-04-24 16:35:50', 0, 0, NULL, 1, NULL),
(2, '中通经济快递', 2, 1, 1.0, 8.0, 1.0, 4.0, 79.0, NULL, 1, '2026-04-24 16:35:50', '2026-04-24 16:35:50', 0, 0, NULL, 1, NULL),
(3, '京东特快', 3, 1, 1.0, 15.0, 1.0, 10.0, 0.0, NULL, 1, '2026-04-24 16:35:50', '2026-04-24 16:35:50', 0, 0, NULL, 1, NULL),
(4, '德邦大件', 4, 2, 10.0, 30.0, 10.0, 15.0, 199.0, '{"regions":[{"province":"西藏","first_price":50}]}', 1, '2026-04-24 16:35:50', '2026-04-24 16:35:50', 0, 0, NULL, 1, NULL),
(5, '跨越次日达', 5, 1, 1.0, 25.0, 1.0, 15.0, 0.0, NULL, 1, '2026-04-24 16:35:50', '2026-04-24 16:35:50', 0, 0, NULL, 1, NULL);


-- account_payable
INSERT INTO account_payable (id, payable_no, business_type, business_id, business_no, supplier_id, amount, paid_amount, unpaid_amount, invoice_amount, uninvoice_amount, due_date, currency, pay_status, invoice_status, status, created_at, updated_at, created_by, updated_by, deleted_at, version, remark) VALUES
(1, 'YF20240001', 4, 8, 'PO20240008', 6, 104568, 60235.2414, 44332.7586, 96977.6437, 7590.3563, '2026-07-07', 'CNY', 1, 1, 1, '2026-04-24 16:35:50', '2026-04-24 16:35:50', 0, 0, NULL, 1, NULL),
(2, 'YF20240002', 3, 3, 'PO20240003', 5, 179909, 105939.7924, 73969.2076, 104477.6034, 75431.3966, '2026-07-14', 'CNY', 1, 1, 1, '2026-04-24 16:35:50', '2026-04-24 16:35:50', 0, 0, NULL, 1, NULL),
(3, 'YF20240003', 4, 2, 'PO20240002', 11, 33555, 990.6055, 32564.3945, 24591.7046, 8963.2954, '2026-05-30', 'CNY', 1, 1, 1, '2026-04-24 16:35:50', '2026-04-24 16:35:50', 0, 0, NULL, 1, NULL),
(4, 'YF20240004', 1, 11, 'PO20240011', 2, 65690, 32807.8132, 32882.1868, 44624.6803, 21065.3197, '2026-06-11', 'CNY', 1, 1, 1, '2026-04-24 16:35:50', '2026-04-24 16:35:50', 0, 0, NULL, 1, NULL),
(5, 'YF20240005', 2, 13, 'PO20240013', 4, 134055, 14133.6612, 119921.3388, 118069.6666, 15985.3334, '2026-06-19', 'CNY', 1, 1, 1, '2026-04-24 16:35:50', '2026-04-24 16:35:50', 0, 0, NULL, 1, NULL),
(6, 'YF20240006', 4, 15, 'PO20240015', 11, 43748, 2709.1669, 41038.8331, 10958.1674, 32789.8326, '2026-05-05', 'CNY', 1, 1, 1, '2026-04-24 16:35:50', '2026-04-24 16:35:50', 0, 0, NULL, 1, NULL),
(7, 'YF20240007', 1, 8, 'PO20240008', 6, 206252, 125098.7064, 81153.2936, 173391.7984, 32860.2016, '2026-05-23', 'CNY', 1, 1, 1, '2026-04-24 16:35:50', '2026-04-24 16:35:50', 0, 0, NULL, 1, NULL),
(8, 'YF20240008', 3, 2, 'PO20240002', 11, 245672, 92772.8584, 152899.1416, 242937.8829, 2734.1171, '2026-07-13', 'CNY', 1, 1, 1, '2026-04-24 16:35:50', '2026-04-24 16:35:50', 0, 0, NULL, 1, NULL),
(9, 'YF20240009', 2, 4, 'PO20240004', 4, 142380, 69923.2479, 72456.7521, 96654.5236, 45725.4764, '2026-05-29', 'CNY', 1, 1, 1, '2026-04-24 16:35:50', '2026-04-24 16:35:50', 0, 0, NULL, 1, NULL),
(10, 'YF20240010', 2, 12, 'PO20240012', 6, 94981, 41227.7386, 53753.2614, 50200.2556, 44780.7444, '2026-05-25', 'CNY', 1, 1, 1, '2026-04-24 16:35:50', '2026-04-24 16:35:50', 0, 0, NULL, 1, NULL),
(11, 'YF20240011', 1, 10, 'PO20240010', 3, 22710, 14287.2167, 8422.7833, 15185.2289, 7524.7711, '2026-05-27', 'CNY', 1, 1, 1, '2026-04-24 16:35:50', '2026-04-24 16:35:50', 0, 0, NULL, 1, NULL),
(12, 'YF20240012', 1, 13, 'PO20240013', 4, 83695, 74763.9912, 8931.0088, 30093.4581, 53601.5419, '2026-06-22', 'CNY', 1, 1, 1, '2026-04-24 16:35:50', '2026-04-24 16:35:50', 0, 0, NULL, 1, NULL),
(13, 'YF20240013', 1, 6, 'PO20240006', 4, 107152, 73116.3679, 34035.6321, 102624.1438, 4527.8562, '2026-07-22', 'CNY', 1, 1, 1, '2026-04-24 16:35:50', '2026-04-24 16:35:50', 0, 0, NULL, 1, NULL),
(14, 'YF20240014', 4, 4, 'PO20240004', 4, 118776, 67746.2754, 51029.7246, 56268.0954, 62507.9046, '2026-06-15', 'CNY', 1, 1, 1, '2026-04-24 16:35:50', '2026-04-24 16:35:50', 0, 0, NULL, 1, NULL),
(15, 'YF20240015', 3, 10, 'PO20240010', 3, 82285, 65959.3178, 16325.6822, 36113.0814, 46171.9186, '2026-07-20', 'CNY', 1, 1, 1, '2026-04-24 16:35:50', '2026-04-24 16:35:50', 0, 0, NULL, 1, NULL);


-- account_receivable
INSERT INTO account_receivable (id, receivable_no, business_type, business_id, business_no, customer_id, amount, received_amount, unreceived_amount, invoice_amount, uninvoice_amount, due_date, currency, receive_status, invoice_status, status, created_at, updated_at, created_by, updated_by, deleted_at, version, remark) VALUES
(1, 'YS20240001', 2, 3, 'SO20240003', 10, 154199, 12049.6968, 142149.3032, 120643.3481, 33555.6519, '2026-06-08', 'CNY', 1, 1, 1, '2026-04-24 16:35:50', '2026-04-24 16:35:50', 0, 0, NULL, 1, NULL),
(2, 'YS20240002', 1, 4, 'SO20240004', 13, 135734, 31296.6642, 104437.3358, 81642.5874, 54091.4126, '2026-06-12', 'CNY', 1, 1, 1, '2026-04-24 16:35:50', '2026-04-24 16:35:50', 0, 0, NULL, 1, NULL),
(3, 'YS20240003', 1, 8, 'SO20240008', 6, 80994, 74698.606, 6295.394, 20360.4213, 60633.5787, '2026-06-15', 'CNY', 1, 1, 1, '2026-04-24 16:35:50', '2026-04-24 16:35:50', 0, 0, NULL, 1, NULL),
(4, 'YS20240004', 1, 6, 'SO20240006', 11, 80515, 6020.68, 74494.32, 46324.7782, 34190.2218, '2026-07-06', 'CNY', 1, 1, 1, '2026-04-24 16:35:50', '2026-04-24 16:35:50', 0, 0, NULL, 1, NULL),
(5, 'YS20240005', 3, 17, 'SO20240017', 6, 86851, 34672.6266, 52178.3734, 4919.9527, 81931.0473, '2026-05-15', 'CNY', 1, 1, 1, '2026-04-24 16:35:50', '2026-04-24 16:35:50', 0, 0, NULL, 1, NULL),
(6, 'YS20240006', 3, 16, 'SO20240016', 16, 73957, 48311.0791, 25645.9209, 2386.9419, 71570.0581, '2026-06-23', 'CNY', 1, 1, 1, '2026-04-24 16:35:50', '2026-04-24 16:35:50', 0, 0, NULL, 1, NULL),
(7, 'YS20240007', 2, 7, 'SO20240007', 16, 92697, 82317.5344, 10379.4656, 5505.4573, 87191.5427, '2026-05-27', 'CNY', 1, 1, 1, '2026-04-24 16:35:50', '2026-04-24 16:35:50', 0, 0, NULL, 1, NULL),
(8, 'YS20240008', 3, 11, 'SO20240011', 5, 178889, 163203.9302, 15685.0698, 11149.8838, 167739.1162, '2026-07-03', 'CNY', 1, 1, 1, '2026-04-24 16:35:50', '2026-04-24 16:35:50', 0, 0, NULL, 1, NULL),
(9, 'YS20240009', 1, 19, 'SO20240019', 4, 164908, 115945.3027, 48962.6973, 126249.3139, 38658.6861, '2026-05-05', 'CNY', 1, 1, 1, '2026-04-24 16:35:50', '2026-04-24 16:35:50', 0, 0, NULL, 1, NULL),
(10, 'YS20240010', 2, 3, 'SO20240003', 10, 114114, 68257.0185, 45856.9815, 69887.1395, 44226.8605, '2026-05-11', 'CNY', 1, 1, 1, '2026-04-24 16:35:50', '2026-04-24 16:35:50', 0, 0, NULL, 1, NULL),
(11, 'YS20240011', 3, 16, 'SO20240016', 16, 38938, 10533.0563, 28404.9437, 1625.3102, 37312.6898, '2026-05-05', 'CNY', 1, 1, 1, '2026-04-24 16:35:50', '2026-04-24 16:35:50', 0, 0, NULL, 1, NULL),
(12, 'YS20240012', 2, 17, 'SO20240017', 6, 64046, 41651.4815, 22394.5185, 27636.8458, 36409.1542, '2026-06-08', 'CNY', 1, 1, 1, '2026-04-24 16:35:50', '2026-04-24 16:35:50', 0, 0, NULL, 1, NULL),
(13, 'YS20240013', 1, 1, 'SO20240001', 13, 19511, 514.1894, 18996.8106, 15254.14, 4256.86, '2026-05-26', 'CNY', 1, 1, 1, '2026-04-24 16:35:50', '2026-04-24 16:35:50', 0, 0, NULL, 1, NULL),
(14, 'YS20240014', 3, 20, 'SO20240020', 3, 104454, 71231.4878, 33222.5122, 77079.0686, 27374.9314, '2026-07-10', 'CNY', 1, 1, 1, '2026-04-24 16:35:50', '2026-04-24 16:35:50', 0, 0, NULL, 1, NULL),
(15, 'YS20240015', 2, 2, 'SO20240002', 4, 106482, 81531.2991, 24950.7009, 74051.8987, 32430.1013, '2026-06-25', 'CNY', 1, 1, 1, '2026-04-24 16:35:50', '2026-04-24 16:35:50', 0, 0, NULL, 1, NULL);


-- invoice
INSERT INTO invoice (id, invoice_no, invoice_code, invoice_type, direction, business_type, business_id, business_no, party_id, party_name, party_tax_no, amount_without_tax, tax_amount, amount_with_tax, tax_rate, invoice_date, verify_status, status, created_at, updated_at, created_by, updated_by, deleted_at, version, remark) VALUES
(1, 'FP67288633', '3360277484', 1, 2, 1, 20, 'SO20240020', 3, 1, '494824181', 102219, 13288.47, 115507.47, 13.0, '2025-12-14', 1, 1, '2026-04-24 16:35:50', '2026-04-24 16:35:50', 0, 0, NULL, 1, NULL),
(2, 'FP68589370', '4943074590', 2, 1, 1, 10, 'PO20240010', 3, '京东世纪贸易有限公司', '110790735', 69539, 9040.07, 78579.07, 13.0, '2026-02-08', 2, 1, '2026-04-24 16:35:50', '2026-04-24 16:35:50', 0, 0, NULL, 1, NULL),
(3, 'FP81969904', '3439750224', 1, 1, 1, 2, 'PO20240002', 11, '联想集团有限公司', '160832400', 43217, 5618.21, 48835.21, 13.0, '2026-02-15', 0, 1, '2026-04-24 16:35:50', '2026-04-24 16:35:50', 0, 0, NULL, 1, NULL),
(4, 'FP47929390', '5482740815', 3, 1, 2, 3, 'PO20240003', 5, '宝洁中国有限公司', '750820521', 114285, 14857.05, 129142.05, 13.0, '2026-02-25', 2, 1, '2026-04-24 16:35:50', '2026-04-24 16:35:50', 0, 0, NULL, 1, NULL),
(5, 'FP26425076', '3820033816', 1, 2, 3, 7, 'SO20240007', 16, 1, '631426239', 194878, 25334.14, 220212.14, 13.0, '2026-01-25', 0, 1, '2026-04-24 16:35:50', '2026-04-24 16:35:50', 0, 0, NULL, 1, NULL),
(6, 'FP69531177', '8357853916', 3, 2, 3, 8, 'SO20240008', 6, 1, '665694639', 80132, 10417.16, 90549.16, 13.0, '2026-01-15', 2, 1, '2026-04-24 16:35:50', '2026-04-24 16:35:50', 0, 0, NULL, 1, NULL),
(7, 'FP82668051', '3162281537', 1, 2, 2, 20, 'SO20240020', 3, 1, '622061542', 83343, 10834.59, 94177.59, 13.0, '2025-11-15', 0, 1, '2026-04-24 16:35:50', '2026-04-24 16:35:50', 0, 0, NULL, 1, NULL),
(8, 'FP28405476', '3237656262', 3, 1, 1, 6, 'PO20240006', 4, '伊利实业集团股份有限公司', '878366992', 47214, 6137.82, 53351.82, 13.0, '2025-11-04', 0, 1, '2026-04-24 16:35:50', '2026-04-24 16:35:50', 0, 0, NULL, 1, NULL),
(9, 'FP69093033', '1490651227', 4, 1, 2, 5, 'PO20240005', 13, '三只松鼠股份有限公司', '731618060', 110709, 14392.17, 125101.17, 13.0, '2026-01-10', 0, 1, '2026-04-24 16:35:50', '2026-04-24 16:35:50', 0, 0, NULL, 1, NULL),
(10, 'FP18015488', '7913813833', 4, 1, 2, 7, 'PO20240007', 8, '中粮集团有限公司', '576762564', 21643, 2813.59, 24456.59, 13.0, '2025-12-22', 0, 1, '2026-04-24 16:35:50', '2026-04-24 16:35:50', 0, 0, NULL, 1, NULL);


-- settlement
INSERT INTO settlement (id, settlement_no, settlement_type, party_id, party_type, start_date, end_date, total_amount, discount_amount, actual_amount, currency, settle_status, status, created_at, updated_at, created_by, updated_by, deleted_at, version, remark) VALUES
(1, 'JS20240001', 2, 6, 2, '2026-03-07', '2026-04-08', 329179, 428, 328751, 'CNY', 2, 1, '2026-04-24 16:35:50', '2026-04-24 16:35:50', 0, 0, NULL, 1, NULL),
(2, 'JS20240002', 1, 15, 1, '2026-03-03', '2026-04-19', 226275, 2150, 224125, 'CNY', 1, 1, '2026-04-24 16:35:50', '2026-04-24 16:35:50', 0, 0, NULL, 1, NULL),
(3, 'JS20240003', 3, 4, 3, '2026-03-20', '2026-04-08', 460314, 467, 459847, 'CNY', 0, 1, '2026-04-24 16:35:50', '2026-04-24 16:35:50', 0, 0, NULL, 1, NULL),
(4, 'JS20240004', 3, 4, 3, '2026-02-20', '2026-04-13', 427078, 4655, 422423, 'CNY', 2, 1, '2026-04-24 16:35:50', '2026-04-24 16:35:50', 0, 0, NULL, 1, NULL),
(5, 'JS20240005', 1, 3, 1, '2026-03-23', '2026-03-26', 197167, 2247, 194920, 'CNY', 0, 1, '2026-04-24 16:35:50', '2026-04-24 16:35:50', 0, 0, NULL, 1, NULL),
(6, 'JS20240006', 2, 19, 2, '2026-02-18', '2026-03-27', 372724, 2246, 370478, 'CNY', 2, 1, '2026-04-24 16:35:50', '2026-04-24 16:35:50', 0, 0, NULL, 1, NULL),
(7, 'JS20240007', 3, 1, 3, '2026-01-31', '2026-04-04', 348026, 2629, 345397, 'CNY', 2, 1, '2026-04-24 16:35:50', '2026-04-24 16:35:50', 0, 0, NULL, 1, NULL);


-- settlement_item
INSERT INTO settlement_item (id, settlement_id, source_type, source_id, source_no, amount, settle_amount, discount_amount, status, created_at, updated_at, created_by, updated_by, deleted_at, version, remark) VALUES
(1, 1, 2, 9, 'YS20240009', 164908, 39334.83399935964, 0.0, 1, '2026-04-24 16:35:50', '2026-04-24 16:35:50', 0, 0, NULL, 1, NULL),
(2, 2, 1, 6, 'YF20240006', 43748, 37660.38270529937, 0.0, 1, '2026-04-24 16:35:50', '2026-04-24 16:35:50', 0, 0, NULL, 1, NULL),
(3, 3, 2, 7, 'YS20240007', 92697, 47861.31171478603, 0.0, 1, '2026-04-24 16:35:50', '2026-04-24 16:35:50', 0, 0, NULL, 1, NULL),
(4, 3, 2, 15, 'YS20240015', 106482, 35508.62862120443, 0.0, 1, '2026-04-24 16:35:50', '2026-04-24 16:35:50', 0, 0, NULL, 1, NULL),
(5, 3, 2, 14, 'YS20240014', 104454, 49590.102115339956, 0.0, 1, '2026-04-24 16:35:50', '2026-04-24 16:35:50', 0, 0, NULL, 1, NULL),
(6, 4, 2, 7, 'YS20240007', 92697, 26029.9612846488, 0.0, 1, '2026-04-24 16:35:50', '2026-04-24 16:35:50', 0, 0, NULL, 1, NULL),
(7, 5, 1, 13, 'YF20240013', 107152, 29426.205033899256, 0.0, 1, '2026-04-24 16:35:50', '2026-04-24 16:35:50', 0, 0, NULL, 1, NULL),
(8, 6, 2, 11, 'YS20240011', 38938, 16273.097434708347, 0.0, 1, '2026-04-24 16:35:50', '2026-04-24 16:35:50', 0, 0, NULL, 1, NULL),
(9, 6, 2, 11, 'YS20240011', 38938, 41461.677362921655, 0.0, 1, '2026-04-24 16:35:50', '2026-04-24 16:35:50', 0, 0, NULL, 1, NULL),
(10, 7, 2, 8, 'YS20240008', 178889, 25822.59208542854, 0.0, 1, '2026-04-24 16:35:50', '2026-04-24 16:35:50', 0, 0, NULL, 1, NULL);


-- payment_record
INSERT INTO payment_record (id, payment_no, payment_type, business_id, business_no, party_id, party_type, amount, currency, payment_method, bank_account, bank_name, payment_date, voucher_no, status, created_at, updated_at, created_by, updated_by, deleted_at, version, remark) VALUES
(1, 'FK20240001', 4, 1, 'YS20240001', 10, 2, 74592.3071, 'CNY', 3, '6222802142146527', '建设银行', '2026-02-15', 'PZ161430', 3, '2026-04-24 16:35:50', '2026-04-24 16:35:50', 0, 0, NULL, 1, NULL),
(2, 'FK20240002', 1, 5, 'YF20240005', 4, 1, 120768.05, 'CNY', 5, '6222581311401828', '建设银行', '2026-01-27', 'PZ903184', 2, '2026-04-24 16:35:50', '2026-04-24 16:35:50', 0, 0, NULL, 1, NULL),
(3, 'FK20240003', 3, 14, 'YF20240014', 4, 1, 61311.0336, 'CNY', 2, '6222291685842884', '建设银行', '2026-04-15', 'PZ747966', 3, '2026-04-24 16:35:50', '2026-04-24 16:35:50', 0, 0, NULL, 1, NULL),
(4, 'FK20240004', 1, 4, 'YF20240004', 2, 1, 11945.7619, 'CNY', 1, '6222852410648113', '中国银行', '2026-03-09', 'PZ432749', 1, '2026-04-24 16:35:50', '2026-04-24 16:35:50', 0, 0, NULL, 1, NULL),
(5, 'FK20240005', 2, 1, 'YF20240001', 6, 1, 99759.2432, 'CNY', 3, '6222383361679951', '工商银行', '2026-03-21', 'PZ985974', 2, '2026-04-24 16:35:50', '2026-04-24 16:35:50', 0, 0, NULL, 1, NULL),
(6, 'FK20240006', 1, 10, 'YF20240010', 6, 1, 26118.2582, 'CNY', 1, '6222654383551567', '中国银行', '2026-01-08', 'PZ635859', 1, '2026-04-24 16:35:50', '2026-04-24 16:35:50', 0, 0, NULL, 1, NULL),
(7, 'FK20240007', 2, 4, 'YF20240004', 2, 1, 24772.1372, 'CNY', 3, '6222558191475944', '工商银行', '2026-03-17', 'PZ547191', 2, '2026-04-24 16:35:50', '2026-04-24 16:35:50', 0, 0, NULL, 1, NULL),
(8, 'FK20240008', 2, 1, 'YF20240001', 6, 1, 37512.9887, 'CNY', 3, '6222510822118223', '中国银行', '2026-01-31', 'PZ752126', 1, '2026-04-24 16:35:50', '2026-04-24 16:35:50', 0, 0, NULL, 1, NULL),
(9, 'FK20240009', 2, 6, 'YF20240006', 11, 1, 6728.5706, 'CNY', 2, '6222752456524958', '工商银行', '2026-01-07', 'PZ738622', 1, '2026-04-24 16:35:50', '2026-04-24 16:35:50', 0, 0, NULL, 1, NULL),
(10, 'FK20240010', 3, 9, 'YF20240009', 4, 1, 103332.2038, 'CNY', 6, '6222961176085433', '招商银行', '2026-01-21', 'PZ497242', 3, '2026-04-24 16:35:50', '2026-04-24 16:35:50', 0, 0, NULL, 1, NULL),
(11, 'FK20240011', 1, 11, 'YF20240011', 3, 1, 17862.0604, 'CNY', 4, '6222188687690576', '工商银行', '2026-04-23', 'PZ335490', 3, '2026-04-24 16:35:50', '2026-04-24 16:35:50', 0, 0, NULL, 1, NULL),
(12, 'FK20240012', 4, 9, 'YS20240009', 4, 2, 122219.8655, 'CNY', 5, '6222159262841586', '中国银行', '2026-03-19', 'PZ649923', 3, '2026-04-24 16:35:50', '2026-04-24 16:35:50', 0, 0, NULL, 1, NULL),
(13, 'FK20240013', 4, 6, 'YS20240006', 16, 2, 23562.0329, 'CNY', 5, '6222461825349415', '建设银行', '2026-04-06', 'PZ904932', 2, '2026-04-24 16:35:50', '2026-04-24 16:35:50', 0, 0, NULL, 1, NULL),
(14, 'FK20240014', 2, 8, 'YF20240008', 11, 1, 80767.4869, 'CNY', 1, '6222364969731495', '中国银行', '2026-03-28', 'PZ529838', 2, '2026-04-24 16:35:50', '2026-04-24 16:35:50', 0, 0, NULL, 1, NULL),
(15, 'FK20240015', 1, 6, 'YF20240006', 11, 1, 26716.5928, 'CNY', 1, '6222499065320835', '中国银行', '2026-03-12', 'PZ341539', 2, '2026-04-24 16:35:50', '2026-04-24 16:35:50', 0, 0, NULL, 1, NULL);


-- quality_check
INSERT INTO quality_check (id, check_no, check_type, source_type, source_id, source_no, warehouse_id, supplier_id, checker_id, check_date, total_sku_count, total_qty, qualified_qty, unqualified_qty, check_result, status, created_at, updated_at, created_by, updated_by, deleted_at, version, remark) VALUES
(1, 'ZJ20240001', 2, 1, 10, 'RKW20240010', 2, NULL, 7, '2026-04-03', 4, 395, 377, 18, 2, 3, '2026-04-24 16:35:50', '2026-04-24 16:35:50', 0, 0, NULL, 1, NULL),
(3, 'ZJ20240002', 2, 2, 5, 'XH20240005', 2, NULL, 13, '2026-03-15', 2, 142, 128, 14, 2, 1, '2026-04-24 16:35:50', '2026-04-24 16:35:50', 0, 0, NULL, 1, NULL),
(5, 'ZJ20240003', 1, 1, 7, 'RKW20240007', 1, 12, 7, '2026-01-03', 2, 313, 297, 16, 2, 2, '2026-04-24 16:35:50', '2026-04-24 16:35:50', 0, 0, NULL, 1, NULL),
(8, 'ZJ20240004', 3, 1, 2, 'RKW20240002', 6, NULL, 13, '2026-02-20', 4, 372, 358, 14, 2, 3, '2026-04-24 16:35:50', '2026-04-24 16:35:50', 0, 0, NULL, 1, NULL),
(11, 'ZJ20240005', 2, 2, 4, 'XH20240004', 2, NULL, 13, '2026-04-02', 1, 168, 159, 9, 2, 2, '2026-04-24 16:35:50', '2026-04-24 16:35:50', 0, 0, NULL, 1, NULL),
(14, 'ZJ20240006', 1, 3, 2, 'DB20240002', 4, 9, 13, '2026-03-08', 5, 210, 207, 3, 2, 2, '2026-04-24 16:35:50', '2026-04-24 16:35:50', 0, 0, NULL, 1, NULL),
(17, 'ZJ20240007', 1, 3, 3, 'DB20240003', 2, 2, 7, '2026-03-05', 5, 436, 431, 5, 2, 1, '2026-04-24 16:35:50', '2026-04-24 16:35:50', 0, 0, NULL, 1, NULL);


-- quality_check_item
INSERT INTO quality_check_item (id, check_id, sku_id, sku_name, batch_no, check_qty, qualified_qty, unqualified_qty, defect_type, defect_desc, disposal_type, check_result, status, created_at, updated_at, created_by, updated_by, deleted_at, version, remark) VALUES
(2, 1, 67, '耐克Air Max运动鞋 白灰/41', NULL, 46, 44, 2, '功能异常', '轻微划痕', 1, 2, 1, '2026-04-24 16:35:50', '2026-04-24 16:35:50', 0, 0, NULL, 1, NULL),
(4, 3, 31, '小米14 岩石青/256GB', NULL, 63, 61, 2, '标签错误', '纸箱破损', 1, 2, 1, '2026-04-24 16:35:50', '2026-04-24 16:35:50', 0, 0, NULL, 1, NULL),
(6, 5, 91, '华为MatePad Pro平板 星河蓝/512GB', NULL, 26, 23, 3, '标签错误', '尺寸略大', 3, 2, 1, '2026-04-24 16:35:50', '2026-04-24 16:35:50', 0, 0, NULL, 1, NULL),
(7, 5, 31, '小米14 岩石青/256GB', NULL, 53, 51, 2, '标签错误', '日期模糊', 1, 2, 1, '2026-04-24 16:35:50', '2026-04-24 16:35:50', 0, 0, NULL, 1, NULL),
(9, 8, 75, '优衣库HEATTECH保暖内衣 黑色/XXL', NULL, 71, 66, 5, '尺寸偏差', '尺寸略大', 1, 2, 1, '2026-04-24 16:35:50', '2026-04-24 16:35:50', 0, 0, NULL, 1, NULL),
(10, 8, 39, '联想拯救者Y9000P i7-14700HX/16G/512G/RTX4070', NULL, 10, 6, 4, '标签错误', '按键失灵', 4, 2, 1, '2026-04-24 16:35:50', '2026-04-24 16:35:50', 0, 0, NULL, 1, NULL),
(12, 11, 13, 'iPhone 15 Pro Max 原色钛金属/256GB', NULL, 82, 78, 4, '标签错误', '日期模糊', 4, 2, 1, '2026-04-24 16:35:50', '2026-04-24 16:35:50', 0, 0, NULL, 1, NULL),
(13, 11, 74, '优衣库HEATTECH保暖内衣 黑色/XL', NULL, 51, 48, 3, '功能异常', '尺寸略大', 2, 2, 1, '2026-04-24 16:35:50', '2026-04-24 16:35:50', 0, 0, NULL, 1, NULL),
(15, 14, 43, '每日坚果礼盒 500g家庭装', NULL, 25, 23, 2, '功能异常', '纸箱破损', 4, 2, 1, '2026-04-24 16:35:50', '2026-04-24 16:35:50', 0, 0, NULL, 1, NULL),
(16, 14, 58, '耐克Air Max运动鞋 黑白/44', NULL, 31, 29, 2, '功能异常', '日期模糊', 1, 2, 1, '2026-04-24 16:35:50', '2026-04-24 16:35:50', 0, 0, NULL, 1, NULL),
(18, 17, 11, '华为Mate60 Pro智能手机 雅丹黑/512GB', NULL, 79, 75, 4, '尺寸偏差', '轻微划痕', 4, 2, 1, '2026-04-24 16:35:50', '2026-04-24 16:35:50', 0, 0, NULL, 1, NULL),
(19, 17, 7, '华为Mate60 Pro智能手机 白沙银/256GB', NULL, 57, 56, 1, '功能异常', '日期模糊', 4, 2, 1, '2026-04-24 16:35:50', '2026-04-24 16:35:50', 0, 0, NULL, 1, NULL),
(20, 17, 114, '奥利奥夹心饼干 巧克力味', NULL, 76, 75, 1, '包装破损', '按键失灵', 1, 2, 1, '2026-04-24 16:35:50', '2026-04-24 16:35:50', 0, 0, NULL, 1, NULL);


-- approval_record
INSERT INTO approval_record (id, biz_type, biz_id, biz_no, step_no, step_name, approver_id, approver_name, action, comment, approve_time, next_approver_id, status, created_at, updated_at, created_by, updated_by) VALUES
(1, 'purchase_request', 8, 'PR20240008', 2, '采购总监审批', 4, '王五', 1, '驳回', '2026-03-01 14:54:41', NULL, 1, '2026-04-24 16:35:50', '2026-04-24 16:35:50', 0, 0),
(2, 'purchase_request', 6, 'PR20240006', 1, '财务审批', 2, '张三', 3, '驳回', '2026-01-16 05:31:32', NULL, 1, '2026-04-24 16:35:50', '2026-04-24 16:35:50', 0, 0),
(3, 'purchase_return', 3, 'TH20240003', 2, '销售总监审批', 2, '张三', 3, '同意', '2026-01-30 12:54:40', NULL, 1, '2026-04-24 16:35:50', '2026-04-24 16:35:50', 0, 0),
(4, 'purchase_request', 15, 'PR20240015', 3, '销售总监审批', 4, '王五', 2, '同意', '2026-04-23 03:27:06', NULL, 1, '2026-04-24 16:35:50', '2026-04-24 16:35:50', 0, 0),
(5, 'supplier_contract', 3, 'CT2024003', 3, '采购总监审批', 3, '李四', 2, '转交', '2026-01-23 09:42:03', NULL, 1, '2026-04-24 16:35:50', '2026-04-24 16:35:50', 0, 0),
(6, 'supplier_contract', 8, 'CT2024008', 1, '采购总监审批', 4, '王五', 2, '驳回', '2026-04-07 11:10:15', NULL, 1, '2026-04-24 16:35:50', '2026-04-24 16:35:50', 0, 0),
(7, 'purchase_order', 14, 'PO20240014', 3, '财务审批', 2, '张三', 4, '同意', '2026-01-19 09:48:39', NULL, 1, '2026-04-24 16:35:50', '2026-04-24 16:35:50', 0, 0),
(8, 'purchase_order', 10, 'PO20240010', 1, '财务审批', 2, '张三', 4, '转交', '2026-02-09 20:18:59', NULL, 1, '2026-04-24 16:35:50', '2026-04-24 16:35:50', 0, 0),
(9, 'purchase_order', 4, 'PO20240004', 3, '总经理审批', 5, '赵六', 2, '转交', '2026-03-10 15:53:46', NULL, 1, '2026-04-24 16:35:50', '2026-04-24 16:35:50', 0, 0),
(10, 'purchase_return', 4, 'TH20240004', 2, '采购总监审批', 4, '王五', 4, '转交', '2026-04-05 22:43:12', NULL, 1, '2026-04-24 16:35:50', '2026-04-24 16:35:50', 0, 0),
(11, 'supplier_contract', 2, 'CT2024002', 2, '采购总监审批', 5, '赵六', 3, '驳回', '2026-02-01 04:34:54', NULL, 1, '2026-04-24 16:35:50', '2026-04-24 16:35:50', 0, 0),
(12, 'purchase_request', 3, 'PR20240003', 2, '总经理审批', 2, '张三', 3, '撤回', '2026-03-30 19:48:16', NULL, 1, '2026-04-24 16:35:50', '2026-04-24 16:35:50', 0, 0),
(13, 'sales_return', 4, 'XH20240004', 3, '采购总监审批', 3, '李四', 1, '转交', '2026-03-03 15:58:54', NULL, 1, '2026-04-24 16:35:50', '2026-04-24 16:35:50', 0, 0),
(14, 'purchase_order', 4, 'PO20240004', 2, '部门经理审批', 4, '王五', 3, '转交', '2026-02-03 20:07:51', NULL, 1, '2026-04-24 16:35:50', '2026-04-24 16:35:50', 0, 0),
(15, 'sales_return', 4, 'XH20240004', 2, '采购总监审批', 4, '王五', 1, '转交', '2026-01-20 09:58:42', NULL, 1, '2026-04-24 16:35:50', '2026-04-24 16:35:50', 0, 0),
(16, 'supplier_contract', 6, 'CT2024006', 3, '部门经理审批', 4, '王五', 4, '撤回', '2026-03-12 17:13:04', NULL, 1, '2026-04-24 16:35:50', '2026-04-24 16:35:50', 0, 0),
(17, 'purchase_order', 15, 'PO20240015', 1, '销售总监审批', 3, '李四', 1, '转交', '2026-03-30 14:24:37', NULL, 1, '2026-04-24 16:35:50', '2026-04-24 16:35:50', 0, 0),
(18, 'purchase_order', 9, 'PO20240009', 1, '部门经理审批', 5, '赵六', 1, '转交', '2026-02-15 04:53:36', NULL, 1, '2026-04-24 16:35:50', '2026-04-24 16:35:50', 0, 0),
(19, 'purchase_order', 2, 'PO20240002', 3, '部门经理审批', 3, '李四', 3, '驳回', '2026-03-25 04:57:27', NULL, 1, '2026-04-24 16:35:50', '2026-04-24 16:35:50', 0, 0),
(20, 'purchase_order', 7, 'PO20240007', 3, '财务审批', 4, '王五', 2, '转交', '2026-02-19 07:41:08', NULL, 1, '2026-04-24 16:35:50', '2026-04-24 16:35:50', 0, 0);


-- operation_log
INSERT INTO operation_log (id, user_id, user_name, biz_type, biz_id, biz_no, action, action_desc, before_data, after_data, diff_fields, ip_address, user_agent, operation_time, status) VALUES
(1, 7, '周八', 'purchase_order', 9, 'PO20240009', 'update', '创建采购申请', NULL, NULL, NULL, '192.168.1.104', 'Mozilla/5.0', '2026-04-16 21:55:10', 1),
(2, 13, '黄五', 'supplier', 2, 'SUP0002', 'cancel', '审批通过', NULL, NULL, NULL, '192.168.1.162', 'Mozilla/5.0', '2026-04-08 06:28:16', 1),
(3, 3, '李四', 'sales_order', 10, 'SO20240010', 'create', '更新订单状态', NULL, NULL, NULL, '192.168.1.180', 'Mozilla/5.0', '2026-01-18 15:30:46', 1),
(4, 1, '系统管理员', 'sales_order', 4, 'SO20240004', 'approve', '审批通过', NULL, NULL, NULL, '192.168.1.116', 'Mozilla/5.0', '2026-01-09 20:01:39', 1),
(5, 14, '徐六', 'purchase_request', 2, 'PR20240002', 'create', '取消订单', NULL, NULL, NULL, '192.168.1.192', 'Mozilla/5.0', '2025-11-14 08:58:30', 1),
(6, 1, '系统管理员', 'purchase_request', 12, 'PR20240012', 'cancel', '取消订单', NULL, NULL, NULL, '192.168.1.119', 'Mozilla/5.0', '2026-03-18 13:56:41', 1),
(7, 12, '林娜', 'supplier', 13, 'SUP0013', 'approve', '更新订单状态', NULL, NULL, NULL, '192.168.1.177', 'Mozilla/5.0', '2025-12-24 10:46:42', 1),
(8, 13, '黄五', 'sales_order', 14, 'SO20240014', 'cancel', '创建采购申请', NULL, NULL, NULL, '192.168.1.138', 'Mozilla/5.0', '2026-01-08 06:16:07', 1),
(9, 8, '吴九', 'purchase_order', 2, 'PO20240002', 'delete', '取消订单', NULL, NULL, NULL, '192.168.1.160', 'Mozilla/5.0', '2025-11-29 10:36:38', 1),
(10, 5, '赵六', 'inventory', 96, 27, 'update', '审批通过', NULL, NULL, NULL, '192.168.1.171', 'Mozilla/5.0', '2026-01-06 12:14:58', 1),
(11, 8, '吴九', 'sales_order', 18, 'SO20240018', 'cancel', '更新订单状态', NULL, NULL, NULL, '192.168.1.148', 'Mozilla/5.0', '2026-04-18 00:09:54', 1),
(12, 8, '吴九', 'inventory', 382, 104, 'cancel', '创建采购申请', NULL, NULL, NULL, '192.168.1.157', 'Mozilla/5.0', '2026-01-27 16:11:56', 1),
(13, 10, '钱一', 'purchase_request', 7, 'PR20240007', 'update', '审批通过', NULL, NULL, NULL, '192.168.1.147', 'Mozilla/5.0', '2025-10-21 12:26:25', 1),
(14, 10, '钱一', 'purchase_request', 11, 'PR20240011', 'delete', '删除商品', NULL, NULL, NULL, '192.168.1.118', 'Mozilla/5.0', '2026-03-23 05:04:01', 1),
(15, 2, '张三', 'supplier', 3, 'SUP0003', 'update', '审批通过', NULL, NULL, NULL, '192.168.1.175', 'Mozilla/5.0', '2026-01-17 14:43:01', 1),
(16, 2, '张三', 'purchase_order', 7, 'PO20240007', 'cancel', '审批通过', NULL, NULL, NULL, '192.168.1.166', 'Mozilla/5.0', '2026-01-24 10:11:42', 1),
(17, 1, '系统管理员', 'inventory', 259, 70, 'approve', '删除商品', NULL, NULL, NULL, '192.168.1.194', 'Mozilla/5.0', '2025-12-14 11:26:06', 1),
(18, 14, '徐六', 'purchase_order', 1, 'PO20240001', 'delete', '取消订单', NULL, NULL, NULL, '192.168.1.176', 'Mozilla/5.0', '2025-11-17 19:25:24', 1),
(19, 14, '徐六', 'purchase_request', 5, 'PR20240005', 'update', '取消订单', NULL, NULL, NULL, '192.168.1.162', 'Mozilla/5.0', '2025-10-12 13:58:46', 1),
(20, 6, '孙七', 'purchase_order', 6, 'PO20240006', 'approve', '审批通过', NULL, NULL, NULL, '192.168.1.165', 'Mozilla/5.0', '2026-03-24 01:34:29', 1),
(21, 15, '马兰', 'purchase_request', 7, 'PR20240007', 'create', '审批通过', NULL, NULL, NULL, '192.168.1.116', 'Mozilla/5.0', '2026-04-19 09:36:27', 1),
(22, 3, '李四', 'supplier', 12, 'SUP0012', 'create', '更新订单状态', NULL, NULL, NULL, '192.168.1.125', 'Mozilla/5.0', '2025-11-05 17:51:29', 1),
(23, 14, '徐六', 'purchase_request', 1, 'PR20240001', 'approve', '审批通过', NULL, NULL, NULL, '192.168.1.121', 'Mozilla/5.0', '2025-10-17 11:37:33', 1),
(24, 3, '李四', 'supplier', 7, 'SUP0007', 'approve', '创建采购申请', NULL, NULL, NULL, '192.168.1.137', 'Mozilla/5.0', '2026-03-10 00:38:30', 1),
(25, 7, '周八', 'sales_order', 9, 'SO20240009', 'cancel', '删除商品', NULL, NULL, NULL, '192.168.1.178', 'Mozilla/5.0', '2025-12-01 08:44:16', 1),
(26, 10, '钱一', 'purchase_order', 3, 'PO20240003', 'delete', '取消订单', NULL, NULL, NULL, '192.168.1.187', 'Mozilla/5.0', '2026-02-04 06:52:30', 1),
(27, 13, '黄五', 'supplier', 12, 'SUP0012', 'delete', '取消订单', NULL, NULL, NULL, '192.168.1.177', 'Mozilla/5.0', '2026-01-17 02:52:36', 1),
(28, 8, '吴九', 'inventory', 216, 59, 'delete', '更新订单状态', NULL, NULL, NULL, '192.168.1.121', 'Mozilla/5.0', '2025-10-22 15:48:18', 1),
(29, 1, '系统管理员', 'sales_order', 14, 'SO20240014', 'update', '更新订单状态', NULL, NULL, NULL, '192.168.1.160', 'Mozilla/5.0', '2026-03-29 15:39:53', 1),
(30, 1, '系统管理员', 'sales_order', 7, 'SO20240007', 'update', '创建采购申请', NULL, NULL, NULL, '192.168.1.168', 'Mozilla/5.0', '2025-10-28 14:11:43', 1);


-- customer_stat
INSERT INTO customer_stat (id, customer_id, stat_date, total_deal_amount, total_deal_count, month_amount, month_count, last_deal_date, credit_used, updated_at) VALUES
(1, 1, '2025-11-25', 223557, 22, 9004, 20, '2026-04-08', 39958, '2026-04-24 16:35:50'),
(2, 1, '2025-12-25', 132026, 18, 27967, 18, '2026-04-22', 15813, '2026-04-24 16:35:50'),
(3, 1, '2026-01-24', 230857, 90, 5925, 7, '2026-04-02', 19624, '2026-04-24 16:35:50'),
(4, 1, '2026-02-23', 480311, 64, 43303, 10, '2026-04-05', 41927, '2026-04-24 16:35:50'),
(5, 1, '2026-03-25', 452123, 61, 21695, 18, '2026-04-11', 43047, '2026-04-24 16:35:50'),
(6, 1, '2026-04-24', 395698, 35, 10077, 19, '2026-03-29', 7748, '2026-04-24 16:35:50'),
(7, 2, '2025-11-25', 433075, 37, 23349, 6, '2026-04-02', 37940, '2026-04-24 16:35:50'),
(8, 2, '2025-12-25', 103646, 26, 39230, 19, '2026-04-14', 26096, '2026-04-24 16:35:50'),
(9, 2, '2026-01-24', 223099, 83, 43808, 20, '2026-04-02', 49317, '2026-04-24 16:35:50'),
(10, 2, '2026-02-23', 372902, 95, 36025, 7, '2026-03-30', 1175, '2026-04-24 16:35:50'),
(11, 2, '2026-03-25', 460708, 39, 19184, 3, '2026-04-23', 41299, '2026-04-24 16:35:50'),
(12, 2, '2026-04-24', 126803, 28, 15801, 16, '2026-04-21', 1016, '2026-04-24 16:35:50'),
(13, 3, '2025-11-25', 219522, 19, 8420, 5, '2026-04-10', 29815, '2026-04-24 16:35:50'),
(14, 3, '2025-12-25', 273035, 95, 35912, 11, '2026-04-03', 33792, '2026-04-24 16:35:50'),
(15, 3, '2026-01-24', 448462, 25, 20779, 18, '2026-04-06', 25727, '2026-04-24 16:35:50'),
(16, 3, '2026-02-23', 455756, 59, 36095, 12, '2026-04-03', 35208, '2026-04-24 16:35:50'),
(17, 3, '2026-03-25', 216184, 77, 10124, 20, '2026-04-20', 15018, '2026-04-24 16:35:50'),
(18, 3, '2026-04-24', 137092, 91, 23201, 5, '2026-04-20', 29655, '2026-04-24 16:35:50'),
(19, 4, '2025-11-25', 343856, 66, 37118, 9, '2026-04-15', 8880, '2026-04-24 16:35:50'),
(20, 4, '2025-12-25', 342502, 65, 47735, 12, '2026-03-30', 2657, '2026-04-24 16:35:50'),
(21, 4, '2026-01-24', 241725, 69, 48911, 12, '2026-04-17', 28792, '2026-04-24 16:35:50'),
(22, 4, '2026-02-23', 162082, 88, 41686, 7, '2026-04-06', 25523, '2026-04-24 16:35:50'),
(23, 4, '2026-03-25', 143850, 11, 17834, 15, '2026-04-05', 35472, '2026-04-24 16:35:50'),
(24, 4, '2026-04-24', 152177, 10, 43416, 10, '2026-04-04', 7167, '2026-04-24 16:35:50'),
(25, 5, '2025-11-25', 243392, 42, 37951, 1, '2026-04-13', 18893, '2026-04-24 16:35:50'),
(26, 5, '2025-12-25', 67578, 92, 23019, 16, '2026-04-06', 3878, '2026-04-24 16:35:50'),
(27, 5, '2026-01-24', 414641, 100, 21583, 9, '2026-04-14', 4750, '2026-04-24 16:35:50'),
(28, 5, '2026-02-23', 349987, 13, 35854, 20, '2026-04-14', 30784, '2026-04-24 16:35:50'),
(29, 5, '2026-03-25', 307058, 32, 36027, 18, '2026-04-19', 7808, '2026-04-24 16:35:50'),
(30, 5, '2026-04-24', 70024, 57, 6889, 20, '2026-04-22', 47747, '2026-04-24 16:35:50'),
(31, 6, '2025-11-25', 130316, 100, 16593, 5, '2026-03-27', 28497, '2026-04-24 16:35:50'),
(32, 6, '2025-12-25', 487289, 25, 8673, 15, '2026-04-14', 47569, '2026-04-24 16:35:50'),
(33, 6, '2026-01-24', 82676, 50, 11388, 18, '2026-04-02', 13725, '2026-04-24 16:35:50'),
(34, 6, '2026-02-23', 393463, 88, 6092, 11, '2026-04-20', 45039, '2026-04-24 16:35:50'),
(35, 6, '2026-03-25', 494716, 50, 16089, 19, '2026-04-17', 25002, '2026-04-24 16:35:50'),
(36, 6, '2026-04-24', 320711, 11, 48548, 13, '2026-04-07', 44759, '2026-04-24 16:35:50'),
(37, 7, '2025-11-25', 401084, 17, 9256, 7, '2026-04-20', 33867, '2026-04-24 16:35:50'),
(38, 7, '2025-12-25', 127339, 44, 10502, 6, '2026-04-08', 3916, '2026-04-24 16:35:50'),
(39, 7, '2026-01-24', 194454, 87, 18020, 17, '2026-04-07', 12335, '2026-04-24 16:35:50'),
(40, 7, '2026-02-23', 383080, 10, 25392, 9, '2026-04-11', 23982, '2026-04-24 16:35:50'),
(41, 7, '2026-03-25', 111716, 53, 35556, 19, '2026-04-20', 46632, '2026-04-24 16:35:50'),
(42, 7, '2026-04-24', 95138, 82, 35343, 3, '2026-03-28', 6935, '2026-04-24 16:35:50'),
(43, 8, '2025-11-25', 145683, 21, 17167, 11, '2026-04-12', 42066, '2026-04-24 16:35:50'),
(44, 8, '2025-12-25', 60542, 31, 5684, 7, '2026-04-14', 25545, '2026-04-24 16:35:50'),
(45, 8, '2026-01-24', 291355, 20, 21169, 10, '2026-04-20', 45622, '2026-04-24 16:35:50'),
(46, 8, '2026-02-23', 386759, 34, 13698, 10, '2026-03-26', 25858, '2026-04-24 16:35:50'),
(47, 8, '2026-03-25', 420102, 46, 16665, 9, '2026-03-29', 38030, '2026-04-24 16:35:50'),
(48, 8, '2026-04-24', 215434, 62, 19808, 7, '2026-04-02', 14056, '2026-04-24 16:35:50'),
(49, 9, '2025-11-25', 142857, 47, 21997, 15, '2026-04-02', 7056, '2026-04-24 16:35:50'),
(50, 9, '2025-12-25', 306841, 55, 42925, 12, '2026-04-05', 43062, '2026-04-24 16:35:50'),
(51, 9, '2026-01-24', 324225, 67, 46354, 6, '2026-03-26', 39353, '2026-04-24 16:35:50'),
(52, 9, '2026-02-23', 252207, 29, 40255, 19, '2026-03-31', 47018, '2026-04-24 16:35:50'),
(53, 9, '2026-03-25', 277464, 54, 47336, 10, '2026-03-31', 23425, '2026-04-24 16:35:50'),
(54, 9, '2026-04-24', 416820, 74, 41150, 9, '2026-03-27', 34637, '2026-04-24 16:35:50'),
(55, 10, '2025-11-25', 455489, 36, 21922, 7, '2026-04-08', 18094, '2026-04-24 16:35:50'),
(56, 10, '2025-12-25', 66487, 24, 38884, 6, '2026-04-09', 10162, '2026-04-24 16:35:50'),
(57, 10, '2026-01-24', 294971, 85, 26167, 12, '2026-04-12', 25766, '2026-04-24 16:35:50'),
(58, 10, '2026-02-23', 395141, 85, 7218, 11, '2026-04-16', 7855, '2026-04-24 16:35:50'),
(59, 10, '2026-03-25', 380024, 55, 5517, 6, '2026-04-07', 32162, '2026-04-24 16:35:50'),
(60, 10, '2026-04-24', 225485, 53, 47459, 4, '2026-03-30', 24462, '2026-04-24 16:35:50'),
(61, 11, '2025-11-25', 210576, 30, 35594, 18, '2026-03-30', 2425, '2026-04-24 16:35:50'),
(62, 11, '2025-12-25', 280166, 88, 34913, 19, '2026-04-12', 46514, '2026-04-24 16:35:50'),
(63, 11, '2026-01-24', 278048, 61, 36036, 8, '2026-04-02', 48406, '2026-04-24 16:35:50'),
(64, 11, '2026-02-23', 245672, 86, 27143, 16, '2026-04-15', 27289, '2026-04-24 16:35:50'),
(65, 11, '2026-03-25', 207377, 15, 20355, 17, '2026-03-28', 28589, '2026-04-24 16:35:50'),
(66, 11, '2026-04-24', 273291, 44, 42846, 13, '2026-04-12', 2871, '2026-04-24 16:35:50'),
(67, 12, '2025-11-25', 135996, 75, 15904, 10, '2026-04-22', 40115, '2026-04-24 16:35:50'),
(68, 12, '2025-12-25', 415759, 77, 18006, 19, '2026-04-18', 10145, '2026-04-24 16:35:50'),
(69, 12, '2026-01-24', 118100, 94, 26833, 2, '2026-03-27', 21268, '2026-04-24 16:35:50'),
(70, 12, '2026-02-23', 465688, 28, 27682, 15, '2026-04-06', 11835, '2026-04-24 16:35:50'),
(71, 12, '2026-03-25', 291480, 10, 48162, 5, '2026-03-31', 12276, '2026-04-24 16:35:50'),
(72, 12, '2026-04-24', 207958, 49, 10267, 6, '2026-04-01', 14324, '2026-04-24 16:35:50'),
(73, 13, '2025-11-25', 278877, 21, 21038, 5, '2026-04-15', 37395, '2026-04-24 16:35:50'),
(74, 13, '2025-12-25', 493373, 57, 5324, 16, '2026-03-30', 23591, '2026-04-24 16:35:50'),
(75, 13, '2026-01-24', 102383, 70, 41033, 13, '2026-04-16', 14925, '2026-04-24 16:35:50'),
(76, 13, '2026-02-23', 297624, 95, 29660, 15, '2026-04-16', 16908, '2026-04-24 16:35:50'),
(77, 13, '2026-03-25', 450061, 22, 30400, 5, '2026-04-04', 9750, '2026-04-24 16:35:50'),
(78, 13, '2026-04-24', 259654, 51, 23559, 14, '2026-04-13', 26811, '2026-04-24 16:35:50'),
(79, 14, '2025-11-25', 330030, 19, 27732, 16, '2026-04-15', 49524, '2026-04-24 16:35:50'),
(80, 14, '2025-12-25', 357457, 13, 19528, 20, '2026-03-30', 16411, '2026-04-24 16:35:50'),
(81, 14, '2026-01-24', 243531, 56, 27272, 17, '2026-04-20', 1104, '2026-04-24 16:35:50'),
(82, 14, '2026-02-23', 370112, 86, 31095, 3, '2026-04-14', 16078, '2026-04-24 16:35:50'),
(83, 14, '2026-03-25', 122393, 73, 17318, 2, '2026-03-31', 20787, '2026-04-24 16:35:50'),
(84, 14, '2026-04-24', 278275, 21, 27255, 13, '2026-04-14', 12788, '2026-04-24 16:35:50'),
(85, 15, '2025-11-25', 273195, 29, 23675, 10, '2026-04-06', 45254, '2026-04-24 16:35:50'),
(86, 15, '2025-12-25', 480584, 71, 7282, 9, '2026-04-24', 28638, '2026-04-24 16:35:50'),
(87, 15, '2026-01-24', 144119, 30, 31097, 17, '2026-04-20', 7975, '2026-04-24 16:35:50'),
(88, 15, '2026-02-23', 293753, 20, 27694, 4, '2026-04-14', 27507, '2026-04-24 16:35:50'),
(89, 15, '2026-03-25', 471291, 11, 15543, 11, '2026-03-29', 38662, '2026-04-24 16:35:50'),
(90, 15, '2026-04-24', 315798, 59, 49977, 15, '2026-03-25', 32859, '2026-04-24 16:35:50'),
(91, 16, '2025-11-25', 392788, 95, 31326, 14, '2026-04-18', 4572, '2026-04-24 16:35:50'),
(92, 16, '2025-12-25', 208835, 64, 21950, 4, '2026-04-13', 30508, '2026-04-24 16:35:50'),
(93, 16, '2026-01-24', 313224, 57, 36034, 11, '2026-04-21', 36063, '2026-04-24 16:35:50'),
(94, 16, '2026-02-23', 241292, 24, 16720, 14, '2026-04-11', 26131, '2026-04-24 16:35:50'),
(95, 16, '2026-03-25', 403747, 20, 14855, 1, '2026-04-04', 47370, '2026-04-24 16:35:50'),
(96, 16, '2026-04-24', 359410, 43, 17950, 17, '2026-04-20', 41273, '2026-04-24 16:35:50'),
(97, 17, '2025-11-25', 431487, 68, 33500, 2, '2026-04-08', 19462, '2026-04-24 16:35:50'),
(98, 17, '2025-12-25', 70889, 25, 37087, 15, '2026-04-05', 4281, '2026-04-24 16:35:50'),
(99, 17, '2026-01-24', 364220, 97, 29202, 9, '2026-04-07', 23115, '2026-04-24 16:35:50'),
(100, 17, '2026-02-23', 403892, 47, 6542, 18, '2026-04-02', 12713, '2026-04-24 16:35:50'),
(101, 17, '2026-03-25', 203742, 55, 32332, 1, '2026-04-08', 22275, '2026-04-24 16:35:50'),
(102, 17, '2026-04-24', 206071, 91, 7334, 20, '2026-03-28', 24412, '2026-04-24 16:35:50'),
(103, 18, '2025-11-25', 433728, 14, 39817, 13, '2026-04-01', 12484, '2026-04-24 16:35:50'),
(104, 18, '2025-12-25', 94064, 78, 11197, 5, '2026-04-17', 10479, '2026-04-24 16:35:50'),
(105, 18, '2026-01-24', 381832, 73, 33252, 9, '2026-04-05', 31017, '2026-04-24 16:35:50'),
(106, 18, '2026-02-23', 411230, 89, 20997, 17, '2026-04-12', 31042, '2026-04-24 16:35:50'),
(107, 18, '2026-03-25', 71307, 19, 26403, 12, '2026-03-26', 10617, '2026-04-24 16:35:50'),
(108, 18, '2026-04-24', 369476, 91, 11627, 13, '2026-04-10', 48539, '2026-04-24 16:35:50'),
(109, 19, '2025-11-25', 91295, 53, 46729, 10, '2026-04-07', 27262, '2026-04-24 16:35:50'),
(110, 19, '2025-12-25', 61735, 33, 21833, 3, '2026-04-20', 29405, '2026-04-24 16:35:50'),
(111, 19, '2026-01-24', 111040, 34, 42414, 9, '2026-04-03', 41342, '2026-04-24 16:35:50'),
(112, 19, '2026-02-23', 319504, 79, 20974, 2, '2026-04-05', 38574, '2026-04-24 16:35:50'),
(113, 19, '2026-03-25', 297945, 37, 33635, 9, '2026-04-17', 46145, '2026-04-24 16:35:50'),
(114, 19, '2026-04-24', 458058, 33, 23143, 17, '2026-04-15', 3997, '2026-04-24 16:35:50'),
(115, 20, '2025-11-25', 366996, 61, 16879, 10, '2026-04-02', 1331, '2026-04-24 16:35:50'),
(116, 20, '2025-12-25', 263481, 36, 6226, 14, '2026-04-15', 9504, '2026-04-24 16:35:50'),
(117, 20, '2026-01-24', 194057, 44, 35306, 20, '2026-04-19', 42605, '2026-04-24 16:35:50'),
(118, 20, '2026-02-23', 216807, 22, 19504, 8, '2026-03-25', 47465, '2026-04-24 16:35:50'),
(119, 20, '2026-03-25', 220188, 38, 9176, 20, '2026-04-03', 48720, '2026-04-24 16:35:50'),
(120, 20, '2026-04-24', 423310, 87, 35188, 19, '2026-04-07', 42600, '2026-04-24 16:35:50');


-- alert_rule
INSERT INTO alert_rule (id, rule_code, rule_name, rule_type, biz_type, condition_expr, notify_channels, notify_users, notify_roles, advance_days, is_repeat, repeat_interval, status, created_at, updated_at, created_by, updated_by, deleted_at, version, remark) VALUES
(1, 'RULE001', '库存安全预警', 1, 'inventory', '{"field":"available_qty","op":"lt","value":"safety_stock"}', '["email","system"]', '[1,2,3]', '[2,6]', 0, 0, NULL, 1, '2026-04-24 16:35:50', '2026-04-24 16:35:50', 0, 0, NULL, 1, '库存低于安全库存时触发'),
(2, 'RULE002', '合同到期预警', 2, 'supplier_contract', '{"field":"end_date","op":"lte","value":"advance_30d"}', '["email","sms"]', '[1,2]', '[2]', 30, 1, 1440, 1, '2026-04-24 16:35:50', '2026-04-24 16:35:50', 0, 0, NULL, 1, '合同到期前30天预警'),
(3, 'RULE003', '订单超期预警', 3, 'purchase_order', '{"field":"expect_date","op":"lt","value":"today"}', '["system"]', '[5,8]', '[3]', 0, 1, 60, 1, '2026-04-24 16:35:50', '2026-04-24 16:35:50', 0, 0, NULL, 1, '采购订单超期未到货预警'),
(4, 'RULE004', '付款到期预警', 4, 'account_payable', '{"field":"due_date","op":"lte","value":"advance_7d"}', '["email","system"]', '[10,15]', '[7]', 7, 1, 1440, 1, '2026-04-24 16:35:50', '2026-04-24 16:35:50', 0, 0, NULL, 1, '应付单到期前7天预警'),
(5, 'RULE005', '质检异常预警', 5, 'quality_check', '{"field":"check_result","op":"eq","value":"2"}', '["email","sms","system"]', '[1,8]', '[2,8]', 0, 0, NULL, 1, '2026-04-24 16:35:50', '2026-04-24 16:35:50', 0, 0, NULL, 1, '质检部分合格或不合格时触发');


-- notification
INSERT INTO notification (id, rule_id, biz_type, biz_id, biz_no, title, content, notify_type, receiver_id, receiver_name, is_read, read_time, send_time, status, created_at) VALUES
(1, 5, '{"field":"check_result","op":"eq","value":"2"}', 5, 'ZJ20240003', '质检异常', '质检异常: 业务单号 ZJ20240003 需要关注', 2, 8, '吴九', 0, NULL, '2026-04-24 16:35:50', 1, '2026-04-24 16:35:50'),
(2, 3, '{"field":"expect_date","op":"lt","value":"today"}', 5, 'ZJ20240003', '订单超期', '订单超期: 业务单号 ZJ20240003 需要关注', 2, 14, '徐六', 1, '2026-03-26 05:15:28', '2026-04-24 16:35:50', 1, '2026-04-24 16:35:50'),
(3, 4, '{"field":"due_date","op":"lte","value":"advance_7d"}', 17, 'ZJ20240007', '付款提醒', '付款提醒: 业务单号 ZJ20240007 需要关注', 1, 9, '郑十', 0, NULL, '2026-04-24 16:35:50', 1, '2026-04-24 16:35:50'),
(4, 4, '{"field":"due_date","op":"lte","value":"advance_7d"}', 5, 'ZJ20240003', '付款提醒', '付款提醒: 业务单号 ZJ20240003 需要关注', 1, 11, '孙二', 0, NULL, '2026-04-24 16:35:50', 1, '2026-04-24 16:35:50'),
(5, 4, '{"field":"due_date","op":"lte","value":"advance_7d"}', 11, 'ZJ20240005', '订单超期', '订单超期: 业务单号 ZJ20240005 需要关注', 1, 4, '王五', 1, '2026-02-24 15:42:08', '2026-04-24 16:35:50', 1, '2026-04-24 16:35:50'),
(6, 3, '{"field":"expect_date","op":"lt","value":"today"}', 17, 'ZJ20240007', '订单超期', '订单超期: 业务单号 ZJ20240007 需要关注', 2, 11, '孙二', 1, '2026-04-18 22:48:59', '2026-04-24 16:35:50', 1, '2026-04-24 16:35:50'),
(7, 2, '{"field":"end_date","op":"lte","value":"advance_30d"}', 11, 'ZJ20240005', '质检异常', '质检异常: 业务单号 ZJ20240005 需要关注', 1, 10, '钱一', 1, '2026-01-30 21:31:05', '2026-04-24 16:35:50', 1, '2026-04-24 16:35:50'),
(8, 4, '{"field":"due_date","op":"lte","value":"advance_7d"}', 17, 'ZJ20240007', '库存预警', '库存预警: 业务单号 ZJ20240007 需要关注', 2, 9, '郑十', 1, '2026-03-10 02:43:46', '2026-04-24 16:35:50', 1, '2026-04-24 16:35:50'),
(9, 4, '{"field":"due_date","op":"lte","value":"advance_7d"}', 11, 'ZJ20240005', '合同即将到期', '合同即将到期: 业务单号 ZJ20240005 需要关注', 2, 10, '钱一', 0, NULL, '2026-04-24 16:35:50', 1, '2026-04-24 16:35:50'),
(10, 1, '{"field":"available_qty","op":"lt","value":"safety_stock"}', 8, 'ZJ20240004', '合同即将到期', '合同即将到期: 业务单号 ZJ20240004 需要关注', 1, 2, '张三', 1, '2026-03-21 00:09:23', '2026-04-24 16:35:50', 1, '2026-04-24 16:35:50'),
(11, 2, '{"field":"end_date","op":"lte","value":"advance_30d"}', 17, 'ZJ20240007', '付款提醒', '付款提醒: 业务单号 ZJ20240007 需要关注', 3, 7, '周八', 1, '2026-03-13 09:47:48', '2026-04-24 16:35:50', 1, '2026-04-24 16:35:50'),
(12, 4, '{"field":"due_date","op":"lte","value":"advance_7d"}', 11, 'ZJ20240005', '订单超期', '订单超期: 业务单号 ZJ20240005 需要关注', 2, 13, '黄五', 1, '2026-04-04 04:17:06', '2026-04-24 16:35:50', 1, '2026-04-24 16:35:50'),
(13, 3, '{"field":"expect_date","op":"lt","value":"today"}', 11, 'ZJ20240005', '质检异常', '质检异常: 业务单号 ZJ20240005 需要关注', 3, 7, '周八', 0, NULL, '2026-04-24 16:35:50', 1, '2026-04-24 16:35:50'),
(14, 4, '{"field":"due_date","op":"lte","value":"advance_7d"}', 8, 'ZJ20240004', '付款提醒', '付款提醒: 业务单号 ZJ20240004 需要关注', 2, 14, '徐六', 1, '2026-03-25 05:04:28', '2026-04-24 16:35:50', 1, '2026-04-24 16:35:50'),
(15, 2, '{"field":"end_date","op":"lte","value":"advance_30d"}', 8, 'ZJ20240004', '订单超期', '订单超期: 业务单号 ZJ20240004 需要关注', 1, 9, '郑十', 1, '2026-01-24 14:06:02', '2026-04-24 16:35:50', 1, '2026-04-24 16:35:50'),
(16, 2, '{"field":"end_date","op":"lte","value":"advance_30d"}', 14, 'ZJ20240006', '库存预警', '库存预警: 业务单号 ZJ20240006 需要关注', 2, 10, '钱一', 1, '2026-02-02 11:19:11', '2026-04-24 16:35:50', 1, '2026-04-24 16:35:50'),
(17, 4, '{"field":"due_date","op":"lte","value":"advance_7d"}', 3, 'ZJ20240002', '库存预警', '库存预警: 业务单号 ZJ20240002 需要关注', 3, 4, '王五', 0, NULL, '2026-04-24 16:35:50', 1, '2026-04-24 16:35:50'),
(18, 5, '{"field":"check_result","op":"eq","value":"2"}', 11, 'ZJ20240005', '质检异常', '质检异常: 业务单号 ZJ20240005 需要关注', 1, 10, '钱一', 1, '2026-04-20 06:11:06', '2026-04-24 16:35:50', 1, '2026-04-24 16:35:50'),
(19, 3, '{"field":"expect_date","op":"lt","value":"today"}', 11, 'ZJ20240005', '合同即将到期', '合同即将到期: 业务单号 ZJ20240005 需要关注', 1, 10, '钱一', 1, '2026-04-07 00:39:47', '2026-04-24 16:35:50', 1, '2026-04-24 16:35:50'),
(20, 3, '{"field":"expect_date","op":"lt","value":"today"}', 1, 'ZJ20240001', '质检异常', '质检异常: 业务单号 ZJ20240001 需要关注', 3, 7, '周八', 0, NULL, '2026-04-24 16:35:50', 1, '2026-04-24 16:35:50');


SET FOREIGN_KEY_CHECKS = 1;
